{
  "train_metrics": {
    "train_total_loss": [
      -23335.12332661748,
      -11177490.21265625,
      -523326405.96
    ],
    "train_mbr": [
      -17134.71694459617,
      -8396480.20671875,
      -412724695.48
    ],
    "train_mac": [
      -0.6690131437778473,
      -0.6704256170988083,
      -0.6576997727155686
    ],
    "train_align": [
      2.4415165472030638,
      2.417850365638733,
      2.479334511756897
    ],
    "train_ci": [
      -264.37432881552724,
      -157366.343482666,
      -4649549.915
    ],
    "train_mbr_mi_zm_y": [
      2.014357136487961,
      1.9062386643886566,
      2.0342000877857207
    ],
    "train_mbr_cmi_zt_y_zm": [
      -17136.73136646904,
      -8396482.13890625,
      -412724695.72
    ]
  },
  "val_metrics": {
    "val_total_loss": [
      -168387.35516826922,
      -40154862.307692304,
      -1572701174.1538463
    ],
    "val_mbr": [
      -136024.99579326922,
      -32546696.307692308,
      -1289049496.6153846
    ],
    "val_mac": [
      0.6715012613080469,
      0.6519072961066511,
      0.6445532575300869
    ],
    "val_align": [
      2.0353507812206564,
      2.0908871797414927,
      2.1394342550864587
    ],
    "val_ci": [
      -2579.0449500450723,
      -549413.25,
      -12920859.692307692
    ],
    "val_mbr_mi_zm_y": [
      1.7099373157207782,
      1.8251848771021917,
      1.9686073890099158
    ],
    "val_mbr_cmi_zt_y_zm": [
      -136026.70492788462,
      -32546697.53846154,
      -1289049496.6153846
    ],
    "val_cip": [
      0.0,
      0.0,
      0.0
    ],
    "val_csi": [
      0.25,
      0.5,
      1.0
    ],
    "val_csi_structure_preference_rf": [
      -0.0999477238993578,
      -0.118257073114902,
      -0.10648349881571598
    ],
    "val_csi_r2_mediated_rf": [
      0.049128982071842124,
      0.1387547157171727,
      0.1779663399003236
    ],
    "val_csi_r2_direct_rf": [
      0.14907670597119993,
      0.2570117888320747,
      0.28444983871603957
    ],
    "val_csi_r2_m_only_rf": [
      0.9504800783039365,
      0.9795300445684223,
      0.9916678571040157
    ],
    "val_csi_r2_perm_rf": [
      0.10825265977721232,
      0.14685868941438388,
      0.10717987386528598
    ],
    "val_csi_csi_score_linear": [
      0.75,
      1.0,
      1.0
    ],
    "val_csi_structure_preference_linear": [
      0.028180430332819584,
      -0.023926660418510437,
      -0.01370003322760266
    ],
    "val_csi_r2_mediated_linear": [
      -0.681954820950826,
      -0.4463631212711334,
      -0.3305176682770252
    ],
    "val_csi_r2_direct_linear": [
      -0.7101352512836456,
      -0.422436460852623,
      -0.31681763504942256
    ],
    "val_csi_r2_m_only_linear": [
      0.9312120079994202,
      0.9709503451983134,
      0.9869824647903442
    ],
    "val_csi_r2_perm_linear": [
      -0.6835909088452657,
      -0.4621059811777539,
      -0.36448185808128786
    ],
    "val_mbri": [
      0.6001771636002565,
      0.5883066645295987,
      0.6108375314972816
    ],
    "val_ric_score": [
      0.4222112858846792,
      0.4261683534908871,
      0.43414801318054613
    ],
    "val_ric_treatment": [
      0.6077382769725634,
      0.6102455369699024,
      0.6151979807272286
    ],
    "val_ric_mediator": [
      0.347354636546366,
      0.3569807775166363,
      0.37871874591599114
    ],
    "val_ric_outcome": [
      0.3115409441351083,
      0.31127874598612254,
      0.30852731289841845
    ],
    "val_ric_components": [
      3,
      3,
      3
    ],
    "val_psr": [
      -0.3556465423751463,
      -0.3556465423751463,
      -0.3556465423751463
    ],
    "val_psr_interaction": [
      -0.1705506703801447,
      -0.1705506703801447,
      -0.1705506703801447
    ],
    "val_mni": [
      1.0,
      1.0,
      1.0
    ],
    "val_mni_conditional": [
      0.0,
      0.0,
      0.0
    ],
    "val_y_gate_mean": [
      0.5330013632774353,
      0.540162205696106,
      0.5462568402290344
    ],
    "val_y_gate_std": [
      0.12636880576610565,
      0.1521635502576828,
      0.17576444149017334
    ],
    "val_struct_score": [
      0.3697490240596909,
      0.40153368167885584,
      0.4762703228332526
    ]
  },
  "best_metric": -1572701174.1538463,
  "total_steps": 300,
  "total_epochs": 3
}