{
  "train_metrics": {
    "train_total_loss": [
      -4.7168627917766575,
      -5191311.591946106,
      -902717454.08
    ],
    "train_mac": [
      -0.7295275875926017,
      -0.6426727932691574,
      -0.5606079643964768
    ],
    "train_align": [
      2.349399116039276,
      2.4958494448661805,
      2.7595766401290893
    ],
    "train_ci": [
      -4.042901195734739,
      -1690252.408152771,
      -269605154.62
    ]
  },
  "val_metrics": {
    "val_total_loss": [
      -185.43569837297713,
      -2657985.863839286,
      -1857844365.7142856
    ],
    "val_mac": [
      0.6563609310118764,
      0.5317503617352117,
      0.5893865516626393
    ],
    "val_align": [
      1.924129571233477,
      2.179425529071263,
      2.6347056542124068
    ],
    "val_ci": [
      -186.758610861642,
      -2657987.520089286,
      -1857844365.7142856
    ],
    "val_cip": [
      0.0,
      1.0,
      1.0
    ],
    "val_csi": [
      0.25,
      1.0,
      1.0
    ],
    "val_csi_structure_preference_rf": [
      -0.08017518663902182,
      0.07847747974752536,
      -0.004787395204222833
    ],
    "val_csi_r2_mediated_rf": [
      -0.059013699629673365,
      0.17941817069892488,
      0.26563124792596055
    ],
    "val_csi_r2_direct_rf": [
      0.02116148700934845,
      0.10094069095139951,
      0.2704186431301834
    ],
    "val_csi_r2_m_only_rf": [
      0.7527382347009702,
      0.9173630206888155,
      0.9953321545278491
    ],
    "val_csi_r2_perm_rf": [
      -0.01582420541594728,
      -0.22493297080983207,
      -0.45582760266357364
    ],
    "val_csi_csi_score_linear": [
      0.75,
      1.0,
      1.0
    ],
    "val_csi_structure_preference_linear": [
      -184.87898349761957,
      4.6131299336751255,
      2.947980880737303
    ],
    "val_csi_r2_mediated_linear": [
      -527.3277851740519,
      -65.18341128031413,
      -13.934210141499838
    ],
    "val_csi_r2_direct_linear": [
      -342.4488016764323,
      -69.79654121398926,
      -16.88219102223714
    ],
    "val_csi_r2_m_only_linear": [
      -5.697088400522868,
      -6.385159174601237,
      0.9497400919596354
    ],
    "val_csi_r2_perm_linear": [
      -1163.415017551846,
      -110.22384664747449,
      -37.2594551510281
    ],
    "val_mbri": [
      0.5564609229749422,
      0.4607141067249528,
      0.5405125654748626
    ],
    "val_ric_score": [
      0.4512148475607552,
      0.4213868836261032,
      0.43875850692613066
    ],
    "val_ric_treatment": [
      0.5803562034671005,
      0.578724434956051,
      0.5764398440522185
    ],
    "val_ric_mediator": [
      0.4003473130901653,
      0.33085935878971334,
      0.41993197203728383
    ],
    "val_ric_outcome": [
      0.37294102612499996,
      0.35457685713254533,
      0.31990370468888973
    ],
    "val_ric_components": [
      3,
      3,
      3
    ],
    "val_psr": [
      0.0398845537056519,
      0.0398845537056519,
      0.0398845537056519
    ],
    "val_psr_interaction": [
      0.021744771091878334,
      0.021744771091878334,
      0.021744771091878334
    ],
    "val_mni": [
      1.0,
      1.0,
      1.0
    ],
    "val_mni_conditional": [
      0.0,
      0.0,
      0.0
    ],
    "val_y_gate_mean": [
      0.48765820264816284,
      0.49103137850761414,
      0.48364561796188354
    ],
    "val_y_gate_std": [
      0.10489246994256973,
      0.12801583111286163,
      0.24184778332710266
    ],
    "val_struct_score": [
      0.4219887507504608,
      0.6362479865417028,
      0.658363168252755
    ]
  },
  "best_metric": -1857844365.7142856,
  "total_steps": 150,
  "total_epochs": 3
}