{
  "scenario": "IM",
  "metrics": {
    "CIP": {
      "cip_score": 0.0,
      "p_value": 0.03954365280040052,
      "correlation": 0.14569249749183655,
      "n_samples": 200
    },
    "CSI": {
      "csi_score": 0.75,
      "csi_score_rf": 0.75,
      "r2_mediated_rf": -0.16375385838024079,
      "r2_direct_rf": 0.054838721921882515,
      "r2_m_only_rf": 0.9985783193712839,
      "structure_preference_rf": -0.2185925803021233,
      "r2_perm_rf": -0.12302280784706833,
      "csi_score_linear": 0.5,
      "r2_mediated_linear": -1.4059272209803264,
      "r2_direct_linear": -1.5015958175063133,
      "r2_m_only_linear": 0.9978511929512024,
      "structure_preference_linear": 0.09566859652598692,
      "r2_perm_linear": -1.1402101210421984,
      "features_T": 64,
      "features_M": 64,
      "features_Y": 64,
      "n_samples": 200,
      "cv_splits": 3,
      "perm_samples": 3
    },
    "MBRI": {
      "mbri_score": 0.6294895746342027,
      "mi_m_y": 0.42769078648432723,
      "mi_t_y": 0.25173393701163077,
      "boundary_strength": 1.6989793850273471
    },
    "MAC": {
      "mac_score": 0.550900282184581,
      "correlation": 0.550900282184581,
      "p_value": 0.0,
      "n_pairs": 19900
    },
    "RIC": {
      "treatment": 0.6023497994785018,
      "mi_treatment": 1.4102358199443867,
      "h_treatment": 2.341224011598963,
      "mediator": 0.33350091681144817,
      "mi_mediator": 0.7544396135470269,
      "h_mediator": 2.2621815178953653,
      "outcome": 0.30584605254593367,
      "mi_outcome": 0.6949375303604588,
      "h_outcome": 2.272180796571271,
      "ric_score": 0.4138989229452945,
      "ric_components": 3
    },
    "PSR": {
      "psr_score": -0.2818994985420421,
      "interaction_information": -0.1404456705045094,
      "mi_t_y": 0.4982118493678822,
      "h_t": 2.341224011598963,
      "h_m": 2.2621815178953653,
      "h_y": 2.272180796571271
    },
    "MNI": {
      "mni_score": 1.0,
      "mi_total": 0.09089014387260735,
      "mi_conditional": 0.0,
      "mi_joint": 0.5597225150467999,
      "mi_mediator": 1.0285549210982246
    }
  },
  "summary": {
    "main_scores": {
      "CIP": 0.0,
      "CSI": 0.75,
      "MBRI": 0.6294895746342027,
      "MAC": 0.550900282184581,
      "RIC": 0.4138989229452945,
      "PSR": -0.2818994985420421,
      "MNI": 1.0
    },
    "overall_score": 0.4374841830317195,
    "representation_quality": {
      "z_T": {
        "mean_norm": 5.3237624168396,
        "std_norm": 3.285233736038208,
        "mean_activation": 0.001534676062874496,
        "std_activation": 0.7819752097129822
      },
      "z_M": {
        "mean_norm": 28.387367248535156,
        "std_norm": 52.742149353027344,
        "mean_activation": -0.4637291729450226,
        "std_activation": 7.472672939300537
      },
      "z_Y": {
        "mean_norm": 6.67257833480835,
        "std_norm": 12.163975715637207,
        "mean_activation": 0.2823948562145233,
        "std_activation": 1.7110933065414429
      }
    }
  },
  "representation_shapes": {
    "z_T": [
      200,
      64
    ],
    "z_M": [
      200,
      64
    ],
    "z_Y": [
      200,
      64
    ],
    "T": [
      200
    ],
    "M": [
      200
    ],
    "Y_star": [
      200
    ],
    "a_M": [
      200
    ],
    "a_Y": [
      200
    ],
    "b_style": [
      200
    ],
    "subject_id": [
      200
    ],
    "scenario": [
      200
    ]
  },
  "n_samples": 200
}