{
  "train_metrics": {
    "train_total_loss": [
      -54489.976345058974,
      -213140453.6646875,
      -21062033845.76
    ],
    "train_mac": [
      -0.7253594788163901,
      -0.6237728488445282,
      -0.5872790342569352
    ],
    "train_align": [
      2.3326019513607026,
      2.675764479637146,
      2.8117990374565123
    ],
    "train_ci": [
      -50887.0110881925,
      -220739546.8146875,
      -27111966284.8
    ]
  },
  "val_metrics": {
    "val_total_loss": [
      -293812.07692307694,
      -1139834838.1538463,
      -90687428923.07692
    ],
    "val_mac": [
      0.6039469370054442,
      0.583975262844945,
      0.5484360924284015
    ],
    "val_align": [
      2.080525673352755,
      2.4760236740112305,
      2.425478073266836
    ],
    "val_ci": [
      -293813.484375,
      -1139834838.1538463,
      -90687428923.07692
    ],
    "val_cip": [
      1.0,
      1.0,
      1.0
    ],
    "val_csi": [
      0.5,
      1.0,
      1.0
    ],
    "val_csi_structure_preference_rf": [
      -0.08624531358840976,
      -0.15971641691211513,
      -0.21233934895533502
    ],
    "val_csi_r2_mediated_rf": [
      0.12681655533414968,
      0.1049819898842506,
      -0.017134837362919618
    ],
    "val_csi_r2_direct_rf": [
      0.21306186892255943,
      0.26469840679636575,
      0.1952045115924154
    ],
    "val_csi_r2_m_only_rf": [
      0.9151435363517798,
      0.9962308661603565,
      0.9973390345204711
    ],
    "val_csi_r2_perm_rf": [
      0.14979666183439402,
      -0.015117285109892797,
      -0.15628725250057615
    ],
    "val_csi_csi_score_linear": [
      0.5,
      1.0,
      0.25
    ],
    "val_csi_structure_preference_linear": [
      -0.008223663394649833,
      -0.1943275978167851,
      0.02824375281731273
    ],
    "val_csi_r2_mediated_linear": [
      -0.18807683000341058,
      -0.9690897713104883,
      -2.3430624902248383
    ],
    "val_csi_r2_direct_linear": [
      -0.17985316660876075,
      -0.7747621734937032,
      -2.371306243042151
    ],
    "val_csi_r2_m_only_linear": [
      0.8652956485748291,
      0.9911590615908304,
      0.9975544015566508
    ],
    "val_csi_r2_perm_linear": [
      -0.18458107010357913,
      -1.0872927092843583,
      -1.1515650591916509
    ],
    "val_mbri": [
      0.6146298304478741,
      0.635712981554819,
      0.6027263605588321
    ],
    "val_ric_score": [
      0.4340242068163942,
      0.43610336018119433,
      0.42123390351438594
    ],
    "val_ric_treatment": [
      0.6128098254425679,
      0.6134947036697,
      0.6174495510864814
    ],
    "val_ric_mediator": [
      0.36090622470482636,
      0.3747625942741594,
      0.34422841337337
    ],
    "val_ric_outcome": [
      0.3283565703017883,
      0.32005278259972353,
      0.3020237460833064
    ],
    "val_ric_components": [
      3,
      3,
      3
    ],
    "val_psr": [
      -0.6571334195002488,
      -0.6571334195002488,
      -0.6571334195002488
    ],
    "val_psr_interaction": [
      -0.30597687054705514,
      -0.30597687054705514,
      -0.30597687054705514
    ],
    "val_mni": [
      1.0,
      1.0,
      1.0
    ],
    "val_mni_conditional": [
      0.0,
      0.0,
      0.0
    ],
    "val_y_gate_mean": [
      0.4866843521595001,
      0.4841989278793335,
      0.4832250475883484
    ],
    "val_y_gate_std": [
      0.12730200588703156,
      0.21806031465530396,
      0.23848837614059448
    ],
    "val_struct_score": [
      0.4993525078242091,
      0.5712368835829585,
      0.5593232767144816
    ]
  },
  "best_metric": -90687428923.07692,
  "total_steps": 300,
  "total_epochs": 3
}