{
  "train_metrics": {
    "train_total_loss": [
      -178575199.19939962,
      -317062506420.736,
      -36004844050841.6,
      -1548237724622782.5,
      -3.4473881705547564e+16,
      -3.770794232846714e+17,
      -2.3627571673160945e+18,
      -8.28993810772348e+18,
      -1.0077590842621903e+19,
      -1.0085325308788982e+19
    ],
    "train_mac": [
      -0.6455886448025704,
      -0.5669620152115822,
      -0.5608709934353828,
      -0.5615693583488465,
      -0.5539024245738983,
      -0.5470701875686645,
      -0.552396158337593,
      -0.559596507370472,
      -0.5540367895960808,
      -0.5623028630018234
    ],
    "train_align": [
      2.739593806743622,
      2.9387134704589846,
      3.0658067722320554,
      3.3844957313537596,
      3.578797707557678,
      3.59636515045166,
      3.5735599002838137,
      3.600540369987488,
      3.6108240537643432,
      3.6194881496429443
    ],
    "train_ci": [
      -53333184.943016276,
      -94693733362.176,
      -10753189117165.568,
      -462395921892638.75,
      -1.0295952669201662e+16,
      -1.1261835658102046e+17,
      -7.0565990262111e+17,
      -2.4758688699455447e+18,
      -3.009768360017817e+18,
      -3.01207833609124e+18
    ]
  },
  "val_metrics": {
    "val_total_loss": [
      -581587327.875,
      -606545672192.0,
      -41089405554688.0,
      -1455614456102912.0,
      -3.0982604696059904e+16,
      -4.56130662139691e+17,
      -1.1934586816859996e+18,
      -2.952378443242668e+18,
      -2.7997774931275284e+18,
      -3.221701999158362e+18
    ],
    "val_mac": [
      0.611367040302581,
      0.5859530171897621,
      0.5608948996906341,
      0.5521835929143646,
      0.5405941700671558,
      0.5586672092786987,
      0.5527209124854442,
      0.5524344724803738,
      0.5610347375301903,
      0.5757500662172453
    ],
    "val_align": [
      2.697863906621933,
      3.0859758406877518,
      2.717244654893875,
      3.314771458506584,
      3.6744523346424103,
      3.6106862872838974,
      3.4391443133354187,
      3.4993802532553673,
      3.4415959529578686,
      3.4574942514300346
    ],
    "val_ci": [
      -581587328.0,
      -606545672192.0,
      -41089405554688.0,
      -1455614456102912.0,
      -3.0982604696059904e+16,
      -4.56130662139691e+17,
      -1.1934586816859996e+18,
      -2.952378443242668e+18,
      -2.7997774931275284e+18,
      -3.221701999158362e+18
    ],
    "val_cip": [
      1.0,
      1.0,
      1.0,
      1.0,
      1.0,
      1.0,
      0.0,
      0.0,
      0.0,
      0.0
    ],
    "val_csi": [
      1.0,
      1.0,
      1.0,
      1.0,
      1.0,
      1.0,
      1.0,
      1.0,
      1.0,
      1.0
    ],
    "val_csi_structure_preference_rf": [
      -0.14691210523527218,
      -0.13673389102039646,
      -0.181165281581758,
      -0.1938397717922771,
      -0.22127562147486649,
      -0.14426957381489386,
      -0.21245081960326145,
      -0.14512660043871067,
      -0.17402010273350776,
      -0.16026262383098644
    ],
    "val_csi_r2_mediated_rf": [
      0.025634838309262515,
      0.03614026687325314,
      0.014953971608634634,
      -0.004012391121020198,
      -0.06053911696368042,
      0.03719926220357176,
      -0.03037974612294216,
      0.009328800130862763,
      0.02481248047856773,
      0.05396375762612096
    ],
    "val_csi_r2_direct_rf": [
      0.1725469435445347,
      0.1728741578936496,
      0.1961192531903926,
      0.1898273806712569,
      0.16073650451118607,
      0.1814688360184656,
      0.18207107348031928,
      0.15445540056957344,
      0.1988325832120755,
      0.2142263814571074
    ],
    "val_csi_r2_m_only_rf": [
      0.9977482178652434,
      0.9995171229653703,
      0.99968231706442,
      0.9997502439377599,
      0.9997383957340956,
      0.9997977144264224,
      0.9997998592321697,
      0.9997632610160275,
      0.9997788545224155,
      0.9997836837230901
    ],
    "val_csi_r2_perm_rf": [
      -0.07221394203702226,
      -0.047115963857691893,
      -0.18528394072582652,
      -0.1718452278240267,
      -0.14757048613985888,
      -0.2362603839229069,
      -0.3349798314381187,
      -0.25969939880675647,
      -0.3106165430102626,
      -0.3081003336384475
    ],
    "val_csi_csi_score_linear": [
      1.0,
      1.0,
      0.75,
      0.25,
      0.25,
      0.25,
      0.25,
      0.25,
      0.25,
      0.25
    ],
    "val_csi_structure_preference_linear": [
      0.0010587672392526892,
      0.0018775711456934796,
      0.0004521509011586322,
      -4.967053731264048e-06,
      -0.0008334169785181311,
      -0.0002590864896774292,
      -0.0009424289067586078,
      -0.0003702118992805481,
      3.750125567114626e-05,
      8.579591910040651e-05
    ],
    "val_csi_r2_mediated_linear": [
      0.2795340617497762,
      0.2864542827010155,
      0.3314023017883301,
      0.2973038653532664,
      0.31633753577868146,
      0.25789618740479153,
      0.3088315576314926,
      0.2983838866154353,
      0.33316150804360706,
      0.2936265816291173
    ],
    "val_csi_r2_direct_linear": [
      0.2784752945105235,
      0.284576711555322,
      0.33095015088717145,
      0.2973088324069977,
      0.3171709527571996,
      0.25815527389446896,
      0.3097739865382512,
      0.29875409851471585,
      0.3331240067879359,
      0.2935407857100169
    ],
    "val_csi_r2_m_only_linear": [
      0.9968271652857462,
      0.9991649389266968,
      0.9992987910906473,
      0.9998340010643005,
      0.999835471312205,
      0.9999528527259827,
      0.9999512235323588,
      0.9999065001805624,
      0.9999159574508667,
      0.999890923500061
    ],
    "val_csi_r2_perm_linear": [
      0.23342061787843704,
      0.24807009680403605,
      0.3327057957649231,
      0.352275656329261,
      0.3596440040402942,
      0.3671150505542755,
      0.38313294781578916,
      0.34402453568246627,
      0.3754061460494995,
      0.383082025580936
    ],
    "val_mbri": [
      0.7815957257299997,
      0.7939441701760466,
      0.7689978421449222,
      0.7802321965909661,
      0.7699891076382295,
      0.7758808044798247,
      0.7525317491047141,
      0.7602638479513432,
      0.7685593509255483,
      0.7867054804630512
    ],
    "val_ric_score": [
      0.4357737164259252,
      0.418020584020044,
      0.40696481433269777,
      0.4030868663334835,
      0.400049765010892,
      0.420097526538227,
      0.40166656168130593,
      0.4097250591095767,
      0.41115229691123845,
      0.42427696035075485
    ],
    "val_ric_treatment": [
      0.6018134304415018,
      0.5954025382787916,
      0.5956480500993682,
      0.5870911017753561,
      0.593444513063715,
      0.5912821629499083,
      0.5977940853973327,
      0.5974481649542186,
      0.5986160186451385,
      0.5959515258094629
    ],
    "val_ric_mediator": [
      0.3937411461523873,
      0.36676145285810796,
      0.32543587682033903,
      0.32948146883699003,
      0.32354987931569124,
      0.360810656186765,
      0.32591243201575487,
      0.3438223883389631,
      0.34917003832666016,
      0.3800413296361156
    ],
    "val_ric_outcome": [
      0.31176657268388647,
      0.29189776092323255,
      0.299810516078386,
      0.29268802838810437,
      0.28315490265326965,
      0.30819976047800773,
      0.28129316763083007,
      0.28790462403554823,
      0.2856708337619167,
      0.2968380256066861
    ],
    "val_ric_components": [
      3,
      3,
      3,
      3,
      3,
      3,
      3,
      3,
      3,
      3
    ],
    "val_psr": [
      -0.2786589073263166,
      -0.2786589073263166,
      -0.2786589073263166,
      -0.2786589073263166,
      -0.2786589073263166,
      -0.2786589073263166,
      -0.2786589073263166,
      -0.2786589073263166,
      -0.2786589073263166,
      -0.2786589073263166
    ],