{
  "train_metrics": {
    "train_total_loss": [
      -5.367857930660247,
      -5299110.191979065,
      -875457910.88
    ],
    "train_mac": [
      -0.7223771378397942,
      -0.6324570250511169,
      -0.5472109985351562
    ],
    "train_align": [
      2.3649484133720398,
      2.5174659943580626,
      2.806433844566345
    ],
    "train_ci": [
      -4.408548301756382,
      -1706989.4940992736,
      -261463831.92
    ]
  },
  "val_metrics": {
    "val_total_loss": [
      -224.1308811732701,
      -2523567.370535714,
      -1509654651.4285715
    ],
    "val_mac": [
      0.650761270719008,
      0.5069245155674107,
      0.5653403478789671
    ],
    "val_align": [
      1.9009189094815935,
      2.103971481323242,
      2.4614702803747996
    ],
    "val_ci": [
      -225.44014249529158,
      -2523568.995535714,
      -1509654651.4285715
    ],
    "val_cip": [
      0.0,
      1.0,
      1.0
    ],
    "val_csi": [
      0.25,
      0.75,
      1.0
    ],
    "val_csi_structure_preference_rf": [
      -0.08500736097807485,
      -0.061855619338195014,
      -0.1967018731596415
    ],
    "val_csi_r2_mediated_rf": [
      -0.11014912576883427,
      -0.07905214205335905,
      0.0008634468341723137
    ],
    "val_csi_r2_direct_rf": [
      -0.025141764790759424,
      -0.017196522715164034,
      0.1975653199938138
    ],
    "val_csi_r2_m_only_rf": [
      0.7544277436620471,
      0.8982143062548685,
      0.993014700364027
    ],
    "val_csi_r2_perm_rf": [
      -0.0014995139415215745,
      -0.14816775609755695,
      -0.472320078783204
    ],
    "val_csi_csi_score_linear": [
      0.25,
      0.75,
      1.0
    ],
    "val_csi_structure_preference_linear": [
      -33.021418253580805,
      -12.52476978302002,
      0.3681227366129569
    ],
    "val_csi_r2_mediated_linear": [
      -698.5161221822103,
      -66.85120296478271,
      -21.87468369801839
    ],
    "val_csi_r2_direct_linear": [
      -665.4947039286295,
      -54.326433181762695,
      -22.242806434631348
    ],
    "val_csi_r2_m_only_linear": [
      -37.83655460675558,
      -9.671295483907064,
      0.9559196432431539
    ],
    "val_csi_r2_perm_linear": [
      -609.6409551832411,
      -84.56188403235542,
      -32.6340807278951
    ],
    "val_mbri": [
      0.5257284452791549,
      0.4670688291283611,
      0.5148793117824111
    ],
    "val_ric_score": [
      0.44625897318100094,
      0.4129895900610665,
      0.4319248233033057
    ],
    "val_ric_treatment": [
      0.5801428949724224,
      0.5727657956539022,
      0.5640727733500965
    ],
    "val_ric_mediator": [
      0.39098673373737297,
      0.3166642625208874,
      0.41210210232566885
    ],
    "val_ric_outcome": [
      0.3676472908332074,
      0.3495387120084099,
      0.3195995942341519
    ],
    "val_ric_components": [
      3,
      3,
      3
    ],
    "val_psr": [
      0.15094841051924698,
      0.15094841051924698,
      0.15094841051924698
    ],
    "val_psr_interaction": [
      0.0908195760489301,
      0.0908195760489301,
      0.0908195760489301
    ],
    "val_mni": [
      1.0,
      1.0,
      1.0
    ],
    "val_mni_conditional": [
      0.0,
      0.0,
      0.0
    ],
    "val_y_gate_mean": [
      0.48727959394454956,
      0.4902995228767395,
      0.48311060667037964
    ],
    "val_y_gate_std": [
      0.10589712858200073,
      0.12489717453718185,
      0.2335631251335144
    ],
    "val_struct_score": [
      0.4319567285283444,
      0.6125616207537264,
      0.6661561276405615
    ]
  },
  "best_metric": -1509654651.4285715,
  "total_steps": 150,
  "total_epochs": 3
}