{
  "train_metrics": {
    "train_total_loss": [
      -61739.99071859509,
      -232482564.550625,
      -21801500462.72
    ],
    "train_mac": [
      -0.714952914789319,
      -0.6086132553219795,
      -0.5751675672829151
    ],
    "train_align": [
      2.3415230786800385,
      2.675699737071991,
      2.8003537225723267
    ],
    "train_ci": [
      -57539.44237468831,
      -240430294.855625,
      -28219068983.04
    ]
  },
  "val_metrics": {
    "val_total_loss": [
      -324989.49879807694,
      -1196189838.7692308,
      -91923436150.15384
    ],
    "val_mac": [
      0.5880427294721605,
      0.568693153045905,
      0.5300922958270071
    ],
    "val_align": [
      2.0753201888157773,
      2.452879410523635,
      2.3789741809551535
    ],
    "val_ci": [
      -324990.92307692306,
      -1196189838.7692308,
      -91923436150.15384
    ],
    "val_cip": [
      1.0,
      1.0,
      1.0
    ],
    "val_csi": [
      0.25,
      1.0,
      1.0
    ],
    "val_csi_structure_preference_rf": [
      -0.1075600547747612,
      -0.1602192093424112,
      -0.19626779585295195
    ],
    "val_csi_r2_mediated_rf": [
      0.07661360503701604,
      -0.004472660729464864,
      -0.058283876440455705
    ],
    "val_csi_r2_direct_rf": [
      0.18417365981177725,
      0.15574654861294635,
      0.13798391941249624
    ],
    "val_csi_r2_m_only_rf": [
      0.9142214506479128,
      0.9959860039066042,
      0.9963576298036595
    ],
    "val_csi_r2_perm_rf": [
      0.14800932766503744,
      -0.09964249906400029,
      -0.12475178583901674
    ],
    "val_csi_csi_score_linear": [
      1.0,
      0.25,
      0.25
    ],
    "val_csi_structure_preference_linear": [
      0.04434907762333751,
      -0.2637927372901079,
      -0.0681057025988896
    ],
    "val_csi_r2_mediated_linear": [
      -0.3299976574877898,
      -2.187074933821956,
      -1.578777049978574
    ],
    "val_csi_r2_direct_linear": [
      -0.3743467351111273,
      -1.9232821965318483,
      -1.5106713473796844
    ],
    "val_csi_r2_m_only_linear": [
      0.8665311535199484,
      0.9916129310925802,
      0.9970610936482748
    ],
    "val_csi_r2_perm_linear": [
      -0.35622950125899583,
      -1.2982058028380077,
      -1.0431121240059535
    ],
    "val_mbri": [
      0.6327673541719709,
      0.6026071026342374,
      0.5660080379893049
    ],
    "val_ric_score": [
      0.43528216272370274,
      0.43454524605416417,
      0.4175790894247619
    ],
    "val_ric_treatment": [
      0.6171176150523242,
      0.6181876104545213,
      0.6242448811367485
    ],
    "val_ric_mediator": [
      0.3513039066496101,
      0.380800876567773,
      0.3341085394238468
    ],
    "val_ric_outcome": [
      0.33742496646917386,
      0.30464725114019825,
      0.2943838477136903
    ],
    "val_ric_components": [
      3,
      3,
      3
    ],
    "val_psr": [
      -0.35152285992254245,
      -0.35152285992254245,
      -0.35152285992254245
    ],
    "val_psr_interaction": [
      -0.17107091557945875,
      -0.17107091557945875,
      -0.17107091557945875
    ],
    "val_mni": [
      1.0,
      1.0,
      1.0
    ],
    "val_mni_conditional": [
      0.0,
      0.0,
      0.0
    ],
    "val_y_gate_mean": [
      0.48670193552970886,
      0.48420250415802,
      0.4824178218841553
    ],
    "val_y_gate_std": [
      0.12551575899124146,
      0.2171599268913269,
      0.23715245723724365
    ],
    "val_struct_score": [
      0.5077956266350416,
      0.6077603774016805,
      0.5945937947597901
    ]
  },
  "best_metric": -91923436150.15384,
  "total_steps": 300,
  "total_epochs": 3
}