{
  "train_metrics": {
    "train_total_loss": [
      -172872194.7769904,
      -271755638774.784,
      -37418300141993.984
    ],
    "train_mac": [
      -0.6163402441143989,
      -0.5366598875522613,
      -0.5197776932865381
    ],
    "train_align": [
      2.6763349747657776,
      2.8990964403152466,
      3.158284908294678
    ],
    "train_ci": [
      -51629930.397225425,
      -81162406538.88,
      -11175331275079.68
    ]
  },
  "val_metrics": {
    "val_total_loss": [
      -522624929.75,
      -485906721920.0,
      -55020448956416.0
    ],
    "val_mac": [
      0.571606211966781,
      0.5332510972154522,
      0.525719943561457
    ],
    "val_align": [
      2.6133462823927402,
      2.9872496873140335,
      3.434507802128792
    ],
    "val_ci": [
      -522624929.75,
      -485906721920.0,
      -55020448956416.0
    ],
    "val_cip": [
      1.0,
      1.0,
      0.0
    ],
    "val_csi": [
      1.0,
      1.0,
      1.0
    ],
    "val_csi_structure_preference_rf": [
      -0.11312294305059128,
      -0.09965403478845053,
      -0.08701279441603119
    ],
    "val_csi_r2_mediated_rf": [
      0.22698621130610808,
      0.24951508789003163,
      0.22329360853808713
    ],
    "val_csi_r2_direct_rf": [
      0.34010915435669936,
      0.34916912267848216,
      0.3103064029541183
    ],
    "val_csi_r2_m_only_rf": [
      0.9983413771776332,
      0.9995362059230043,
      0.9997132948267079
    ],
    "val_csi_r2_perm_rf": [
      0.022446465549095535,
      -0.13804798856096387,
      -0.13826255540517088
    ],
    "val_csi_csi_score_linear": [
      1.0,
      1.0,
      0.75
    ],
    "val_csi_structure_preference_linear": [
      -0.0017166733741760254,
      0.0007782181104024066,
      0.0005905032157897949
    ],
    "val_csi_r2_mediated_linear": [
      0.3922087550163269,
      0.4103640814622243,
      0.44489829738934833
    ],
    "val_csi_r2_direct_linear": [
      0.39392542839050293,
      0.4095858633518219,
      0.44430779417355853
    ],
    "val_csi_r2_m_only_linear": [
      0.9973951578140259,
      0.9992313981056213,
      0.9994071324666342
    ],
    "val_csi_r2_perm_linear": [
      0.3681878414418962,
      0.3788048227628072,
      0.4322670367028978
    ],
    "val_mbri": [
      0.6473337277839661,
      0.6210095486893633,
      0.6209383378540322
    ],
    "val_ric_score": [
      0.4472636200689946,
      0.4203766622192346,
      0.4239975099327365
    ],
    "val_ric_treatment": [
      0.608324402395032,
      0.6098878224193143,
      0.6118860339666932
    ],
    "val_ric_mediator": [
      0.3943053209961403,
      0.348055007690502,
      0.3595582125306056
    ],
    "val_ric_outcome": [
      0.3391611368158116,
      0.3031871565478874,
      0.30054828330091077
    ],
    "val_ric_components": [
      3,
      3,
      3
    ],
    "val_psr": [
      0.3335052445707194,
      0.3335052445707194,
      0.3335052445707194
    ],
    "val_psr_interaction": [
      0.17723427843240813,
      0.17723427843240813,
      0.17723427843240813
    ],
    "val_mni": [
      1.0,
      1.0,
      1.0
    ],
    "val_mni_conditional": [
      0.0,
      0.0,
      0.0
    ],
    "val_y_gate_mean": [
      0.4860706031322479,
      0.4863404631614685,
      0.48208561539649963
    ],
    "val_y_gate_std": [
      0.22116513550281525,
      0.2598618268966675,
      0.297749787569046
    ],
    "val_struct_score": [
      0.7142441149129232,
      0.7011632218135385,
      0.5577372908455636
    ]
  },
  "best_metric": -55020448956416.0,
  "total_steps": 750,
  "total_epochs": 3
}