{
  "train_metrics": {
    "train_total_loss": [
      -79643.38581377447,
      -239310216.48375,
      -23448721224.32
    ],
    "train_mac": [
      -0.700646175146103,
      -0.6025730431079864,
      -0.577811629921198
    ],
    "train_align": [
      2.3901752829551697,
      2.717038176059723,
      2.8365217638015747
    ],
    "train_ci": [
      -74473.96022723403,
      -250440272.571875,
      -30526529507.84
    ]
  },
  "val_metrics": {
    "val_total_loss": [
      -378290.79326923075,
      -1515907901.5384614,
      -84786506830.76923
    ],
    "val_mac": [
      0.5707148487203383,
      0.5772174109445347,
      0.5284504144179057
    ],
    "val_align": [
      2.013524156350356,
      2.353617631472074,
      2.3794017938467174
    ],
    "val_ci": [
      -378292.1850961539,
      -1515907901.5384614,
      -84786506830.76923
    ],
    "val_cip": [
      0.0,
      0.0,
      0.0
    ],
    "val_csi": [
      1.0,
      1.0,
      1.0
    ],
    "val_csi_structure_preference_rf": [
      -0.07466021477042331,
      -0.10494189261855946,
      -0.05973761483574319
    ],
    "val_csi_r2_mediated_rf": [
      0.24585846790221302,
      0.29555194601324075,
      0.2763308546128695
    ],
    "val_csi_r2_direct_rf": [
      0.32051868267263633,
      0.4004938386318002,
      0.3360684694486127
    ],
    "val_csi_r2_m_only_rf": [
      0.946097059773099,
      0.9981257925032713,
      0.9977078185591899
    ],
    "val_csi_r2_perm_rf": [
      0.16805232085748725,
      0.0418423340717897,
      -0.022599331793862216
    ],
    "val_csi_csi_score_linear": [
      0.5,
      0.75,
      0.25
    ],
    "val_csi_structure_preference_linear": [
      0.044672503213708525,
      0.5049105286598208,
      0.157059500614802
    ],
    "val_csi_r2_mediated_linear": [
      -0.7131828417380651,
      -1.7809492846330006,
      -0.5106156915426254
    ],
    "val_csi_r2_direct_linear": [
      -0.7578553449517736,
      -2.2858598132928214,
      -0.6676751921574274
    ],
    "val_csi_r2_m_only_linear": [
      0.9114082852999369,
      0.9962142109870911,
      0.9977355003356934
    ],
    "val_csi_r2_perm_linear": [
      -0.7013602145016193,
      -2.064389576514562,
      -0.24859589007165694
    ],
    "val_mbri": [
      0.5630471594220458,
      0.5311420724061537,
      0.5101693626601457
    ],
    "val_ric_score": [
      0.44207076374656934,
      0.455871184495021,
      0.4297808499362729
    ],
    "val_ric_treatment": [
      0.6239319828776706,
      0.6232511582917878,
      0.6269916834789254
    ],
    "val_ric_mediator": [
      0.3365843698244087,
      0.3933574719513221,
      0.323098058027395
    ],
    "val_ric_outcome": [
      0.36569593853762883,
      0.3510049232419531,
      0.3392528083024982
    ],
    "val_ric_components": [
      3,
      3,
      3
    ],
    "val_psr": [
      0.3273772985811903,
      0.3273772985811903,
      0.3273772985811903
    ],
    "val_psr_interaction": [
      0.22018379519307896,
      0.22018379519307896,
      0.22018379519307896
    ],
    "val_mni": [
      1.0,
      1.0,
      1.0
    ],
    "val_mni_conditional": [
      0.0,
      0.0,
      0.0
    ],
    "val_y_gate_mean": [
      0.48659905791282654,
      0.4802595376968384,
      0.4821142554283142
    ],
    "val_y_gate_std": [
      0.12231539934873581,
      0.2254672348499298,
      0.23098069429397583
    ],
    "val_struct_score": [
      0.5576014386385919,
      0.5559439952038429,
      0.5422539893707878
    ]
  },
  "best_metric": -84786506830.76923,
  "total_steps": 300,
  "total_epochs": 3
}