{
  "scenario": "IM",
  "metrics": {
    "CIP": {
      "cip_score": 0.0,
      "p_value": 0.00016275394224363242,
      "correlation": 0.16785547137260437,
      "n_samples": 500
    },
    "CSI": {
      "csi_score": 1.0,
      "csi_score_rf": 1.0,
      "r2_mediated_rf": -0.023309109678135733,
      "r2_direct_rf": 0.14701205260945063,
      "r2_m_only_rf": 0.9998339934013725,
      "structure_preference_rf": -0.17032116228758637,
      "r2_perm_rf": -0.29212058710402783,
      "csi_score_linear": 0.25,
      "r2_mediated_linear": 0.014634917179743448,
      "r2_direct_linear": 0.012985274195671082,
      "r2_m_only_linear": 0.9998888969421387,
      "structure_preference_linear": 0.0016496429840723668,
      "r2_perm_linear": 0.2822284085883035,
      "features_T": 64,
      "features_M": 64,
      "features_Y": 64,
      "n_samples": 500,
      "cv_splits": 3,
      "perm_samples": 3
    },
    "MBRI": {
      "mbri_score": 0.6949876522531777,
      "mi_m_y": 0.3590813757560829,
      "mi_t_y": 0.15759164374584667,
      "boundary_strength": 2.278555794174135
    },
    "MAC": {
      "mac_score": 0.5547654983321908,
      "correlation": 0.5547654983321908,
      "p_value": 0.0,
      "n_pairs": 124750
    },
    "RIC": {
      "treatment": 0.5832404950458752,
      "mi_treatment": 1.3946813091810122,
      "h_treatment": 2.391262807015668,
      "mediator": 0.3671766811542195,
      "mi_mediator": 0.8603926215850028,
      "h_mediator": 2.343265959070693,
      "outcome": 0.27695600628517636,
      "mi_outcome": 0.5988052966230485,
      "h_outcome": 2.162095351840501,
      "ric_score": 0.409124394161757,
      "ric_components": 3
    },
    "PSR": {
      "psr_score": -0.3601252787961738,
      "interaction_information": -0.1162991354647378,
      "mi_t_y": 0.3229407717600452,
      "h_t": 2.391262807015668,
      "h_m": 2.343265959070693,
      "h_y": 2.162095351840501
    },
    "MNI": {
      "mni_score": 1.0,
      "mi_total": 0.09816034034084405,
      "mi_conditional": 0.0,
      "mi_joint": 1.242762027622433,
      "mi_mediator": 2.387363776931017
    }
  },
  "summary": {
    "main_scores": {
      "CIP": 0.0,
      "CSI": 1.0,
      "MBRI": 0.6949876522531777,
      "MAC": 0.5547654983321908,
      "RIC": 0.409124394161757,
      "PSR": -0.3601252787961738,
      "MNI": 1.0
    },
    "overall_score": 0.47125032370727876,
    "representation_quality": {
      "z_T": {
        "mean_norm": 5.040378093719482,
        "std_norm": 3.018144130706787,
        "mean_activation": -0.009528148919343948,
        "std_activation": 0.7343023419380188
      },
      "z_M": {
        "mean_norm": 571.5390625,
        "std_norm": 962.1591186523438,
        "mean_activation": -4.85222053527832,
        "std_activation": 139.8045654296875
      },
      "z_Y": {
        "mean_norm": 131.35275268554688,
        "std_norm": 222.72958374023438,
        "mean_activation": 2.5029096603393555,
        "std_activation": 32.225059509277344
      }
    }
  },
  "representation_shapes": {
    "z_T": [
      500,
      64
    ],
    "z_M": [
      500,
      64
    ],
    "z_Y": [
      500,
      64
    ],
    "T": [
      500
    ],
    "M": [
      500
    ],
    "Y_star": [
      500
    ],
    "a_M": [
      500
    ],
    "a_Y": [
      500
    ],
    "b_style": [
      500
    ],
    "subject_id": [
      500
    ],
    "scenario": [
      500
    ]
  },
  "n_samples": 500
}