{
  "scenario": "IM",
  "metrics": {
    "CIP": {
      "cip_score": 1.0,
      "p_value": 0.061130721626434195,
      "correlation": 0.13265496492385864,
      "n_samples": 200
    },
    "CSI": {
      "csi_score": 0.75,
      "csi_score_rf": 0.75,
      "r2_mediated_rf": -0.29832941327119017,
      "r2_direct_rf": -0.021608976851546374,
      "r2_m_only_rf": 0.9980545349241767,
      "structure_preference_rf": -0.2767204364196438,
      "r2_perm_rf": -0.3675852288311085,
      "csi_score_linear": 0.25,
      "r2_mediated_linear": -1.5690840482711792,
      "r2_direct_linear": -1.3457212348779042,
      "r2_m_only_linear": 0.9999382694562277,
      "structure_preference_linear": -0.22336281339327502,
      "r2_perm_linear": -0.46810248351862865,
      "features_T": 64,
      "features_M": 64,
      "features_Y": 64,
      "n_samples": 200,
      "cv_splits": 3,
      "perm_samples": 3
    },
    "MBRI": {
      "mbri_score": 0.6417187156669659,
      "mi_m_y": 0.4676565920991026,
      "mi_t_y": 0.26109975279861447,
      "boundary_strength": 1.7911030905830614
    },
    "MAC": {
      "mac_score": 0.5645958274992604,
      "correlation": 0.5645958274992604,
      "p_value": 0.0,
      "n_pairs": 19900
    },
    "RIC": {
      "treatment": 0.6000658341447788,
      "mi_treatment": 1.4048885454405753,
      "h_treatment": 2.341224011598963,
      "mediator": 0.34405601052319135,
      "mi_mediator": 0.7634806820713953,
      "h_mediator": 2.2190592673263945,
      "outcome": 0.3505602561263416,
      "mi_outcome": 0.7424356242705048,
      "h_outcome": 2.1178545137111295,
      "ric_score": 0.43156070026477056,
      "ric_components": 3
    },
    "PSR": {
      "psr_score": -0.17871113858147022,
      "interaction_information": -0.08668235768398702,
      "mi_t_y": 0.48504171800388685,
      "h_t": 2.341224011598963,
      "h_m": 2.2190592673263945,
      "h_y": 2.1178545137111295
    },
    "MNI": {
      "mni_score": 1.0,
      "mi_total": 0.11538407981581128,
      "mi_conditional": 0.0,
      "mi_joint": 0.5768475641073414,
      "mi_mediator": 1.03831102724147
    }
  },
  "summary": {
    "main_scores": {
      "CIP": 1.0,
      "CSI": 0.75,
      "MBRI": 0.6417187156669659,
      "MAC": 0.5645958274992604,
      "RIC": 0.43156070026477056,
      "PSR": -0.17871113858147022,
      "MNI": 1.0
    },
    "overall_score": 0.6013091578356465,
    "representation_quality": {
      "z_T": {
        "mean_norm": 5.634018421173096,
        "std_norm": 3.652512788772583,
        "mean_activation": -0.015998275950551033,
        "std_activation": 0.839146077632904
      },
      "z_M": {
        "mean_norm": 222.45980834960938,
        "std_norm": 470.3269958496094,
        "mean_activation": -2.3921031951904297,
        "std_activation": 64.99153900146484
      },
      "z_Y": {
        "mean_norm": 43.365360260009766,
        "std_norm": 91.49356079101562,
        "mean_activation": 0.7412191033363342,
        "std_activation": 12.634566307067871
      }
    }
  },
  "representation_shapes": {
    "z_T": [
      200,
      64
    ],
    "z_M": [
      200,
      64
    ],
    "z_Y": [
      200,
      64
    ],
    "T": [
      200
    ],
    "M": [
      200
    ],
    "Y_star": [
      200
    ],
    "a_M": [
      200
    ],
    "a_Y": [
      200
    ],
    "b_style": [
      200
    ],
    "subject_id": [
      200
    ],
    "scenario": [
      200
    ]
  },
  "n_samples": 200
}