{
  "scenario": "IM",
  "metrics": {
    "CIP": {
      "cip_score": 0.0,
      "p_value": 1.9571309835991896e-08,
      "correlation": 0.6963897347450256,
      "n_samples": 50
    },
    "CSI": {
      "csi_score": 1.0,
      "csi_score_rf": 1.0,
      "r2_mediated_rf": 0.07815609854652898,
      "r2_direct_rf": 0.12654676163453435,
      "r2_m_only_rf": 0.8862154676264308,
      "structure_preference_rf": -0.04839066308800537,
      "r2_perm_rf": 0.029583988036464753,
      "csi_score_linear": 0.5,
      "r2_mediated_linear": -268.41304111480713,
      "r2_direct_linear": -305.114337126414,
      "r2_m_only_linear": 0.55514528354009,
      "structure_preference_linear": 36.70129601160687,
      "r2_perm_linear": -265.6434893078274,
      "features_T": 64,
      "features_M": 64,
      "features_Y": 64,
      "n_samples": 50,
      "cv_splits": 3,
      "perm_samples": 3
    },
    "MBRI": {
      "mbri_score": 0.49482553404516677,
      "mi_m_y": 0.620546250307824,
      "mi_t_y": 0.6335245335634997,
      "boundary_strength": 0.9795141429206918
    },
    "MAC": {
      "mac_score": 0.4861056788131239,
      "correlation": 0.4861056788131239,
      "p_value": 1.196731581091898e-73,
      "n_pairs": 1225
    },
    "RIC": {
      "treatment": 0.5804907986870143,
      "mi_treatment": 1.0291461906657184,
      "h_treatment": 1.7728897463811475,
      "mediator": 0.40910995093250585,
      "mi_mediator": 0.7505876424954664,
      "h_mediator": 1.8346843842187486,
      "outcome": 0.3752258208117788,
      "mi_outcome": 0.6382962384700968,
      "h_outcome": 1.7010989098162876,
      "ric_score": 0.4549421901437663,
      "ric_components": 3
    },
    "PSR": {
      "psr_score": 0.15269032668108623,
      "interaction_information": 0.09381093880416103,
      "mi_t_y": 0.6143869152896468,
      "h_t": 1.7728897463811475,
      "h_m": 1.8346843842187486,
      "h_y": 1.7010989098162876
    },
    "MNI": {
      "mni_score": 1.0,
      "mi_total": 0.09781293360137312,
      "mi_conditional": 0.0,
      "mi_joint": 0.3921273949309858,
      "mi_mediator": 0.6864418562605985
    }
  },
  "summary": {
    "main_scores": {
      "CIP": 0.0,
      "CSI": 1.0,
      "MBRI": 0.49482553404516677,
      "MAC": 0.4861056788131239,
      "RIC": 0.4549421901437663,
      "PSR": 0.15269032668108623,
      "MNI": 1.0
    },
    "overall_score": 0.5126519613833062,
    "representation_quality": {
      "z_T": {
        "mean_norm": 4.446537971496582,
        "std_norm": 2.012143611907959,
        "mean_activation": -0.021865541115403175,
        "std_activation": 0.6096851229667664
      },
      "z_M": {
        "mean_norm": 4.858913898468018,
        "std_norm": 3.648320198059082,
        "mean_activation": -0.029749220237135887,
        "std_activation": 0.7589326500892639
      },
      "z_Y": {
        "mean_norm": 1.0214500427246094,
        "std_norm": 0.5276716351509094,
        "mean_activation": 0.03207769989967346,
        "std_activation": 0.1400860697031021
      }
    }
  },
  "representation_shapes": {
    "z_T": [
      50,
      64
    ],
    "z_M": [
      50,
      64
    ],
    "z_Y": [
      50,
      64
    ],
    "T": [
      50
    ],
    "M": [
      50
    ],
    "Y_star": [
      50
    ],
    "a_M": [
      50
    ],
    "a_Y": [
      50
    ],
    "b_style": [
      50
    ],
    "subject_id": [
      50
    ],
    "scenario": [
      50
    ]
  },
  "n_samples": 50
}