{
  "train_metrics": {
    "train_total_loss": [
      -178575199.19939962,
      -317062506420.736,
      -36004844050841.6
    ],
    "train_mac": [
      -0.6455886448025704,
      -0.5669620152115822,
      -0.5608709934353828
    ],
    "train_align": [
      2.739593806743622,
      2.9387134704589846,
      3.0658067722320554
    ],
    "train_ci": [
      -53333184.943016276,
      -94693733362.176,
      -10753189117165.568
    ]
  },
  "val_metrics": {
    "val_total_loss": [
      -581587327.875,
      -606545672192.0,
      -41089405554688.0
    ],
    "val_mac": [
      0.611367040302581,
      0.5859530171897621,
      0.5608948996906341
    ],
    "val_align": [
      2.697863906621933,
      3.0859758406877518,
      2.717244654893875
    ],
    "val_ci": [
      -581587328.0,
      -606545672192.0,
      -41089405554688.0
    ],
    "val_cip": [
      1.0,
      1.0,
      1.0
    ],
    "val_csi": [
      1.0,
      1.0,
      1.0
    ],
    "val_csi_structure_preference_rf": [
      -0.14691210523527218,
      -0.13673389102039646,
      -0.181165281581758
    ],
    "val_csi_r2_mediated_rf": [
      0.025634838309262515,
      0.03614026687325314,
      0.014953971608634634
    ],
    "val_csi_r2_direct_rf": [
      0.1725469435445347,
      0.1728741578936496,
      0.1961192531903926
    ],
    "val_csi_r2_m_only_rf": [
      0.9977482178652434,
      0.9995171229653703,
      0.99968231706442
    ],
    "val_csi_r2_perm_rf": [
      -0.07221394203702226,
      -0.047115963857691893,
      -0.18528394072582652
    ],
    "val_csi_csi_score_linear": [
      1.0,
      1.0,
      0.75
    ],
    "val_csi_structure_preference_linear": [
      0.0010587672392526892,
      0.0018775711456934796,
      0.0004521509011586322
    ],
    "val_csi_r2_mediated_linear": [
      0.2795340617497762,
      0.2864542827010155,
      0.3314023017883301
    ],
    "val_csi_r2_direct_linear": [
      0.2784752945105235,
      0.284576711555322,
      0.33095015088717145
    ],
    "val_csi_r2_m_only_linear": [
      0.9968271652857462,
      0.9991649389266968,
      0.9992987910906473
    ],
    "val_csi_r2_perm_linear": [
      0.23342061787843704,
      0.24807009680403605,
      0.3327057957649231
    ],
    "val_mbri": [
      0.7815957257299997,
      0.7939441701760466,
      0.7689978421449222
    ],
    "val_ric_score": [
      0.4357737164259252,
      0.418020584020044,
      0.40696481433269777
    ],
    "val_ric_treatment": [
      0.6018134304415018,
      0.5954025382787916,
      0.5956480500993682
    ],
    "val_ric_mediator": [
      0.3937411461523873,
      0.36676145285810796,
      0.32543587682033903
    ],
    "val_ric_outcome": [
      0.31176657268388647,
      0.29189776092323255,
      0.299810516078386
    ],
    "val_ric_components": [
      3,
      3,
      3
    ],
    "val_psr": [
      -0.2786589073263166,
      -0.2786589073263166,
      -0.2786589073263166
    ],
    "val_psr_interaction": [
      -0.09370316211924212,
      -0.09370316211924212,
      -0.09370316211924212
    ],
    "val_mni": [
      1.0,
      1.0,
      1.0
    ],
    "val_mni_conditional": [
      0.0,
      0.0,
      0.0
    ],
    "val_y_gate_mean": [
      0.48574742674827576,
      0.48505762219429016,
      0.48628148436546326
    ],
    "val_y_gate_std": [
      0.2200334221124649,
      0.2646652162075043,
      0.2584177851676941
    ],
    "val_struct_score": [
      0.6500110821617414,
      0.6456084091513622,
      0.636885521263134
    ]
  },
  "best_metric": -41089405554688.0,
  "total_steps": 750,
  "total_epochs": 3
}