{
  "train_metrics": {
    "train_total_loss": [
      0.44757195830345153,
      -11049.469791493415,
      -8031939.45875
    ],
    "train_mac": [
      -0.6791335308551788,
      -0.7514857375621795,
      -0.6248899292945862
    ],
    "train_align": [
      2.5112162923812864,
      2.3049070501327513,
      2.536076211929321
    ],
    "train_ci": [
      -0.6234243628382683,
      -6885.804701447487,
      -2398815.11515625
    ]
  },
  "val_metrics": {
    "val_total_loss": [
      2.537489891052246,
      -39319.501953125,
      -3465415.34375
    ],
    "val_mac": [
      0.7524989571685117,
      0.6861827275771646,
      0.6291955868807555
    ],
    "val_align": [
      3.6602230966091156,
      1.6031184792518616,
      1.7915644198656082
    ],
    "val_ci": [
      -0.5248621851205826,
      -39320.5341796875,
      -3465416.71875
    ],
    "val_cip": [
      1.0,
      0.0,
      0.0
    ],
    "val_csi": [
      0.5,
      1.0,
      1.0
    ],
    "val_csi_structure_preference_rf": [
      0.008535512009571165,
      0.022232156530014813,
      0.11737392431483792
    ],
    "val_csi_r2_mediated_rf": [
      0.061116803079038044,
      0.15043079206734242,
      0.28881160362871094
    ],
    "val_csi_r2_direct_rf": [
      0.05258129106946688,
      0.1281986355373276,
      0.17143767931387302
    ],
    "val_csi_r2_m_only_rf": [
      0.5595219361885667,
      0.7478922394406847,
      0.8616942525511871
    ],
    "val_csi_r2_perm_rf": [
      0.0888042846614321,
      -0.12048673433662138,
      -0.08301340499788303
    ],
    "val_csi_csi_score_linear": [
      1.0,
      0.25,
      0.25
    ],
    "val_csi_structure_preference_linear": [
      -36.21773465474439,
      -9.496989250183105,
      -0.6368182500203403
    ],
    "val_csi_r2_mediated_linear": [
      -973.0082060496012,
      -500.29132143656415,
      -74.55541706085205
    ],
    "val_csi_r2_direct_linear": [
      -936.7904713948568,
      -490.79433218638104,
      -73.91859881083171
    ],
    "val_csi_r2_m_only_linear": [
      0.26595844825108844,
      0.7056117057800293,
      0.8694943388303121
    ],
    "val_csi_r2_perm_linear": [
      -1359.9971397187974,
      -490.9522744814555,
      -73.84566328260634
    ],
    "val_mbri": [
      0.49876551942830544,
      0.5002205369176557,
      0.48767707516624414
    ],
    "val_ric_score": [
      0.4602622674606674,
      0.4684555823000199,
      0.438833140211317
    ],
    "val_ric_treatment": [
      0.5420085280850203,
      0.5438999169231806,
      0.5283797938361005
    ],
    "val_ric_mediator": [
      0.4038998456262246,
      0.4600028665293982,
      0.3925465968333494
    ],
    "val_ric_outcome": [
      0.43487842867075727,
      0.40146396344748086,
      0.395573029964501
    ],
    "val_ric_components": [
      3,
      3,
      3
    ],
    "val_psr": [
      0.6531291583484466,
      0.6531291583484466,
      0.6531291583484466
    ],
    "val_psr_interaction": [
      0.41205692879634315,
      0.41205692879634315,
      0.41205692879634315
    ],
    "val_mni": [
      1.0,
      1.0,
      1.0
    ],
    "val_mni_conditional": [
      0.0,
      0.0,
      0.0
    ],
    "val_y_gate_mean": [
      0.4926125705242157,
      0.48670732975006104,
      0.4854210615158081
    ],
    "val_y_gate_std": [
      0.09249215573072433,
      0.11105527728796005,
      0.13282644748687744
    ],
    "val_struct_score": [
      0.6949508432008473,
      0.6154268578776124,
      0.6012621372295376
    ]
  },
  "best_metric": -3465415.34375,
  "total_steps": 75,
  "total_epochs": 3
}