{
  "train_metrics": {
    "train_total_loss": [
      0.6759458994865417,
      -7404.6337661266325,
      -6449957.3365625
    ],
    "train_mac": [
      -0.6800858938694,
      -0.7626782512664795,
      -0.6451912021636963
    ],
    "train_align": [
      2.5463451814651488,
      2.283699984550476,
      2.5292121028900145
    ],
    "train_ci": [
      -0.4404541823267937,
      -4540.112579081058,
      -1926341.129375
    ]
  },
  "val_metrics": {
    "val_total_loss": [
      2.855094701051712,
      -21733.565673828125,
      -2462522.5
    ],
    "val_mac": [
      0.7626810006221084,
      0.7056600454211047,
      0.6495818229412482
    ],
    "val_align": [
      3.8187439143657684,
      1.6192657053470612,
      1.7517200708389282
    ],
    "val_ci": [
      -0.3532979339361191,
      -21734.604248046875,
      -2462523.75
    ],
    "val_cip": [
      0.0,
      1.0,
      0.0
    ],
    "val_csi": [
      0.25,
      0.5,
      1.0
    ],
    "val_csi_structure_preference_rf": [
      0.14999186257401673,
      0.011041659405463172,
      0.04643748946242328
    ],
    "val_csi_r2_mediated_rf": [
      -0.19433924179371717,
      -0.11161028611597786,
      0.004161737844693518
    ],
    "val_csi_r2_direct_rf": [
      -0.3443311043677339,
      -0.12265194552144103,
      -0.042275751617729763
    ],
    "val_csi_r2_m_only_rf": [
      0.32701014134374295,
      0.6224113412886816,
      0.7784590789283107
    ],
    "val_csi_r2_perm_rf": [
      -0.11688225381310331,
      -0.09688534795353228,
      -0.3481514069491148
    ],
    "val_csi_csi_score_linear": [
      0.5,
      0.25,
      0.25
    ],
    "val_csi_structure_preference_linear": [
      83.92510541280126,
      -10.891288757324219,
      -10.635525067647336
    ],
    "val_csi_r2_mediated_linear": [
      -1113.2197011311848,
      -5177.1348969141645,
      -978.1055042743683
    ],
    "val_csi_r2_direct_linear": [
      -1197.144806543986,
      -5166.24360815684,
      -967.469979206721
    ],
    "val_csi_r2_m_only_linear": [
      -0.1490059976155559,
      0.5020069777965546,
      0.6832937598228455
    ],
    "val_csi_r2_perm_linear": [
      -1077.2457404666477,
      -5155.165646235148,
      -959.7059799035391
    ],
    "val_mbri": [
      0.5143146229961391,
      0.5173755284885498,
      0.5379590232441118
    ],
    "val_ric_score": [
      0.4587662034090358,
      0.4445628245813904,
      0.442571065380346
    ],
    "val_ric_treatment": [
      0.5300378656195227,
      0.5228924813599893,
      0.49357032701956904
    ],
    "val_ric_mediator": [
      0.4235517660434506,
      0.4339906625268074,
      0.43848947406405
    ],
    "val_ric_outcome": [
      0.42270897856413403,
      0.37680532985737447,
      0.395653395057419
    ],
    "val_ric_components": [
      3,
      3,
      3
    ],
    "val_psr": [
      0.2297772672044433,
      0.2297772672044433,
      0.2297772672044433
    ],
    "val_psr_interaction": [
      0.09596677298407252,
      0.09596677298407252,
      0.09596677298407252
    ],
    "val_mni": [
      1.0,
      1.0,
      1.0
    ],
    "val_mni_conditional": [
      0.0,
      0.0,
      0.0
    ],
    "val_y_gate_mean": [
      0.4924696683883667,
      0.4869261085987091,
      0.486326664686203
    ],
    "val_y_gate_std": [
      0.09245098382234573,
      0.11011733114719391,
      0.12787435948848724
    ],
    "val_struct_score": [
      0.4593627277473895,
      0.628196523670784,
      0.551412739824307
    ]
  },
  "best_metric": -2462522.5,
  "total_steps": 75,
  "total_epochs": 3
}