{
  "train_metrics": {
    "train_total_loss": [
      -180962286.14768875,
      -310037903217.664,
      -39153750028320.766
    ],
    "train_mac": [
      -0.6350211226344109,
      -0.5522098251581192,
      -0.5382570746541023
    ],
    "train_align": [
      2.7266572222709655,
      2.9174405975341795,
      3.085448615074158
    ],
    "train_ci": [
      -54046111.28721161,
      -92595768416.384,
      -11693639881064.447
    ]
  },
  "val_metrics": {
    "val_total_loss": [
      -604268605.5,
      -469742670656.0,
      -42090514370560.0
    ],
    "val_mac": [
      0.6003736937530156,
      0.5430927576918424,
      0.5306731602710968
    ],
    "val_align": [
      2.7392866238951683,
      2.6947566121816635,
      2.6098810993134975
    ],
    "val_ci": [
      -604268605.5,
      -469742670656.0,
      -42090514370560.0
    ],
    "val_cip": [
      1.0,
      1.0,
      1.0
    ],
    "val_csi": [
      0.5,
      0.75,
      1.0
    ],
    "val_csi_structure_preference_rf": [
      -0.20430970449934305,
      -0.2399019752561423,
      -0.21698105481702173
    ],
    "val_csi_r2_mediated_rf": [
      -0.06835115787194852,
      -0.13220009838034372,
      -0.13220049465840614
    ],
    "val_csi_r2_direct_rf": [
      0.13595854662739454,
      0.10770187687579857,
      0.08478056015861561
    ],
    "val_csi_r2_m_only_rf": [
      0.9976680356902543,
      0.9993440548615711,
      0.9996333905468199
    ],
    "val_csi_r2_perm_rf": [
      -0.056811072576391064,
      -0.16324744948265912,
      -0.17781953719673305
    ],
    "val_csi_csi_score_linear": [
      1.0,
      0.5,
      0.5
    ],
    "val_csi_structure_preference_linear": [
      0.0012613286574681692,
      0.0003942375381787433,
      -0.0017247671882311688
    ],
    "val_csi_r2_mediated_linear": [
      0.24331518014272055,
      0.2030737834672133,
      0.26630140095949173
    ],
    "val_csi_r2_direct_linear": [
      0.24205385148525238,
      0.20267954592903456,
      0.2680261681477229
    ],
    "val_csi_r2_m_only_linear": [
      0.9967891573905945,
      0.9991500775019327,
      0.999597430229187
    ],
    "val_csi_r2_perm_linear": [
      0.20622038013405267,
      0.20745241145292917,
      0.2675749816828304
    ],
    "val_mbri": [
      0.7116194527650177,
      0.6620451412132001,
      0.6343760638041986
    ],
    "val_ric_score": [
      0.4331067575268914,
      0.4037764183942962,
      0.39544887146390745
    ],
    "val_ric_treatment": [
      0.6059746905711992,
      0.6028482940457425,
      0.6102695714916562
    ],
    "val_ric_mediator": [
      0.40819918730117627,
      0.33511542872372724,
      0.30477291356963915
    ],
    "val_ric_outcome": [
      0.28514639470829856,
      0.2733655324134187,
      0.271304129330427
    ],
    "val_ric_components": [
      3,
      3,
      3
    ],
    "val_psr": [
      -0.6334631522874252,
      -0.6334631522874252,
      -0.6334631522874252
    ],
    "val_psr_interaction": [
      -0.22647309550403527,
      -0.22647309550403527,
      -0.22647309550403527
    ],
    "val_mni": [
      1.0,
      1.0,
      1.0
    ],
    "val_mni_conditional": [
      0.0,
      0.0,
      0.0
    ],
    "val_y_gate_mean": [
      0.48496007919311523,
      0.4870847463607788,
      0.4870541989803314
    ],
    "val_y_gate_std": [
      0.22213855385780334,
      0.2456182837486267,
      0.24764467775821686
    ],
    "val_struct_score": [
      0.5159481073939285,
      0.5322073092874162,
      0.5610049918931111
    ]
  },
  "best_metric": -42090514370560.0,
  "total_steps": 750,
  "total_epochs": 3
}