{
  "train_metrics": {
    "train_total_loss": [
      -7.678656040430069,
      -5531517.33171875,
      -920567421.04
    ],
    "train_mac": [
      -0.7195101027190686,
      -0.6296685063838958,
      -0.5526400530338287
    ],
    "train_align": [
      2.3590613627433776,
      2.505721170902252,
      2.729127163887024
    ],
    "train_ci": [
      -5.621610816121102,
      -1712298.3325120544,
      -274936215.16
    ]
  },
  "val_metrics": {
    "val_total_loss": [
      -297.15013885498047,
      -2652256.0714285714,
      -1788511396.5714285
    ],
    "val_mac": [
      0.6653576133502781,
      0.5062328927792593,
      0.5664667404172145
    ],
    "val_align": [
      1.9736184562955583,
      2.27981504372188,
      2.441734262875148
    ],
    "val_ci": [
      -298.51551055908203,
      -2652257.9464285714,
      -1788511396.5714285
    ],
    "val_cip": [
      1.0,
      1.0,
      1.0
    ],
    "val_csi": [
      1.0,
      1.0,
      1.0
    ],
    "val_csi_structure_preference_rf": [
      -0.05491890064490157,
      0.047824670367650424,
      -0.050947719821900994
    ],
    "val_csi_r2_mediated_rf": [
      0.18531943372910065,
      0.29101993018467615,
      0.36307000370199455
    ],
    "val_csi_r2_direct_rf": [
      0.24023833437400222,
      0.24319525981702572,
      0.41401772352389554
    ],
    "val_csi_r2_m_only_rf": [
      0.8062219945734146,
      0.9346802081496586,
      0.99527369030143
    ],
    "val_csi_r2_perm_rf": [
      0.11363671760780077,
      -0.09004595216791063,
      -0.3084552717420321
    ],
    "val_csi_csi_score_linear": [
      0.25,
      0.5,
      1.0
    ],
    "val_csi_structure_preference_linear": [
      -187.0135308901469,
      1.7350304126739502,
      -90.89050896962483
    ],
    "val_csi_r2_mediated_linear": [
      -522.8154548009237,
      -38.82856766382853,
      -121.33627971013387
    ],
    "val_csi_r2_direct_linear": [
      -335.8019239107768,
      -40.56359807650248,
      -30.445770740509033
    ],
    "val_csi_r2_m_only_linear": [
      -2.4634548723697662,
      -2.6203298568725586,
      0.974799374739329
    ],
    "val_csi_r2_perm_linear": [
      -409.8163618511624,
      -45.13189095920986,
      -213.4837688340081
    ],
    "val_mbri": [
      0.48702097833782626,
      0.417888506201285,
      0.46915043088263986
    ],
    "val_ric_score": [
      0.46161633337646296,
      0.43128282779644805,
      0.451832971849417
    ],
    "val_ric_treatment": [
      0.5789960588807694,
      0.5811057742357346,
      0.5770257479282928
    ],
    "val_ric_mediator": [
      0.4205029375994405,
      0.34931079104184926,
      0.43691820761522177
    ],
    "val_ric_outcome": [
      0.3853500036491791,
      0.36343191811176045,
      0.3415549600047365
    ],
    "val_ric_components": [
      3,
      3,
      3
    ],
    "val_psr": [
      0.4650796297870817,
      0.4650796297870817,
      0.4650796297870817
    ],
    "val_psr_interaction": [
      0.34446234582077295,
      0.34446234582077295,
      0.34446234582077295
    ],
    "val_mni": [
      1.0,
      1.0,
      1.0
    ],
    "val_mni_conditional": [
      0.0,
      0.0,
      0.0
    ],
    "val_y_gate_mean": [
      0.48645874857902527,
      0.489757239818573,
      0.4842625558376312
    ],
    "val_y_gate_std": [
      0.1078324019908905,
      0.1282159686088562,
      0.24022866785526276
    ],
    "val_struct_score": [
      0.7255820792645213,
      0.6886405509377249,
      0.7075042532766219
    ]
  },
  "best_metric": -1788511396.5714285,
  "total_steps": 150,
  "total_epochs": 3
}