{
  "train_metrics": {
    "train_total_loss": [
      -2.113010948896408,
      -3631401.8545830534,
      -774855440.4,
      -24699304289.28,
      -427245728563.2,
      -3548313170739.2,
      -17519292354396.16,
      -60828646553681.92,
      -155678662543278.1,
      -323703264111493.1
    ],
    "train_mac": [
      -0.7225486605614424,
      -0.6623437821865081,
      -0.5817428606748581,
      -0.5497880280017853,
      -0.5489345562458038,
      -0.5535649263858795,
      -0.5360250255465507,
      -0.5495216202735901,
      -0.5344665530323982,
      -0.5426544132828712
    ],
    "train_align": [
      2.353873400688171,
      2.4625173902511595,
      2.7263693046569824,
      2.8415595579147337,
      3.0090789937973024,
      3.0703060913085936,
      3.1251771211624146,
      3.1220676946640014,
      3.2880706357955933,
      3.336051411628723
    ],
    "train_ci": [
      -2.4442497324198484,
      -1469677.4597262954,
      -231417948.26,
      -7376682190.08,
      -127601001431.04,
      -1059737480069.12,
      -5232303338946.56,
      -18167053911326.72,
      -46494913323335.68,
      -96677058838528.0
    ]
  },
  "val_metrics": {
    "val_total_loss": [
      -64.05774062020438,
      -2689207.0290178573,
      -1245209371.4285715,
      -30706118070.857143,
      -335701722843.4286,
      -2160642715062.8572,
      -9719547812717.715,
      -27587008341138.285,
      -65738652366555.43,
      -212098248343552.0
    ],
    "val_mac": [
      0.6694653570320366,
      0.5455359804629549,
      0.5868278330106308,
      0.5948622970079809,
      0.5594577896282779,
      0.5634840199917418,
      0.5738253780365484,
      0.5680598816644881,
      0.5537722414651367,
      0.5867818435889978
    ],
    "val_align": [
      1.9555296557290214,
      2.2499814118657793,
      2.338884030069624,
      2.646068130220686,
      2.3297615221568515,
      2.2880032743726457,
      2.2702143788337708,
      2.4732486520494734,
      2.7791240555899486,
      4.039542981556484
    ],
    "val_ci": [
      -65.40000316074916,
      -2689208.7901785714,
      -1245209371.4285715,
      -30706118070.857143,
      -335701722843.4286,
      -2160642715062.8572,
      -9719547812717.715,
      -27587008341138.285,
      -65738652366555.43,
      -212098248343552.0
    ],
    "val_cip": [
      0.0,
      1.0,
      1.0,
      0.0,
      1.0,
      1.0,
      1.0,
      1.0,
      1.0,
      1.0
    ],
    "val_csi": [
      1.0,
      1.0,
      1.0,
      1.0,
      1.0,
      1.0,
      1.0,
      1.0,
      1.0,
      1.0
    ],
    "val_csi_structure_preference_rf": [
      -0.09357310360476491,
      0.024741587037586332,
      -0.02971958009807346,
      -0.023929575345640886,
      0.07412584384360604,
      0.014379984685617353,
      -0.05951029301933913,
      0.026280680305412196,
      -0.026827032199528478,
      -0.09354209717044121
    ],
    "val_csi_r2_mediated_rf": [
      -0.007165137169157204,
      0.18581100689687738,
      0.3576245805494828,
      0.3369436411869932,
      0.42399302703129255,
      0.4162232591621846,
      0.257358953547571,
      0.4307536686547751,
      0.4271472078277177,
      0.31729278304003566
    ],
    "val_csi_r2_direct_rf": [
      0.0864079664356077,
      0.16106941985929105,
      0.3873441606475563,
      0.3608732165326341,
      0.3498671831876865,
      0.40184327447656726,
      0.3168692465669101,
      0.4044729883493629,
      0.4539742400272462,
      0.41083488021047687
    ],
    "val_csi_r2_m_only_rf": [
      0.6739851719123241,
      0.9256804322610327,
      0.9927672341943592,
      0.9948390034939051,
      0.9947507371176266,
      0.9941766449954313,
      0.9943200884236948,
      0.9949401059557267,
      0.9946543595046865,
      0.9967051503089858
    ],
    "val_csi_r2_perm_rf": [
      -0.05614901186630883,
      -0.2953873945757918,
      -0.19575513166242778,
      -0.5671765894557973,
      -0.6574846724146324,
      -1.2550947931762921,
      -0.8073475441117054,
      -0.9926493194938574,
      -0.4165086742202391,
      -0.7471574897419732
    ],
    "val_csi_csi_score_linear": [
      0.75,
      0.75,
      0.75,
      0.75,
      1.0,
      1.0,
      1.0,
      0.75,
      0.75,
      1.0
    ],
    "val_csi_structure_preference_linear": [
      -24.273459911346436,
      13.947751681009933,
      -23.121730168660477,
      -3.27835228045781,
      5.140857776006065,
      -2.612361192703247,
      -0.986444155375164,
      4.825087149937943,
      -4.793467879295353,
      -3.243096450964611
    ],
    "val_csi_r2_mediated_linear": [
      -209.06022787094116,
      -95.63858803113301,
      -87.12501653035481,
      -42.82773391405741,
      -55.51258945465088,
      -40.44182030359904,
      -14.547013600667318,
      -97.88037323951721,
      -34.53674312432607,
      -22.815429747104645
    ],
    "val_csi_r2_direct_linear": [
      -184.78676795959473,
      -109.58633971214294,
      -64.00328636169434,
      -39.5493816335996,
      -60.653447230656944,
      -37.82945911089579,
      -13.560569445292154,
      -102.70546038945515,
      -29.74327524503072,
      -19.572333296140034
    ],
    "val_csi_r2_m_only_linear": [
      -4.9344892501831055,
      -1.5227027734120686,
      0.9546854694684347,
      0.9866000612576803,
      0.995797336101532,
      0.9977687001228333,
      0.9986953934033712,
      0.9987278978029887,
      0.9990225831667582,
      0.9990294575691223
    ],
    "val_csi_r2_perm_linear": [
      -234.46600124571057,
      -110.17520366774666,
      -116.20298639933269,
      -95.82094150119359,
      -294.4385181268056,
      -67.93324769867792,
      -50.84554672241211,
      -139.8244048224555,
      -58.953657918506195,
      -230.75581875774597
    ],
    "val_mbri": [
      0.5019450616120528,
      0.5581726192306927,
      0.5462855967925009,
      0.5130344805414477,
      0.47266289738441153,
      0.48498391684007175,
      0.5145619819770723,
      0.48131615760629304,
      0.5148034911634416,
      0.565509251938759
    ],
    "val_ric_score": [
      0.44446443146402864,
      0.43383413852645236,
      0.44040017197940795,
      0.44064350781565853,
      0.405813028170829,
      0.41441478098593415,
      0.41006353620290154,
      0.41304615973158293,
      0.41895804079075566,
      0.4703517646466682
    ],
    "val_ric_treatment": [
      0.5741701431657118,
      0.5806860267934689,
      0.5749147288746131,
      0.5731172592784886,
      0.5730270067338663,
      0.5773126455230588,
      0.5727847807076052,
      0.5688891860570703,
      0.5783836904876767,
      0.5792989574741113
    ],
    "val_ric_mediator": [
      0.4136526115436475,
      0.37176731722985734,
      0.4335778949857179,
      0.45386793306965595,
      0.3554810130889496,
      0.37492383795206785,
      0.3643909340721731,
      0.3852444730101598,
      0.3902520486567853,
      0.4991926018513614
    ],
    "val_ric_outcome": [
      0.3455705396827266,
      0.3490490715560309,
      0.31270789207789274,
      0.29494533109883114,
      0.28893106468967106,
      0.2910078594826758,
      0.2930148938289262,
      0.2850048201275187,
      0.288238383227805,
      0.3325637346145321
    ],
    "val_ric_components": [
      3,
      3,
      3,
      3,
      3,
      3,
      3,
      3,
      3,
      3
    ],
    "val_psr": [
      0.24501783542122949,
      0.24501783542122949,
      0.24501783542122949,
      0.24501783542122949,
      0.24501783542122949,
      0.24501783542122949,
      0.24501783542122949,
      0.24501783542122949,
      0.24501783542122949,
      0.24501783542122949
    ],
    "val_psr_interaction": [
      0.12945872679190806,
      0.12945872679190806,
      0.12945872679190806,
      0.12945872679190806,
      0.12945872679190806,
      0.12945872679190806,
      0.12945872679190806,
      0.12945872679190806,
      0.12945872679190806,
      0.12945872679190806
    ],