{
  "train_metrics": {
    "train_total_loss": [
      2.012148667573929,
      1.6294952702522278,
      1.5500199902057648,
      1.4178220236301422,
      1.3280426824092866,
      1.2841055059432984,
      1.2511998158693314,
      1.1912870013713837,
      1.1968176490068436,
      1.1622591292858124
    ],
    "train_align": [
      2.012148667573929,
      1.6294952702522278,
      1.5500199902057648,
      1.4178220236301422,
      1.3280426824092866,
      1.2841055059432984,
      1.2511998158693314,
      1.1912870013713837,
      1.1968176490068436,
      1.1622591292858124
    ]
  },
  "val_metrics": {
    "val_total_loss": [
      1.4151332378387451,
      1.3864625233870287,
      1.7615104271815374,
      1.3058242797851562,
      1.1433315873146057,
      1.8410399877108061,
      1.3459324836730957,
      1.2539240305240338,
      1.39502359353579,
      1.4486694977833674
    ],
    "val_align": [
      1.4151332378387451,
      1.3864625233870287,
      1.7615104271815374,
      1.3058242797851562,
      1.1433315873146057,
      1.8410399877108061,
      1.3459324836730957,
      1.2539240305240338,
      1.39502359353579,
      1.4486694977833674
    ],
    "val_cip": [
      1.0,
      1.0,
      1.0,
      1.0,
      1.0,
      1.0,
      1.0,
      1.0,
      1.0,
      1.0
    ],
    "val_csi": [
      0.25,
      0.25,
      0.25,
      0.25,
      0.25,
      0.25,
      0.25,
      0.25,
      0.25,
      0.25
    ],
    "val_csi_structure_preference_rf": [
      -0.05108003627154274,
      -0.06350208530568517,
      -0.10136520429344409,
      -0.08742233465291034,
      -0.2080255685341819,
      -0.24427862049778515,
      -0.18051335730654666,
      -0.20121171274874938,
      -0.2006430682114022,
      -0.1922659676422013
    ],
    "val_csi_r2_mediated_rf": [
      -0.07227661654855541,
      -0.1754714512152321,
      -0.07975748209705884,
      -0.11169668265452713,
      -0.26300209613304015,
      -0.3636356211931475,
      -0.2570434793986252,
      -0.2760265352899403,
      -0.30578004546215226,
      -0.20847451802938996
    ],
    "val_csi_r2_direct_rf": [
      -0.02119658027701267,
      -0.11196936590954694,
      0.02160772219638525,
      -0.02427434800161679,
      -0.05497652759885827,
      -0.11935700069536236,
      -0.07653012209207856,
      -0.07481482254119093,
      -0.10513697725075007,
      -0.016208550387188658
    ],
    "val_csi_r2_m_only_rf": [
      0.6155611140039827,
      0.6821730140089229,
      0.7568693628545476,
      0.7265743700600692,
      0.8156736972424848,
      0.8433628662130938,
      0.8470943509605972,
      0.8351853590258003,
      0.8718015147979016,
      0.8645095241066193
    ],
    "val_csi_r2_perm_rf": [
      0.03774655386961584,
      0.006881534554275241,
      0.040090685783447745,
      0.014323762369239568,
      -0.019990329447667602,
      -0.04648189070191944,
      -0.02491400303858998,
      0.0074105967968828845,
      -0.03166169711586719,
      0.012475889135866646
    ],
    "val_csi_csi_score_linear": [
      0.5,
      0.75,
      1.0,
      0.75,
      0.5,
      0.75,
      0.25,
      0.5,
      1.0,
      0.25
    ],
    "val_csi_structure_preference_linear": [
      0.009725570678710938,
      0.002002875010172378,
      -0.0045906007289886475,
      0.014457941055297852,
      -0.09569058815638232,
      0.05155510703722621,
      -0.057241906722386826,
      -0.0569729208946228,
      0.024395078420639038,
      -0.01766568422317505
    ],
    "val_csi_r2_mediated_linear": [
      -1.9161909421284993,
      -1.0985949436823528,
      -0.8235473235448202,
      -1.5176417628924053,
      -1.1561926106611888,
      -2.344688286383947,
      -1.0701866845289867,
      -1.210500419139862,
      -1.2160609861214955,
      -0.7868334154287974
    ],
    "val_csi_r2_direct_linear": [
      -1.9259165128072102,
      -1.1005978186925252,
      -0.8189567228158315,
      -1.5320997039477031,
      -1.0605020225048065,
      -2.396243393421173,
      -1.0129447778065999,
      -1.1535274982452393,
      -1.2404560645421345,
      -0.7691677312056223
    ],
    "val_csi_r2_m_only_linear": [
      0.42268699407577515,
      0.4935954213142395,
      0.6238783995310465,
      0.6040682593981425,
      0.6769421696662903,
      0.7844112515449524,
      0.7444843848546346,
      0.7574576338132223,
      0.7694416443506876,
      0.7711640000343323
    ],
    "val_csi_r2_perm_linear": [
      -1.9075596398777435,
      -1.1286139951811895,
      -0.8319146898057724,
      -1.5099383195241292,
      -1.0880432691839006,
      -2.4069357779290943,
      -1.0294530855284798,
      -1.1709996660550435,
      -1.3042873740196228,
      -0.7701816658178965
    ],
    "val_mbri": [
      0.6100066867525066,
      0.597316082998869,
      0.7000918349509339,
      0.6124568643016267,
      0.665692288490578,
      0.6429181595107747,
      0.6124222090966449,
      0.6785819584337468,
      0.6474810371286293,
      0.6640415786498004
    ],
    "val_mac": [
      0.9039914009384662,
      0.9285186614424441,
      0.9396479684981143,
      0.9384813522052119,
      0.9177050838594051,
      0.8891492783744916,
      0.9266813162167088,
      0.9081692854857185,
      0.8841195443260834,
      0.8943468232915079
    ],
    "val_ric_score": [
      0.44632084366154645,
      0.4623551141593263,
      0.46064593793921765,
      0.47934962224876543,
      0.4875436555946002,
      0.48773198772512005,
      0.4916933633691371,
      0.48948923618380547,
      0.498024019070826,
      0.49194620949358114
    ],
    "val_ric_treatment": [
      0.6076477811561584,
      0.6110647509809648,
      0.5980526984959074,
      0.5979515378988726,
      0.5990867838224571,
      0.6018689639530802,
      0.6028506891194771,
      0.5940972341315467,
      0.6043156759595495,
      0.60066104971742
    ],
    "val_ric_mediator": [
      0.39825228172623806,
      0.44944024484450434,
      0.46964166815848557,
      0.5105211984984941,
      0.5439961161083983,
      0.5532230200991782,
      0.5617856539295973,
      0.5534047205572395,
      0.5739987940888146,
      0.5523421210477614
    ],
    "val_ric_outcome": [
      0.333062468102243,
      0.3265603466525098,
      0.3142434471632601,
      0.3295761303489298,
      0.31954806685294534,
      0.3081039791231017,
      0.31044374705833677,
      0.32096575386263004,
      0.3157575871641139,
      0.322835457715562
    ],
    "val_ric_components": [
      3,
      3,
      3,
      3,
      3,
      3,
      3,
      3,
      3,
      3
    ],
    "val_psr": [
      -0.3556465423751463,
      -0.3556465423751463,
      -0.3556465423751463,
      -0.3556465423751463,
      -0.3556465423751463,
      -0.3556465423751463,
      -0.3556465423751463,
      -0.3556465423751463,
      -0.3556465423751463,
      -0.3556465423751463
    ],
    "val_psr_interaction": [
      -0.1705506703801447,
      -0.1705506703801447,
      -0.1705506703801447,
      -0.1705506703801447,
      -0.1705506703801447,
      -0.1705506703801447,
      -0.1705506703801447,
      -0.1705506703801447,
      -0.1705506703801447,
      -0.1705506703801447
    ],
    "val_mni": [
      1.0,
      1.0,
      1.0,
      1.0,
      1.0,
      1.0,
      1.0,
      1.0,
      1.0,
      1.0
    ],
    "val_mni_conditional": [
      0.0,
      0.0,
      0.0,
      0.0,
      0.0,
      0.0,
      0.0,
      0.0,
      0.0,
      0.0
    ],
    "val_y_gate_mean": [
      0.4900250732898712,
      0.49016547203063965,
      0.4883959889411926,
      0.4918079376220703,
      0.49067753553390503,
      0.4974103569984436,
      0.4930148422718048,
      0.4903639256954193,
      0.4902430772781372,
      0.48896872997283936
    ],