{
  "train_metrics": {
    "train_total_loss": [
      -340580.75992747786,
      -2044333083.185,
      -262496765204.48
    ],
    "train_mbr": [
      -2524.511151538491,
      -78096.22659179688,
      -313026.57984375
    ],
    "train_mac": [
      -0.6183892442286014,
      -0.6174406750500202,
      -0.581003500521183
    ],
    "train_align": [
      2.5282297539711,
      2.804023880958557,
      3.2068902897834777
    ],
    "train_ci": [
      -47922.639207620545,
      -243996388.9684375,
      -31329675848.96
    ],
    "train_mbr_mi_zm_y": [
      2.0307799482345583,
      2.3117392122745515,
      2.463574674129486
    ],
    "train_mbr_cmi_zt_y_zm": [
      -2526.5419222580267,
      -78098.53838867188,
      -313029.043125
    ]
  },
  "val_metrics": {
    "val_total_loss": [
      -596651.5612980769,
      -1564235089.2307692,
      -251071152128.0
    ],
    "val_mbr": [
      -9225.676832932691,
      -96854.39558293269,
      -515828.04326923075
    ],
    "val_mac": [
      0.6104184273559221,
      0.5964331327931007,
      0.5855441341930169
    ],
    "val_align": [
      2.098373614824735,
      2.5922365371997538,
      3.0275745391845703
    ],
    "val_ci": [
      -292790.76682692306,
      -782059430.1538461,
      -125535267918.76923
    ],
    "val_mbr_mi_zm_y": [
      1.8903604929263775,
      2.247026773599478,
      2.3114710587721605
    ],
    "val_mbr_cmi_zt_y_zm": [
      -9227.567119891826,
      -96856.64272836539,
      -515830.3569711539
    ],
    "val_cip": [
      1.0,
      1.0,
      1.0
    ],
    "val_csi": [
      1.0,
      1.0,
      1.0
    ],
    "val_csi_structure_preference_rf": [
      -0.05943243290865652,
      -0.12238066436059888,
      -0.13639209498563473
    ],
    "val_csi_r2_mediated_rf": [
      0.2503615522386035,
      0.18972753625113112,
      0.14371521076252788
    ],
    "val_csi_r2_direct_rf": [
      0.30979398514726003,
      0.31210820061173,
      0.2801073057481626
    ],
    "val_csi_r2_m_only_rf": [
      0.9828885900778084,
      0.9953013089386781,
      0.9968571436767819
    ],
    "val_csi_r2_perm_rf": [
      0.1836715677474009,
      0.02008903762413052,
      -0.07742540612391195
    ],
    "val_csi_csi_score_linear": [
      1.0,
      1.0,
      0.5
    ],
    "val_csi_structure_preference_linear": [
      0.012044300635655716,
      -0.059613245228926345,
      -0.1555194606383642
    ],
    "val_csi_r2_mediated_linear": [
      -0.08778848499059677,
      0.08945618073145549,
      -0.8971530621250471
    ],
    "val_csi_r2_direct_linear": [
      -0.09983278562625249,
      0.14906942596038184,
      -0.7416336014866829
    ],
    "val_csi_r2_m_only_linear": [
      0.9741043249766032,
      0.9947009285291036,
      0.9988369941711426
    ],
    "val_csi_r2_perm_linear": [
      -0.10667486985524495,
      0.04110403151975738,
      -0.5273899377013246
    ],
    "val_mbri": [
      0.6538381787618204,
      0.6407221410204806,
      0.6328142536454994
    ],
    "val_ric_score": [
      0.42575909093793496,
      0.427507649936472,
      0.43136762545435836
    ],
    "val_ric_treatment": [
      0.6111006677691536,
      0.6084415362686273,
      0.6175436251597762
    ],
    "val_ric_mediator": [
      0.35444702667366274,
      0.3615464950308599,
      0.3785348656227161
    ],
    "val_ric_outcome": [
      0.3117295783709886,
      0.3125349185099287,
      0.29802438558058264
    ],
    "val_ric_components": [
      3,
      3,
      3
    ],
    "val_psr": [
      -0.3556465423751463,
      -0.3556465423751463,
      -0.3556465423751463
    ],
    "val_psr_interaction": [
      -0.1705506703801447,
      -0.1705506703801447,
      -0.1705506703801447
    ],
    "val_mni": [
      1.0,
      1.0,
      1.0
    ],
    "val_mni_conditional": [
      0.0,
      0.0,
      0.0
    ],
    "val_y_gate_mean": [
      0.5220857858657837,
      0.5210109949111938,
      0.5185921788215637
    ],
    "val_y_gate_std": [
      0.1271822303533554,
      0.200044646859169,
      0.2487153857946396
    ],
    "val_struct_score": [
      0.61919559352579,
      0.6155737687678439,
      0.6134399244168183
    ]
  },
  "best_metric": -251071152128.0,
  "total_steps": 300,
  "total_epochs": 3
}