{
  "train_metrics": {
    "train_total_loss": [
      -42968.925133363904
    ],
    "train_mac": [
      -0.7274934396892786
    ],
    "train_align": [
      2.3456679725646974
    ],
    "train_ci": [
      -40120.972238275295
    ]
  },
  "val_metrics": {
    "val_total_loss": [
      -269679.79326923075
    ],
    "val_mac": [
      0.6279153498848312
    ],
    "val_align": [
      2.077306472338163
    ],
    "val_ci": [
      -269681.17908653844
    ],
    "val_cip": [
      0.0
    ],
    "val_csi": [
      0.25
    ],
    "val_csi_structure_preference_rf": [
      -0.08696750607966909
    ],
    "val_csi_r2_mediated_rf": [
      0.090828322509043
    ],
    "val_csi_r2_direct_rf": [
      0.1777958285887121
    ],
    "val_csi_r2_m_only_rf": [
      0.922566763842036
    ],
    "val_csi_r2_perm_rf": [
      0.15389476285119594
    ],
    "val_csi_csi_score_linear": [
      0.75
    ],
    "val_csi_structure_preference_linear": [
      0.001195626954237583
    ],
    "val_csi_r2_mediated_linear": [
      -0.738134428858757
    ],
    "val_csi_r2_direct_linear": [
      -0.7393300558129946
    ],
    "val_csi_r2_m_only_linear": [
      0.8783277074495951
    ],
    "val_csi_r2_perm_linear": [
      -0.7725675296452311
    ],
    "val_mbri": [
      0.6607764360148708
    ],
    "val_ric_score": [
      0.43453608388413634
    ],
    "val_ric_treatment": [
      0.6138724668152792
    ],
    "val_ric_mediator": [
      0.3539283426453214
    ],
    "val_ric_outcome": [
      0.3358074421918085
    ],
    "val_ric_components": [
      3
    ],
    "val_psr": [
      -0.3556465423751463
    ],
    "val_psr_interaction": [
      -0.1705506703801447
    ],
    "val_mni": [
      1.0
    ],
    "val_mni_conditional": [
      0.0
    ],
    "val_y_gate_mean": [
      0.4862876832485199
    ],
    "val_y_gate_std": [
      0.1319185495376587
    ],
    "val_struct_score": [
      0.3739401896298132
    ]
  },
  "best_metric": -269679.79326923075,
  "total_steps": 100,
  "total_epochs": 1
}