{
  "train_metrics": {
    "train_total_loss": [
      0.6737138438224792,
      -6057.600096306801,
      -5677951.5071875
    ],
    "train_mac": [
      -0.670537977218628,
      -0.7516026985645294,
      -0.6411327373981476
    ],
    "train_align": [
      2.558503293991089,
      2.311695303916931,
      2.625722894668579
    ],
    "train_ci": [
      -0.4569152745604515,
      -3709.989075009823,
      -1695774.23921875
    ]
  },
  "val_metrics": {
    "val_total_loss": [
      2.875432252883911,
      -19639.454833984375,
      -3246342.25
    ],
    "val_mac": [
      0.7343866225119737,
      0.6552372074441523,
      0.6389600146747116
    ],
    "val_align": [
      3.8575937747955322,
      1.8104747533798218,
      2.112559676170349
    ],
    "val_ci": [
      -0.3993440344929695,
      -19640.721923828125,
      -3246343.8125
    ],
    "val_cip": [
      1.0,
      0.0,
      0.0
    ],
    "val_csi": [
      1.0,
      0.5,
      1.0
    ],
    "val_csi_structure_preference_rf": [
      0.20684916994023383,
      -0.023320053691426118,
      -0.07669938625192155
    ],
    "val_csi_r2_mediated_rf": [
      -0.11839600875637384,
      -0.115330559354328,
      0.0589760978214079
    ],
    "val_csi_r2_direct_rf": [
      -0.3252451786966077,
      -0.09201050566290188,
      0.13567548407332944
    ],
    "val_csi_r2_m_only_rf": [
      0.22911819520522805,
      0.5937428497848485,
      0.802463328764103
    ],
    "val_csi_r2_perm_rf": [
      -0.5203077741864414,
      -0.150317037109333,
      -0.10654590188441682
    ],
    "val_csi_csi_score_linear": [
      0.25,
      0.5,
      0.75
    ],
    "val_csi_structure_preference_linear": [
      -36.01831944783527,
      -0.9970860481262207,
      1.182249744733177
    ],
    "val_csi_r2_mediated_linear": [
      -407.40359115600586,
      -405.37862761815387,
      -50.50947300593058
    ],
    "val_csi_r2_direct_linear": [
      -371.3852717081706,
      -404.38154157002765,
      -51.69172275066376
    ],
    "val_csi_r2_m_only_linear": [
      -0.999402662118276,
      0.2781648188829422,
      0.6531321803728739
    ],
    "val_csi_r2_perm_linear": [
      -304.19392818874786,
      -405.3448967933655,
      -50.6822229358885
    ],
    "val_mbri": [
      0.5182684463102661,
      0.5657285648732826,
      0.5667376340226074
    ],
    "val_ric_score": [
      0.44084990758112474,
      0.42315107772823807,
      0.42728434307609103
    ],
    "val_ric_treatment": [
      0.5383091496491219,
      0.5235909651413557,
      0.5125549256912242
    ],
    "val_ric_mediator": [
      0.39614816193056046,
      0.3961911588244715,
      0.3698902815599571
    ],
    "val_ric_outcome": [
      0.38809241116369186,
      0.3496711092188869,
      0.39940782197709185
    ],
    "val_ric_components": [
      3,
      3,
      3
    ],
    "val_psr": [
      0.4562274746229583,
      0.4562274746229583,
      0.4562274746229583
    ],
    "val_psr_interaction": [
      0.15617937598369513,
      0.15617937598369513,
      0.15617937598369513
    ],
    "val_mni": [
      1.0,
      1.0,
      1.0
    ],
    "val_mni_conditional": [
      0.0,
      0.0,
      0.0
    ],
    "val_y_gate_mean": [
      0.4923764765262604,
      0.487502783536911,
      0.48556309938430786
    ],
    "val_y_gate_std": [
      0.09187445044517517,
      0.10873866826295853,
      0.13748838007450104
    ],
    "val_struct_score": [
      0.7356760644323318,
      0.5143349035240902,
      0.5841727809137669
    ]
  },
  "best_metric": -3246342.25,
  "total_steps": 75,
  "total_epochs": 3
}