{
  "train_metrics": {
    "train_total_loss": [
      -0.6030354338884354,
      -2171794.090183716,
      -718607688.68
    ],
    "train_mac": [
      -0.7166717560589313,
      -0.687225477695465,
      -0.6037435328960419
    ],
    "train_align": [
      2.370565798282623,
      2.372863028049469,
      2.679489464759827
    ],
    "train_ci": [
      -1.3926478004455567,
      -1225139.9251158906,
      -214619020.72
    ]
  },
  "val_metrics": {
    "val_total_loss": [
      -17.34776129041399,
      -2774771.65625,
      -718153938.2857143
    ],
    "val_mac": [
      0.7023549932600751,
      0.5645659927968731,
      0.5737904555875064
    ],
    "val_align": [
      1.8795108880315508,
      2.2316342081342424,
      2.048092688832964
    ],
    "val_ci": [
      -18.58492033822196,
      -2774773.433035714,
      -718153938.8571428
    ],
    "val_cip": [
      1.0,
      1.0,
      1.0
    ],
    "val_csi": [
      0.75,
      1.0,
      1.0
    ],
    "val_csi_structure_preference_rf": [
      -0.1467572543425971,
      -0.04587542698475702,
      0.06111617019512117
    ],
    "val_csi_r2_mediated_rf": [
      -0.0708027627570965,
      0.19233211567940234,
      0.5616026154077084
    ],
    "val_csi_r2_direct_rf": [
      0.07595449158550059,
      0.23820754266415936,
      0.5004864452125872
    ],
    "val_csi_r2_m_only_rf": [
      0.5741604436772229,
      0.9187875650976576,
      0.986314724810699
    ],
    "val_csi_r2_perm_rf": [
      -0.08376726634255155,
      -0.16519077722633116,
      -0.1248966499155277
    ],
    "val_csi_csi_score_linear": [
      1.0,
      1.0,
      1.0
    ],
    "val_csi_structure_preference_linear": [
      109.54898262023926,
      -5.652319272359215,
      1.2687535683314017
    ],
    "val_csi_r2_mediated_linear": [
      -135.00002654393515,
      -64.2835431098938,
      -19.416302998860676
    ],
    "val_csi_r2_direct_linear": [
      -244.5490091641744,
      -58.631223837534584,
      -20.685056567192078
    ],
    "val_csi_r2_m_only_linear": [
      -13.913946151733398,
      -2.4509124755859375,
      0.8688862125078837
    ],
    "val_csi_r2_perm_linear": [
      -424.85432211558026,
      -71.63907967673407,
      -182.46353171931375
    ],
    "val_mbri": [
      0.5738892727962316,
      0.6072349457135665,
      0.5736969838090089
    ],
    "val_ric_score": [
      0.4387852920739361,
      0.42735429413575815,
      0.4195586349373121
    ],
    "val_ric_treatment": [
      0.5674574153770106,
      0.5767570061648709,
      0.5719174514473492
    ],
    "val_ric_mediator": [
      0.420919481838063,
      0.3668525209449596,
      0.3638918479475944
    ],
    "val_ric_outcome": [
      0.3279789790067346,
      0.33845335529744386,
      0.32286660541699264
    ],
    "val_ric_components": [
      3,
      3,
      3
    ],
    "val_psr": [
      0.2988209695741172,
      0.2988209695741172,
      0.2988209695741172
    ],
    "val_psr_interaction": [
      0.13930512290594477,
      0.13930512290594477,
      0.13930512290594477
    ],
    "val_mni": [
      1.0,
      1.0,
      1.0
    ],
    "val_mni_conditional": [
      0.0,
      0.0,
      0.0
    ],
    "val_y_gate_mean": [
      0.4898192584514618,
      0.4904744327068329,
      0.4909007251262665
    ],
    "val_y_gate_std": [
      0.09540814906358719,
      0.13833405077457428,
      0.19637952744960785
    ],
    "val_struct_score": [
      0.6805500753863372,
      0.6997108860314736,
      0.6951238634154207
    ]
  },
  "best_metric": -718153938.2857143,
  "total_steps": 150,
  "total_epochs": 3
}