{
  "train_metrics": {
    "train_total_loss": [
      -77735.73024094939,
      -276514801.034375,
      -35772709080.96,
      -1110751630295.04,
      -16689117391749.12,
      -128832573768990.72,
      -416610052514775.06,
      -650588061821829.1,
      -1245196331253760.0,
      -2764381864213872.5
    ],
    "train_mbr": [
      -3588.41432410121,
      -3430017.3002539063,
      -55331382.975,
      -224257319.76,
      -570041103.04,
      -1152034333.44,
      -2032356115.2,
      -3118965169.92,
      -4376835340.8,
      -5722025256.96
    ],
    "train_mac": [
      -0.6221977959573269,
      -0.6149105128645896,
      -0.5875712171196937,
      -0.5823929059505463,
      -0.5732329759001732,
      -0.5772318094968796,
      -0.5817350295186042,
      -0.5637380337715149,
      -0.5738797579705716,
      -0.5724011182785034
    ],
    "train_align": [
      2.493910131454468,
      2.6435322737693787,
      2.8208317017555236,
      2.9572391748428344,
      3.0305774855613707,
      3.117092607021332,
      3.159653799533844,
      3.196341161727905,
      3.220718183517456,
      3.2325958156585695
    ],
    "train_ci": [
      -33171.39565596849,
      -130837508.3615625,
      -17988703823.36,
      -624918162268.16,
      -10523940540907.52,
      -94349023762186.23,
      -525614790391889.94,
      -1970144558406697.0,
      -5445342355836109.0,
      -1.2149617295244656e+16
    ],
    "train_mbr_mi_zm_y": [
      1.9599125015735626,
      2.279293819665909,
      2.4500022625923155,
      2.516214814186096,
      2.598382592201233,
      2.579908564090729,
      2.6613038301467897,
      2.704413492679596,
      2.7434295272827147,
      2.7213519859313964
    ],
    "train_mbr_cmi_zt_y_zm": [
      -3590.374231597148,
      -3430019.55890625,
      -55331384.85,
      -224257319.76,
      -570041103.04,
      -1152034333.44,
      -2032356115.2,
      -3118965169.92,
      -4376835340.8,
      -5722025256.96
    ],
    "train_decor": [
      0.0005781127650698181,
      0.000578034792561084,
      0.0005907019077858422,
      0.0006055291600932833,
      0.0005969804745109286,
      0.0005919645856192801
    ],
    "train_adv_t": [
      0.8914283743500709,
      0.9404993972182274,
      1.2280544647574425,
      2.1161612433195116,
      3.8324757421016695,
      5.763195749521255
    ]
  },
  "val_metrics": {
    "val_total_loss": [
      -369305.72235576925,
      -1178203283.6923077,
      -141702416541.53845,
      -5724219294956.308,
      -55003653865472.0,
      -322945763246080.0,
      -2200269338100972.2,
      -7507528229000113.0,
      -1.6668560141542006e+16,
      -3.278499397763072e+16
    ],
    "val_mbr": [
      -17389.170072115383,
      -10670811.5,
      -114698323.6923077,
      -518717340.3076923,
      -789056445.5384616,
      -1151666843.0769231,
      -2770191074.4615383,
      -4234129092.923077,
      -5075292356.923077,
      -6191533528.615385
    ],
    "val_mac": [
      0.5791438331905877,
      0.5835102260250593,
      0.5874549735619593,
      0.5985168507609216,
      0.5743790583222209,
      0.5434233174763295,
      0.5809499835217953,
      0.5709969287301245,
      0.5733733977139315,
      0.5697425868001551
    ],
    "val_align": [
      2.1743233020489035,
      2.3187662271352916,
      2.5056527944711537,
      2.836846645061786,
      2.7346109610337477,
      2.618192966167743,
      3.1811097952035756,
      2.937489619621864,
      2.8916184718792257,
      2.9429023265838623
    ],
    "val_ci": [
      -174219.7782451923,
      -582699159.3846154,
      -70782389169.23077,
      -2861798422055.385,
      -27501353379682.46,
      -161472190853435.06,
      -1100133001653326.8,
      -3753761585012106.0,
      -8334276994087700.0,
      -1.6392493437207788e+16
    ],
    "val_mbr_mi_zm_y": [
      1.8688765672536998,
      2.174694143808805,
      2.3013454400576077,
      2.5065457820892334,
      2.4051668552251964,
      2.3437357682448168,
      2.691686465190007,
      2.5062948832145104,
      2.5140635325358462,
      2.469069169117854
    ],
    "val_mbr_cmi_zt_y_zm": [
      -17391.0390625,
      -10670813.557692308,
      -114698324.61538461,
      -518717340.3076923,
      -789056445.5384616,
      -1151666843.0769231,
      -2770191074.4615383,
      -4234129092.923077,
      -5075292356.923077,
      -6191533528.615385
    ],
    "val_cip": [
      1.0,
      1.0,
      1.0,
      1.0,
      1.0,
      1.0,
      1.0,
      1.0,
      1.0,
      1.0
    ],
    "val_csi": [
      1.0,
      1.0,
      1.0,
      1.0,
      1.0,
      1.0,
      1.0,
      1.0,
      1.0,
      1.0
    ],
    "val_csi_structure_preference_rf": [
      -0.11496545827592994,
      -0.1362914989233144,
      -0.14957035834617127,
      -0.11901732754732913,
      -0.1423822663411499,
      -0.0801775229628082,
      -0.13213155665410606,
      -0.13261129890633097,
      -0.15546939631141166,
      -0.1926650481879411
    ],
    "val_csi_r2_mediated_rf": [
      0.22885950830875576,
      0.2088932184105147,
      0.11734518048943127,
      0.16385630524813133,
      0.17380522759257847,
      0.21598486862707442,
      0.11236306471919855,
      0.1941315304740703,
      0.11664362241670874,
      0.0878558890312302
    ],
    "val_csi_r2_direct_rf": [
      0.3438249665846857,
      0.3451847173338291,
      0.26691553883560254,
      0.28287363279546046,
      0.31618749393372836,
      0.2961623915898826,
      0.2444946213733046,
      0.3267428293804013,
      0.2721130187281204,
      0.2805209372191713
    ],
    "val_csi_r2_m_only_rf": [
      0.9774651937316259,
      0.9978258408706733,
      0.9978687009679491,
      0.9981323267730016,
      0.9971282936658857,
      0.9974521689338879,
      0.9979593240728549,
      0.9971967012057,
      0.9968879281502595,
      0.9980915420202262
    ],
    "val_csi_r2_perm_rf": [
      0.19190088482776788,
      0.08093935360951975,
      -0.016067368691298527,
      -0.12154603843203478,
      0.09072898655254086,
      -0.03687172106009654,
      -0.06932029679473399,
      0.01688691161396468,
      -0.24051719067107735,
      -0.2764858199289828
    ],
    "val_csi_csi_score_linear": [
      0.5,
      0.5,
      0.5,
      0.5,
      0.75,
      0.5,
      0.25,
      0.25,
      0.25,
      0.25
    ],
    "val_csi_structure_preference_linear": [
      -0.0404127836227417,
      0.03851163387298584,
      0.11099243311521906,
      0.0037093109761675014,
      -0.07792978485425314,
      -0.22788185067474837,
      0.03613813407719135,
      -0.06992368524273235,
      -0.2630413497487704,
      -0.043997983584025235
    ],
    "val_csi_r2_mediated_linear": [
      -0.301134596268336,
      -0.16495779156684875,
      -0.37201426550745964,
      -0.48947056538114947,
      -0.08165832857290904,
      -0.5148531987021366,
      -1.4042156971991062,
      -0.25162383293112117,
      -0.35440529386202496,
      -0.2794986395941426
    ],
    "val_csi_r2_direct_linear": [
      -0.2607218126455943,
      -0.2034694254398346,
      -0.4830066986226787,
      -0.49317987635731697,
      -0.0037285437186559043,
      -0.2869713480273883,
      -1.4403538312762976,
      -0.18170014768838882,
      -0.09136394411325455,
      -0.23550065601011738
    ],
    "val_csi_r2_m_only_linear": [
      0.9582489530245463,
      0.9974143703778585,
      0.9989392558733622,
      0.9996716181437174,
      0.999749759833018,
      0.9997602701187134,
      0.9998413920402527,
      0.9998858968416849,
      0.9999380310376486,
      0.9999337792396545
    ],
    "val_csi_r2_perm_linear": [
      -0.2874498913685481,
      -0.10136280701650928,
      -0.32039723643619156,
      -0.45257727708667517,
      -0.21788432852675518,
      -0.2741396750013034,
      0.049738576635718346,
      -0.08924074393386643,
      -0.1271544245796071,
      0.17692518151468703
    ],