{
  "train_metrics": {
    "train_total_loss": [
      -530187.4616592372,
      -1804595478.585,
      -218978769182.72
    ],
    "train_mbr": [
      -1672.8160061997175,
      -43027.73834472656,
      -132949.94484375
    ],
    "train_mac": [
      -0.5994536784291268,
      -0.6238328230381012,
      -0.597719591408968
    ],
    "train_align": [
      2.564776396751404,
      2.795175755023956,
      2.981100182533264
    ],
    "train_ci": [
      -60308.71227752194,
      -205251912.87625,
      -24906315473.28
    ],
    "train_mbr_mi_zm_y": [
      2.01060995221138,
      2.178411418199539,
      2.553836603164673
    ],
    "train_mbr_cmi_zt_y_zm": [
      -1674.8266104098036,
      -43029.916884765626,
      -132952.498359375
    ]
  },
  "val_metrics": {
    "val_total_loss": [
      -733734.4350961539,
      -2374817526.1538463,
      -186908303360.0
    ],
    "val_mbr": [
      -5936.7141676682695,
      -85615.95853365384,
      -187055.30739182694
    ],
    "val_mac": [
      0.5919786045504254,
      0.6162671500129764,
      0.5873028270176384
    ],
    "val_align": [
      2.292088132638198,
      2.4987715849509606,
      2.6160460985623875
    ],
    "val_ci": [
      -363305.64182692306,
      -1187357390.7692308,
      -93454039985.23077
    ],
    "val_mbr_mi_zm_y": [
      1.869262090096107,
      2.1732569382740903,
      2.515158699109004
    ],
    "val_mbr_cmi_zt_y_zm": [
      -5938.583364633413,
      -85618.13236177884,
      -187057.8251201923
    ],
    "val_cip": [
      1.0,
      1.0,
      1.0
    ],
    "val_csi": [
      0.75,
      1.0,
      1.0
    ],
    "val_csi_structure_preference_rf": [
      -0.08777671164975759,
      -0.208361472968712,
      -0.1438038832746587
    ],
    "val_csi_r2_mediated_rf": [
      0.16387878256111466,
      0.09501874622803785,
      0.11662967006234476
    ],
    "val_csi_r2_direct_rf": [
      0.25165549421087224,
      0.30338021919674985,
      0.26043355333700346
    ],
    "val_csi_r2_m_only_rf": [
      0.9721380395234975,
      0.9978335970253426,
      0.997388816402486
    ],
    "val_csi_r2_perm_rf": [
      0.14337282200021653,
      -0.057460021830642714,
      -0.035794781061134394
    ],
    "val_csi_csi_score_linear": [
      0.75,
      0.75,
      0.25
    ],
    "val_csi_structure_preference_linear": [
      -0.005571415647864342,
      0.016876639643063157,
      0.1800710757573445
    ],
    "val_csi_r2_mediated_linear": [
      -0.19319841638207436,
      -0.19998255372047424,
      -1.4864855358997981
    ],
    "val_csi_r2_direct_linear": [
      -0.18762700073421001,
      -0.2168591933635374,
      -1.6665566116571426
    ],
    "val_csi_r2_m_only_linear": [
      0.952151358127594,
      0.9968628088633219,
      0.9981000423431396
    ],
    "val_csi_r2_perm_linear": [
      -0.21137860158665311,
      -0.24179831618029213,
      -0.9974214235941569
    ],
    "val_mbri": [
      0.5736893948648862,
      0.6484775603576804,
      0.6390516293358718
    ],
    "val_ric_score": [
      0.4149603072105943,
      0.4314746193994827,
      0.4200787524613268
    ],
    "val_ric_treatment": [
      0.6135568044457508,
      0.6145570465263792,
      0.6069119691755618
    ],
    "val_ric_mediator": [
      0.3238718638459147,
      0.38073191822998953,
      0.35632273349546867
    ],
    "val_ric_outcome": [
      0.30745225334011744,
      0.29913489344207933,
      0.29700155471295003
    ],
    "val_ric_components": [
      3,
      3,
      3
    ],
    "val_psr": [
      -0.3556465423751463,
      -0.3556465423751463,
      -0.3556465423751463
    ],
    "val_psr_interaction": [
      -0.1705506703801447,
      -0.1705506703801447,
      -0.1705506703801447
    ],
    "val_mni": [
      1.0,
      1.0,
      1.0
    ],
    "val_mni_conditional": [
      0.0,
      0.0,
      0.0
    ],
    "val_y_gate_mean": [
      0.5142835378646851,
      0.5267794728279114,
      0.5258987545967102
    ],
    "val_y_gate_std": [
      0.15477705001831055,
      0.24847614765167236,
      0.256222665309906
    ],
    "val_struct_score": [
      0.5678545377501085,
      0.6200818267707133,
      0.6129695237770987
    ]
  },
  "best_metric": -186908303360.0,
  "total_steps": 300,
  "total_epochs": 3
}