{
  "scenario": "IM",
  "metrics": {
    "CIP": {
      "cip_score": 0.0,
      "p_value": 0.008563915039638478,
      "correlation": 0.18544472754001617,
      "n_samples": 200
    },
    "CSI": {
      "csi_score": 0.25,
      "csi_score_rf": 0.25,
      "r2_mediated_rf": -0.18344420609262815,
      "r2_direct_rf": 0.033951953752355345,
      "r2_m_only_rf": 0.9993335460267773,
      "structure_preference_rf": -0.2173961598449835,
      "r2_perm_rf": -0.07746567031012445,
      "csi_score_linear": 0.75,
      "r2_mediated_linear": -1.7816537419954936,
      "r2_direct_linear": -1.7356270849704742,
      "r2_m_only_linear": 0.9987451434135437,
      "structure_preference_linear": -0.0460266570250194,
      "r2_perm_linear": -1.5640324768092897,
      "features_T": 64,
      "features_M": 64,
      "features_Y": 64,
      "n_samples": 200,
      "cv_splits": 3,
      "perm_samples": 3
    },
    "MBRI": {
      "mbri_score": 0.7101080801748423,
      "mi_m_y": 0.46861902691817564,
      "mi_t_y": 0.19130730387602085,
      "boundary_strength": 2.44956148002721
    },
    "MAC": {
      "mac_score": 0.5888514621405906,
      "correlation": 0.5888514621405906,
      "p_value": 0.0,
      "n_pairs": 19900
    },
    "RIC": {
      "treatment": 0.5973133350663594,
      "mi_treatment": 1.3984443284787509,
      "h_treatment": 2.341224011598963,
      "mediator": 0.3725434215610524,
      "mi_mediator": 0.8266959358219713,
      "h_mediator": 2.2190592673263945,
      "outcome": 0.3021683958518811,
      "mi_outcome": 0.6399487040774416,
      "h_outcome": 2.1178545137111295,
      "ric_score": 0.42400838415976433,
      "ric_components": 3
    },
    "PSR": {
      "psr_score": -0.17871113858147022,
      "interaction_information": -0.08668235768398702,
      "mi_t_y": 0.48504171800388685,
      "h_t": 2.341224011598963,
      "h_m": 2.2190592673263945,
      "h_y": 2.1178545137111295
    },
    "MNI": {
      "mni_score": 1.0,
      "mi_total": 0.10661515643940622,
      "mi_conditional": 0.0,
      "mi_joint": 0.8111777880628575,
      "mi_mediator": 1.5157404196863087
    }
  },
  "summary": {
    "main_scores": {
      "CIP": 0.0,
      "CSI": 0.25,
      "MBRI": 0.7101080801748423,
      "MAC": 0.5888514621405906,
      "RIC": 0.42400838415976433,
      "PSR": -0.17871113858147022,
      "MNI": 1.0
    },
    "overall_score": 0.3991795411276753,
    "representation_quality": {
      "z_T": {
        "mean_norm": 5.154016017913818,
        "std_norm": 3.4459078311920166,
        "mean_activation": 0.0005858603399246931,
        "std_activation": 0.7749812602996826
      },
      "z_M": {
        "mean_norm": 35.12642288208008,
        "std_norm": 62.236541748046875,
        "mean_activation": -0.06452522426843643,
        "std_activation": 8.932897567749023
      },
      "z_Y": {
        "mean_norm": 11.621740341186523,
        "std_norm": 20.85485076904297,
        "mean_activation": -0.2619757652282715,
        "std_activation": 2.9727859497070312
      }
    }
  },
  "representation_shapes": {
    "z_T": [
      200,
      64
    ],
    "z_M": [
      200,
      64
    ],
    "z_Y": [
      200,
      64
    ],
    "T": [
      200
    ],
    "M": [
      200
    ],
    "Y_star": [
      200
    ],
    "a_M": [
      200
    ],
    "a_Y": [
      200
    ],
    "b_style": [
      200
    ],
    "subject_id": [
      200
    ],
    "scenario": [
      200
    ]
  },
  "n_samples": 200
}