{
  "train_metrics": {
    "train_total_loss": [
      0.6887232697010041,
      -7519.113145465851,
      -7121200.460625
    ],
    "train_mac": [
      -0.6817565453052521,
      -0.7755104970932006,
      -0.6524864339828491
    ],
    "train_align": [
      2.5352105379104612,
      2.2419414854049684,
      2.4391698598861695
    ],
    "train_ci": [
      -0.42105585500597953,
      -4570.674470558167,
      -2126814.268984375
    ]
  },
  "val_metrics": {
    "val_total_loss": [
      2.8446348011493683,
      -25928.17529296875,
      -2102010.125
    ],
    "val_mac": [
      0.777290492053265,
      0.7158200180561621,
      0.6483548394888133
    ],
    "val_align": [
      3.7947103679180145,
      1.6232504099607468,
      1.6523699909448624
    ],
    "val_ci": [
      -0.3291219621896744,
      -25929.2001953125,
      -2102011.21875
    ],
    "val_cip": [
      0.0,
      1.0,
      0.0
    ],
    "val_csi": [
      0.25,
      1.0,
      0.75
    ],
    "val_csi_structure_preference_rf": [
      0.10766091802459901,
      0.03251633492701204,
      -0.033153962043347834
    ],
    "val_csi_r2_mediated_rf": [
      -0.1917823921261125,
      -0.059008015551021815,
      -0.22804626104256961
    ],
    "val_csi_r2_direct_rf": [
      -0.2994433101507115,
      -0.09152435047803385,
      -0.19489229899922178
    ],
    "val_csi_r2_m_only_rf": [
      0.4541314591881276,
      0.6946654123435393,
      0.7811085568866881
    ],
    "val_csi_r2_perm_rf": [
      -0.12564128355816837,
      -0.17738472224432342,
      -0.28684086828562877
    ],
    "val_csi_csi_score_linear": [
      1.0,
      0.75,
      0.75
    ],
    "val_csi_structure_preference_linear": [
      84.41177272796631,
      29.50232760111612,
      0.10215361913037668
    ],
    "val_csi_r2_mediated_linear": [
      -2163.394500096639,
      -29838.177930196125,
      -1621.1868686676025
    ],
    "val_csi_r2_direct_linear": [
      -2247.8062728246055,
      -29867.68025779724,
      -1621.289022286733
    ],
    "val_csi_r2_m_only_linear": [
      0.1663753571920097,
      0.5557815531889597,
      0.7555326819419861
    ],
    "val_csi_r2_perm_linear": [
      -3662.047013812595,
      -29875.000692367554,
      -1625.4443134731716
    ],
    "val_mbri": [
      0.5244391716420307,
      0.5225031789134297,
      0.5152170659850811
    ],
    "val_ric_score": [
      0.47724485770773534,
      0.47091001146465344,
      0.453935803357546
    ],
    "val_ric_treatment": [
      0.5384353267882422,
      0.5274409551035715,
      0.5251040531575575
    ],
    "val_ric_mediator": [
      0.4561143594683585,
      0.49582946871041855,
      0.42898695211279025
    ],
    "val_ric_outcome": [
      0.43718488686660534,
      0.38945961057997047,
      0.40771640480229027
    ],
    "val_ric_components": [
      3,
      3,
      3
    ],
    "val_psr": [
      0.12802776006583858,
      0.12802776006583858,
      0.12802776006583858
    ],
    "val_psr_interaction": [
      0.05592448870536071,
      0.05592448870536071,
      0.05592448870536071
    ],
    "val_mni": [
      1.0,
      1.0,
      1.0
    ],
    "val_mni_conditional": [
      0.0,
      0.0,
      0.0
    ],
    "val_y_gate_mean": [
      0.4925885796546936,
      0.48596903681755066,
      0.4860067069530487
    ],
    "val_y_gate_std": [
      0.0923766940832138,
      0.11451157927513123,
      0.12517192959785461
    ],
    "val_struct_score": [
      0.4510003259241242,
      0.6910372812142977,
      0.49936220984246843
    ]
  },
  "best_metric": -2102010.125,
  "total_steps": 75,
  "total_epochs": 3
}