{
  "train_metrics": {
    "train_total_loss": [
      -42968.925133363904,
      -184249528.94,
      -19955748240.0
    ],
    "train_mac": [
      -0.7274934396892786,
      -0.6436958268284798,
      -0.6003473401069641
    ],
    "train_align": [
      2.3456679725646974,
      2.712212543487549,
      2.885874903202057
    ],
    "train_ci": [
      -40120.972238275295,
      -187025523.869375,
      -24626634922.24
    ]
  },
  "val_metrics": {
    "val_total_loss": [
      -269679.79326923075,
      -943230464.0,
      -99022234545.23077
    ],
    "val_mac": [
      0.6279153498848312,
      0.6121856574082556,
      0.5935753003096937
    ],
    "val_align": [
      2.077306472338163,
      2.554907963826106,
      2.5441365792201114
    ],
    "val_ci": [
      -269681.17908653844,
      -943230464.0,
      -99022234545.23077
    ],
    "val_cip": [
      0.0,
      1.0,
      1.0
    ],
    "val_csi": [
      0.25,
      1.0,
      1.0
    ],
    "val_csi_structure_preference_rf": [
      -0.08696750607966909,
      -0.09517157086485276,
      -0.09337470944966997
    ],
    "val_csi_r2_mediated_rf": [
      0.090828322509043,
      0.19110827692180712,
      0.23290460703272486
    ],
    "val_csi_r2_direct_rf": [
      0.1777958285887121,
      0.2862798477866599,
      0.32627931648239483
    ],
    "val_csi_r2_m_only_rf": [
      0.922566763842036,
      0.9944336196249223,
      0.9967031133334663
    ],
    "val_csi_r2_perm_rf": [
      0.15389476285119594,
      0.04622693187275504,
      -0.1820149164411873
    ],
    "val_csi_csi_score_linear": [
      0.75,
      0.25,
      0.5
    ],
    "val_csi_structure_preference_linear": [
      0.001195626954237583,
      -0.0271758995950222,
      -0.004246075948079436
    ],
    "val_csi_r2_mediated_linear": [
      -0.738134428858757,
      -0.9930280509094397,
      -0.141948023190101
    ],
    "val_csi_r2_direct_linear": [
      -0.7393300558129946,
      -0.9658521513144175,
      -0.13770194724202156
    ],
    "val_csi_r2_m_only_linear": [
      0.8783277074495951,
      0.9898184140523275,
      0.9981847206751505
    ],
    "val_csi_r2_perm_linear": [
      -0.7725675296452311,
      -0.7292883549299504,
      -0.09830174696010847
    ],
    "val_mbri": [
      0.6607764360148708,
      0.630787140533839,
      0.6710696892502177
    ],
    "val_ric_score": [
      0.43453608388413634,
      0.43438798389376293,
      0.4345715581857476
    ],
    "val_ric_treatment": [
      0.6138724668152792,
      0.6161482233214622,
      0.6193154975763722
    ],
    "val_ric_mediator": [
      0.3539283426453214,
      0.364419165800675,
      0.36840731210621447
    ],
    "val_ric_outcome": [
      0.3358074421918085,
      0.3225965625591514,
      0.3159918648746561
    ],
    "val_ric_components": [
      3,
      3,
      3
    ],
    "val_psr": [
      -0.3556465423751463,
      -0.3556465423751463,
      -0.3556465423751463
    ],
    "val_psr_interaction": [
      -0.1705506703801447,
      -0.1705506703801447,
      -0.1705506703801447
    ],
    "val_mni": [
      1.0,
      1.0,
      1.0
    ],
    "val_mni_conditional": [
      0.0,
      0.0,
      0.0
    ],
    "val_y_gate_mean": [
      0.4862876832485199,
      0.486348956823349,
      0.4851900339126587
    ],
    "val_y_gate_std": [
      0.1319185495376587,
      0.21648786962032318,
      0.24332205951213837
    ],
    "val_struct_score": [
      0.3739401896298132,
      0.6173877484943873,
      0.6205100007672161
    ]
  },
  "best_metric": -99022234545.23077,
  "total_steps": 300,
  "total_epochs": 3
}