{
  "scenario": "IM",
  "metrics": {
    "CIP": {
      "cip_score": 1.0,
      "p_value": 0.06408691442870618,
      "correlation": 0.18587726354599,
      "n_samples": 100
    },
    "CSI": {
      "csi_score": 0.75,
      "csi_score_rf": 0.75,
      "r2_mediated_rf": 0.010885160315142547,
      "r2_direct_rf": 0.18066139210358637,
      "r2_m_only_rf": 0.9958886007314129,
      "structure_preference_rf": -0.1697762317884438,
      "r2_perm_rf": -0.12290676413007824,
      "csi_score_linear": 1.0,
      "r2_mediated_linear": -18.730387449264526,
      "r2_direct_linear": -14.812617937723795,
      "r2_m_only_linear": 0.9557715257008871,
      "structure_preference_linear": -3.9177695115407314,
      "r2_perm_linear": -36.44934595955743,
      "features_T": 64,
      "features_M": 64,
      "features_Y": 64,
      "n_samples": 100,
      "cv_splits": 3,
      "perm_samples": 3
    },
    "MBRI": {
      "mbri_score": 0.48845433738318594,
      "mi_m_y": 0.5308602936125684,
      "mi_t_y": 0.5559563197315203,
      "boundary_strength": 0.954859698906439
    },
    "MAC": {
      "mac_score": 0.5321463666612003,
      "correlation": 0.5321463666612003,
      "p_value": 0.0,
      "n_pairs": 4950
    },
    "RIC": {
      "treatment": 0.5643551237696377,
      "mi_treatment": 1.1068365847319703,
      "h_treatment": 1.9612413044028907,
      "mediator": 0.40841539403001664,
      "mi_mediator": 0.8112041529678764,
      "h_mediator": 1.9862232441319359,
      "outcome": 0.3075028010317303,
      "mi_outcome": 0.6291349690987476,
      "h_outcome": 2.045948732541142,
      "ric_score": 0.42675777294379486,
      "ric_components": 3
    },
    "PSR": {
      "psr_score": 0.37051864660629263,
      "interaction_information": 0.20993552590168418,
      "mi_t_y": 0.5665990843498854,
      "h_t": 1.9612413044028907,
      "h_m": 1.9862232441319359,
      "h_y": 2.045948732541142
    },
    "MNI": {
      "mni_score": 1.0,
      "mi_total": 0.1008179672265389,
      "mi_conditional": 0.0,
      "mi_joint": 0.6637139339119462,
      "mi_mediator": 1.226609994497594
    }
  },
  "summary": {
    "main_scores": {
      "CIP": 1.0,
      "CSI": 0.75,
      "MBRI": 0.48845433738318594,
      "MAC": 0.5321463666612003,
      "RIC": 0.42675777294379486,
      "PSR": 0.37051864660629263,
      "MNI": 1.0
    },
    "overall_score": 0.6525538747992107,
    "representation_quality": {
      "z_T": {
        "mean_norm": 4.967431545257568,
        "std_norm": 2.713839054107666,
        "mean_activation": -0.001478685298934579,
        "std_activation": 0.7075503468513489
      },
      "z_M": {
        "mean_norm": 19.329923629760742,
        "std_norm": 28.37995719909668,
        "mean_activation": -0.1405636966228485,
        "std_activation": 4.289892673492432
      },
      "z_Y": {
        "mean_norm": 4.0926408767700195,
        "std_norm": 6.2155632972717285,
        "mean_activation": 0.17964626848697662,
        "std_activation": 0.9127352833747864
      }
    }
  },
  "representation_shapes": {
    "z_T": [
      100,
      64
    ],
    "z_M": [
      100,
      64
    ],
    "z_Y": [
      100,
      64
    ],
    "T": [
      100
    ],
    "M": [
      100
    ],
    "Y_star": [
      100
    ],
    "a_M": [
      100
    ],
    "a_Y": [
      100
    ],
    "b_style": [
      100
    ],
    "subject_id": [
      100
    ],
    "scenario": [
      100
    ]
  },
  "n_samples": 100
}