{
  "scenario": "IM",
  "metrics": {
    "CIP": {
      "cip_score": 0.0,
      "p_value": 0.018840063991254003,
      "correlation": 0.16596370935440063,
      "n_samples": 200
    },
    "CSI": {
      "csi_score": 0.75,
      "csi_score_rf": 0.75,
      "r2_mediated_rf": -0.2110685806609465,
      "r2_direct_rf": 0.02860770761679433,
      "r2_m_only_rf": 0.9975925973520058,
      "structure_preference_rf": -0.23967628827774082,
      "r2_perm_rf": -0.2631718354654311,
      "csi_score_linear": 0.25,
      "r2_mediated_linear": -2.5850055615107217,
      "r2_direct_linear": -2.852694789568583,
      "r2_m_only_linear": 0.997480551401774,
      "structure_preference_linear": 0.26768922805786133,
      "r2_perm_linear": -1.7959323989020455,
      "features_T": 64,
      "features_M": 64,
      "features_Y": 64,
      "n_samples": 200,
      "cv_splits": 3,
      "perm_samples": 3
    },
    "MBRI": {
      "mbri_score": 0.7320110637935026,
      "mi_m_y": 0.49634187318487544,
      "mi_t_y": 0.18171053669616,
      "boundary_strength": 2.7314973302832755
    },
    "MAC": {
      "mac_score": 0.6039274043736272,
      "correlation": 0.6039274043736272,
      "p_value": 0.0,
      "n_pairs": 19900
    },
    "RIC": {
      "treatment": 0.6079849683033465,
      "mi_treatment": 1.423429012562879,
      "h_treatment": 2.341224011598963,
      "mediator": 0.36282251368082324,
      "mi_mediator": 0.782101514065088,
      "h_mediator": 2.1556035828716005,
      "outcome": 0.3490594471937321,
      "mi_outcome": 0.65339093938988,
      "h_outcome": 1.871861487068264,
      "ric_score": 0.43995564305930057,
      "ric_components": 3
    },
    "PSR": {
      "psr_score": 0.10003987047322802,
      "interaction_information": 0.0469973879073482,
      "mi_t_y": 0.46978657294368764,
      "h_t": 2.341224011598963,
      "h_m": 2.1556035828716005,
      "h_y": 1.871861487068264
    },
    "MNI": {
      "mni_score": 1.0,
      "mi_total": 0.11197863473487205,
      "mi_conditional": 0.0,
      "mi_joint": 0.6249579705856655,
      "mi_mediator": 1.1379371880493023
    }
  },
  "summary": {
    "main_scores": {
      "CIP": 0.0,
      "CSI": 0.75,
      "MBRI": 0.7320110637935026,
      "MAC": 0.6039274043736272,
      "RIC": 0.43995564305930057,
      "PSR": 0.10003987047322802,
      "MNI": 1.0
    },
    "overall_score": 0.5179905688142369,
    "representation_quality": {
      "z_T": {
        "mean_norm": 5.509741306304932,
        "std_norm": 3.2586047649383545,
        "mean_activation": 0.001643005758523941,
        "std_activation": 0.8001521825790405
      },
      "z_M": {
        "mean_norm": 27.76370620727539,
        "std_norm": 53.42252731323242,
        "mean_activation": -0.46239715814590454,
        "std_activation": 7.51155948638916
      },
      "z_Y": {
        "mean_norm": 6.577813625335693,
        "std_norm": 12.522797584533691,
        "mean_activation": 0.27652278542518616,
        "std_activation": 1.7463996410369873
      }
    }
  },
  "representation_shapes": {
    "z_T": [
      200,
      64
    ],
    "z_M": [
      200,
      64
    ],
    "z_Y": [
      200,
      64
    ],
    "T": [
      200
    ],
    "M": [
      200
    ],
    "Y_star": [
      200
    ],
    "a_M": [
      200
    ],
    "a_Y": [
      200
    ],
    "b_style": [
      200
    ],
    "subject_id": [
      200
    ],
    "scenario": [
      200
    ]
  },
  "n_samples": 200
}