{
  "scenario": "IM",
  "metrics": {
    "CIP": {
      "cip_score": 0.0,
      "p_value": 1.2615063659252974e-09,
      "correlation": 0.267271488904953,
      "n_samples": 500
    },
    "CSI": {
      "csi_score": 1.0,
      "csi_score_rf": 1.0,
      "r2_mediated_rf": 0.10035666484355367,
      "r2_direct_rf": 0.2746940046075378,
      "r2_m_only_rf": 0.9993841406144425,
      "structure_preference_rf": -0.17433733976398413,
      "r2_perm_rf": -0.23060757551251324,
      "csi_score_linear": 0.75,
      "r2_mediated_linear": 0.17105568697055182,
      "r2_direct_linear": 0.1587327073017756,
      "r2_m_only_linear": 0.999303142229716,
      "structure_preference_linear": 0.012322979668776213,
      "r2_perm_linear": -0.02155221957299444,
      "features_T": 64,
      "features_M": 64,
      "features_Y": 64,
      "n_samples": 500,
      "cv_splits": 3,
      "perm_samples": 3
    },
    "MBRI": {
      "mbri_score": 0.5324340959918618,
      "mi_m_y": 0.43345346326317397,
      "mi_t_y": 0.38064439636273983,
      "boundary_strength": 1.1387359331115694
    },
    "MAC": {
      "mac_score": 0.5090656723874956,
      "correlation": 0.5090656723874956,
      "p_value": 0.0,
      "n_pairs": 124750
    },
    "RIC": {
      "treatment": 0.6000033252511079,
      "mi_treatment": 1.4347656417587322,
      "h_treatment": 2.391262807015668,
      "mediator": 0.3392468295051956,
      "mi_mediator": 0.7844370461952606,
      "h_mediator": 2.3122899746680714,
      "outcome": 0.28253115494386527,
      "mi_outcome": 0.6716607904298069,
      "h_outcome": 2.377298134564821,
      "ric_score": 0.4072604365667229,
      "ric_components": 3
    },
    "PSR": {
      "psr_score": 0.4449286480344008,
      "interaction_information": 0.24019723305196017,
      "mi_t_y": 0.5398556242963899,
      "h_t": 2.391262807015668,
      "h_m": 2.3122899746680714,
      "h_y": 2.377298134564821
    },
    "MNI": {
      "mni_score": 1.0,
      "mi_total": 0.1629782914389062,
      "mi_conditional": 0.0,
      "mi_joint": 0.9550759046674868,
      "mi_mediator": 1.7471734866718949
    }
  },
  "summary": {
    "main_scores": {
      "CIP": 0.0,
      "CSI": 1.0,
      "MBRI": 0.5324340959918618,
      "MAC": 0.5090656723874956,
      "RIC": 0.4072604365667229,
      "PSR": 0.4449286480344008,
      "MNI": 1.0
    },
    "overall_score": 0.5562412647114973,
    "representation_quality": {
      "z_T": {
        "mean_norm": 5.481833457946777,
        "std_norm": 3.4328465461730957,
        "mean_activation": -0.02072514034807682,
        "std_activation": 0.8082334399223328
      },
      "z_M": {
        "mean_norm": 85.41451263427734,
        "std_norm": 154.60299682617188,
        "mean_activation": -1.4389901161193848,
        "std_activation": 22.031654357910156
      },
      "z_Y": {
        "mean_norm": 16.934097290039062,
        "std_norm": 30.748580932617188,
        "mean_activation": 0.7372081875801086,
        "std_activation": 4.325535774230957
      }
    }
  },
  "representation_shapes": {
    "z_T": [
      500,
      64
    ],
    "z_M": [
      500,
      64
    ],
    "z_Y": [
      500,
      64
    ],
    "T": [
      500
    ],
    "M": [
      500
    ],
    "Y_star": [
      500
    ],
    "a_M": [
      500
    ],
    "a_Y": [
      500
    ],
    "b_style": [
      500
    ],
    "subject_id": [
      500
    ],
    "scenario": [
      500
    ]
  },
  "n_samples": 500
}