{
  "train_metrics": {
    "train_total_loss": [
      -167335339.44421834,
      -278117258604.032,
      -36416976500293.63
    ],
    "train_mac": [
      -0.6138665147423744,
      -0.5371403814554214,
      -0.5195109397396446
    ],
    "train_align": [
      2.697302080631256,
      2.955370008468628,
      3.2521619663238526
    ],
    "train_ci": [
      -49976296.199770406,
      -83062364749.568,
      -10876276455112.703
    ]
  },
  "val_metrics": {
    "val_total_loss": [
      -437753662.875,
      -492803806848.0,
      -52228391878656.0
    ],
    "val_mac": [
      0.567540436484826,
      0.5317913450771855,
      0.5251705883169636
    ],
    "val_align": [
      2.5467943623661995,
      3.0244205370545387,
      3.491831250488758
    ],
    "val_ci": [
      -437753663.0,
      -492803806848.0,
      -52228391878656.0
    ],
    "val_cip": [
      1.0,
      1.0,
      0.0
    ],
    "val_csi": [
      1.0,
      1.0,
      1.0
    ],
    "val_csi_structure_preference_rf": [
      -0.10703733159104367,
      -0.10458177153014273,
      -0.1422653207003465
    ],
    "val_csi_r2_mediated_rf": [
      0.18840743384540048,
      0.1773799887267802,
      0.13027375314751713
    ],
    "val_csi_r2_direct_rf": [
      0.29544476543644416,
      0.28196176025692293,
      0.27253907384786363
    ],
    "val_csi_r2_m_only_rf": [
      0.9980706796209319,
      0.9995556892005718,
      0.9997631955930867
    ],
    "val_csi_r2_perm_rf": [
      0.011641967190331412,
      -0.1592836406480053,
      -0.16457044344038876
    ],
    "val_csi_csi_score_linear": [
      1.0,
      1.0,
      0.5
    ],
    "val_csi_structure_preference_linear": [
      0.0016079743703206195,
      -0.00016197562217712402,
      -0.002182871103286743
    ],
    "val_csi_r2_mediated_linear": [
      0.39328983426094055,
      0.41803892453511554,
      0.4302005072434743
    ],
    "val_csi_r2_direct_linear": [
      0.39168185989061993,
      0.41820090015729267,
      0.43238337834676105
    ],
    "val_csi_r2_m_only_linear": [
      0.9966618220011393,
      0.9990688363711039,
      0.9992530544598898
    ],
    "val_csi_r2_perm_linear": [
      0.3547490139802297,
      0.37558109892739194,
      0.43103326360384625
    ],
    "val_mbri": [
      0.643148686262183,
      0.6125650055382413,
      0.6261934577994561
    ],
    "val_ric_score": [
      0.44492999185044035,
      0.4175308180059756,
      0.42214228894476147
    ],
    "val_ric_treatment": [
      0.6142266388367661,
      0.6094325563138013,
      0.6119872825085834
    ],
    "val_ric_mediator": [
      0.3851078721010664,
      0.3453464243294233,
      0.3580497186415089
    ],
    "val_ric_outcome": [
      0.3354554646134887,
      0.29781347337470215,
      0.29638986568419207
    ],
    "val_ric_components": [
      3,
      3,
      3
    ],
    "val_psr": [
      0.1957451961322521,
      0.1957451961322521,
      0.1957451961322521
    ],
    "val_psr_interaction": [
      0.10399351839076676,
      0.10399351839076676,
      0.10399351839076676
    ],
    "val_mni": [
      1.0,
      1.0,
      1.0
    ],
    "val_mni_conditional": [
      0.0,
      0.0,
      0.0
    ],
    "val_y_gate_mean": [
      0.4866960048675537,
      0.48683562874794006,
      0.4833570420742035
    ],
    "val_y_gate_std": [
      0.21403038501739502,
      0.25943946838378906,
      0.29694727063179016
    ],
    "val_struct_score": [
      0.6930520443899574,
      0.6796617663933793,
      0.5384645044562048
    ]
  },
  "best_metric": -52228391878656.0,
  "total_steps": 750,
  "total_epochs": 3
}