{
  "scenario": "IM",
  "metrics": {
    "CIP": {
      "cip_score": 1.0,
      "p_value": 0.9157260389455155,
      "correlation": 0.007529578171670437,
      "n_samples": 200
    },
    "CSI": {
      "csi_score": 0.25,
      "csi_score_rf": 0.25,
      "r2_mediated_rf": 0.03706699540467456,
      "r2_direct_rf": 0.2087280972025994,
      "r2_m_only_rf": 0.9929916358393375,
      "structure_preference_rf": -0.17166110179792485,
      "r2_perm_rf": 0.08259762622058335,
      "csi_score_linear": 0.5,
      "r2_mediated_linear": -0.8740392448574615,
      "r2_direct_linear": -0.9735269655939192,
      "r2_m_only_linear": 0.9880953828493754,
      "structure_preference_linear": 0.09948772073645762,
      "r2_perm_linear": -0.8311883202857442,
      "features_T": 64,
      "features_M": 64,
      "features_Y": 64,
      "n_samples": 200,
      "cv_splits": 3,
      "perm_samples": 3
    },
    "MBRI": {
      "mbri_score": 0.5944280937020308,
      "mi_m_y": 0.5257804344273196,
      "mi_t_y": 0.3587343354055423,
      "boundary_strength": 1.465654017133305
    },
    "MAC": {
      "mac_score": 0.6427405254854857,
      "correlation": 0.6427405254854857,
      "p_value": 0.0,
      "n_pairs": 19900
    },
    "RIC": {
      "treatment": 0.5917699437443655,
      "mi_treatment": 1.3854660075545757,
      "h_treatment": 2.341224011598963,
      "mediator": 0.3977149475207291,
      "mi_mediator": 0.882553044027254,
      "h_mediator": 2.2190592673263945,
      "outcome": 0.3269729288653434,
      "mi_outcome": 0.6924810965285448,
      "h_outcome": 2.1178545137111295,
      "ric_score": 0.43881927337681265,
      "ric_components": 3
    },
    "PSR": {
      "psr_score": -0.17871113858147022,
      "interaction_information": -0.08668235768398702,
      "mi_t_y": 0.48504171800388685,
      "h_t": 2.341224011598963,
      "h_m": 2.2190592673263945,
      "h_y": 2.1178545137111295
    },
    "MNI": {
      "mni_score": 1.0,
      "mi_total": 0.10900951315134806,
      "mi_conditional": 0.0,
      "mi_joint": 0.7092951045494209,
      "mi_mediator": 1.3095810011232751
    }
  },
  "summary": {
    "main_scores": {
      "CIP": 1.0,
      "CSI": 0.25,
      "MBRI": 0.5944280937020308,
      "MAC": 0.6427405254854857,
      "RIC": 0.43881927337681265,
      "PSR": -0.17871113858147022,
      "MNI": 1.0
    },
    "overall_score": 0.5353252505689798,
    "representation_quality": {
      "z_T": {
        "mean_norm": 5.03986930847168,
        "std_norm": 3.323399305343628,
        "mean_activation": 0.017559625208377838,
        "std_activation": 0.7544195652008057
      },
      "z_M": {
        "mean_norm": 7.125120162963867,
        "std_norm": 7.481369495391846,
        "mean_activation": 0.17394138872623444,
        "std_activation": 1.2796597480773926
      },
      "z_Y": {
        "mean_norm": 2.529987096786499,
        "std_norm": 2.6819605827331543,
        "mean_activation": 0.04317934066057205,
        "std_activation": 0.45884406566619873
      }
    }
  },
  "representation_shapes": {
    "z_T": [
      200,
      64
    ],
    "z_M": [
      200,
      64
    ],
    "z_Y": [
      200,
      64
    ],
    "T": [
      200
    ],
    "M": [
      200
    ],
    "Y_star": [
      200
    ],
    "a_M": [
      200
    ],
    "a_Y": [
      200
    ],
    "b_style": [
      200
    ],
    "subject_id": [
      200
    ],
    "scenario": [
      200
    ]
  },
  "n_samples": 200
}