{
  "train_metrics": {
    "train_total_loss": [
      -2.113010948896408,
      -3631401.8545830534,
      -774855440.4
    ],
    "train_mac": [
      -0.7225486605614424,
      -0.6623437821865081,
      -0.5817428606748581
    ],
    "train_align": [
      2.353873400688171,
      2.4625173902511595,
      2.7263693046569824
    ],
    "train_ci": [
      -2.4442497324198484,
      -1469677.4597262954,
      -231417948.26
    ]
  },
  "val_metrics": {
    "val_total_loss": [
      -64.05774062020438,
      -2689207.0290178573,
      -1245209371.4285715
    ],
    "val_mac": [
      0.6694653570320366,
      0.5455359804629549,
      0.5868278330106308
    ],
    "val_align": [
      1.9555296557290214,
      2.2499814118657793,
      2.338884030069624
    ],
    "val_ci": [
      -65.40000316074916,
      -2689208.7901785714,
      -1245209371.4285715
    ],
    "val_cip": [
      0.0,
      1.0,
      1.0
    ],
    "val_csi": [
      1.0,
      1.0,
      1.0
    ],
    "val_csi_structure_preference_rf": [
      -0.09357310360476491,
      0.024741587037586332,
      -0.02971958009807346
    ],
    "val_csi_r2_mediated_rf": [
      -0.007165137169157204,
      0.18581100689687738,
      0.3576245805494828
    ],
    "val_csi_r2_direct_rf": [
      0.0864079664356077,
      0.16106941985929105,
      0.3873441606475563
    ],
    "val_csi_r2_m_only_rf": [
      0.6739851719123241,
      0.9256804322610327,
      0.9927672341943592
    ],
    "val_csi_r2_perm_rf": [
      -0.05614901186630883,
      -0.2953873945757918,
      -0.19575513166242778
    ],
    "val_csi_csi_score_linear": [
      0.75,
      0.75,
      0.75
    ],
    "val_csi_structure_preference_linear": [
      -24.273459911346436,
      13.947751681009933,
      -23.121730168660477
    ],
    "val_csi_r2_mediated_linear": [
      -209.06022787094116,
      -95.63858803113301,
      -87.12501653035481
    ],
    "val_csi_r2_direct_linear": [
      -184.78676795959473,
      -109.58633971214294,
      -64.00328636169434
    ],
    "val_csi_r2_m_only_linear": [
      -4.9344892501831055,
      -1.5227027734120686,
      0.9546854694684347
    ],
    "val_csi_r2_perm_linear": [
      -234.46600124571057,
      -110.17520366774666,
      -116.20298639933269
    ],
    "val_mbri": [
      0.5019450616120528,
      0.5581726192306927,
      0.5462855967925009
    ],
    "val_ric_score": [
      0.44446443146402864,
      0.43383413852645236,
      0.44040017197940795
    ],
    "val_ric_treatment": [
      0.5741701431657118,
      0.5806860267934689,
      0.5749147288746131
    ],
    "val_ric_mediator": [
      0.4136526115436475,
      0.37176731722985734,
      0.4335778949857179
    ],
    "val_ric_outcome": [
      0.3455705396827266,
      0.3490490715560309,
      0.31270789207789274
    ],
    "val_ric_components": [
      3,
      3,
      3
    ],
    "val_psr": [
      0.24501783542122949,
      0.24501783542122949,
      0.24501783542122949
    ],
    "val_psr_interaction": [
      0.12945872679190806,
      0.12945872679190806,
      0.12945872679190806
    ],
    "val_mni": [
      1.0,
      1.0,
      1.0
    ],
    "val_mni_conditional": [
      0.0,
      0.0,
      0.0
    ],
    "val_y_gate_mean": [
      0.48868870735168457,
      0.4915204644203186,
      0.4876777231693268
    ],
    "val_y_gate_std": [
      0.10031697154045105,
      0.13191863894462585,
      0.22446726262569427
    ],
    "val_struct_score": [
      0.551556097932764,
      0.6832229390916186,
      0.6883616338862526
    ]
  },
  "best_metric": -1245209371.4285715,
  "total_steps": 150,
  "total_epochs": 3
}