{
  "train_metrics": {
    "train_total_loss": [
      -315484.649501673,
      -1914722031.485,
      -244035215503.36
    ],
    "train_mbr": [
      -2497.547454930544,
      -77046.18885742188,
      -307964.9275
    ],
    "train_mac": [
      -0.6184424045681953,
      -0.6171278178691864,
      -0.5809295350313186
    ],
    "train_align": [
      2.528135302066803,
      2.8042567658424375,
      3.207930679321289
    ],
    "train_ci": [
      -47923.15173907302,
      -244335129.81375,
      -31141024074.24
    ],
    "train_mbr_mi_zm_y": [
      2.0308419716358186,
      2.3120370972156525,
      2.465500419139862
    ],
    "train_mbr_cmi_zt_y_zm": [
      -2499.5782875760274,
      -77048.50096679687,
      -307967.392109375
    ]
  },
  "val_metrics": {
    "val_total_loss": [
      -593384.2668269231,
      -1654453841.2307692,
      -276308380120.61536
    ],
    "val_mbr": [
      -9053.259652944711,
      -100484.48182091347,
      -560250.7379807692
    ],
    "val_mac": [
      0.6102610184829247,
      0.5951571737014876,
      0.5902105193597939
    ],
    "val_align": [
      2.099544589336102,
      2.5947308356945333,
      3.11539704983051
    ],
    "val_ci": [
      -291260.5673076923,
      -827166621.5384616,
      -138153853873.23077
    ],
    "val_mbr_mi_zm_y": [
      1.8910407378123357,
      2.2456886034745436,
      2.352579657848065
    ],
    "val_mbr_cmi_zt_y_zm": [
      -9055.15057842548,
      -100486.72761418269,
      -560253.0961538461
    ],
    "val_cip": [
      1.0,
      1.0,
      1.0
    ],
    "val_csi": [
      1.0,
      1.0,
      1.0
    ],
    "val_csi_structure_preference_rf": [
      -0.0765151876717392,
      -0.13504040979145518,
      -0.11389254224614331
    ],
    "val_csi_r2_mediated_rf": [
      0.23636326676978392,
      0.14134524686507713,
      0.17319497910873205
    ],
    "val_csi_r2_direct_rf": [
      0.3128784544415231,
      0.2763856566565323,
      0.28708752135487536
    ],
    "val_csi_r2_m_only_rf": [
      0.9825490059633751,
      0.9955086035350367,
      0.9971130042875801
    ],
    "val_csi_r2_perm_rf": [
      0.14031642247956008,
      0.01044449383035558,
      -0.010206646717472642
    ],
    "val_csi_csi_score_linear": [
      1.0,
      0.75,
      0.5
    ],
    "val_csi_structure_preference_linear": [
      -0.003221176564693451,
      0.016915510098139446,
      -0.06879677095760905
    ],
    "val_csi_r2_mediated_linear": [
      -0.27302075425783795,
      0.0015928844610850017,
      -1.0471918778494
    ],
    "val_csi_r2_direct_linear": [
      -0.2697995776931445,
      -0.015322625637054443,
      -0.978395106891791
    ],
    "val_csi_r2_m_only_linear": [
      0.9740036527315775,
      0.9949615001678467,
      0.9990343848864237
    ],
    "val_csi_r2_perm_linear": [
      -0.32546164095401764,
      -0.021152272199591,
      -0.8675079028147996
    ],
    "val_mbri": [
      0.6479720694108776,
      0.6436593146233797,
      0.6339065878244752
    ],
    "val_ric_score": [
      0.4257816807530144,
      0.4301681213061938,
      0.4287181850322373
    ],
    "val_ric_treatment": [
      0.6112787010082136,
      0.6096089858904549,
      0.6176577263145328
    ],
    "val_ric_mediator": [
      0.3540102719058747,
      0.3668488365050153,
      0.3737095585281035
    ],
    "val_ric_outcome": [
      0.312056069344955,
      0.3140465415231113,
      0.2947872702540757
    ],
    "val_ric_components": [
      3,
      3,
      3
    ],
    "val_psr": [
      -0.3556465423751463,
      -0.3556465423751463,
      -0.3556465423751463
    ],
    "val_psr_interaction": [
      -0.1705506703801447,
      -0.1705506703801447,
      -0.1705506703801447
    ],
    "val_mni": [
      1.0,
      1.0,
      1.0
    ],
    "val_mni_conditional": [
      0.0,
      0.0,
      0.0
    ],
    "val_y_gate_mean": [
      0.5220627784729004,
      0.521080493927002,
      0.5191165208816528
    ],
    "val_y_gate_std": [
      0.12699691951274872,
      0.2020011991262436,
      0.25364241003990173
    ],
    "val_struct_score": [
      0.6183383180388101,
      0.6161911524651307,
      0.6138841071201943
    ]
  },
  "best_metric": -276308380120.61536,
  "total_steps": 300,
  "total_epochs": 3
}