{
  "train_metrics": {
    "train_total_loss": [
      -502863.3173381734,
      -1708893631.35,
      -206814671815.68,
      -7953547109335.04,
      -153832005241405.44,
      -1395813763399024.8,
      -6917778311301038.0,
      -2.480253614547796e+16,
      -6.480960870611419e+16,
      -1.3836461478795805e+17
    ],
    "train_mbr": [
      -1673.441854046583,
      -43000.45141113281,
      -132746.602578125,
      -309495.23484375,
      -608590.5625,
      -1056098.18375,
      -1615953.20875,
      -2357923.08,
      -3105035.3425,
      -3901244.89
    ],
    "train_mac": [
      -0.5994559919834137,
      -0.6236393406987191,
      -0.5973937161266804,
      -0.5726247923076153,
      -0.5752696788311005,
      -0.5756551438570022,
      -0.5685404406487942,
      -0.5838665169477463,
      -0.5752133291959762,
      -0.570309532135725
    ],
    "train_align": [
      2.56465322971344,
      2.7962954092025756,
      2.9832831406593323,
      3.063907060623169,
      3.1330457091331483,
      3.169502294063568,
      3.1777919554710388,
      3.241881730556488,
      3.2436224937438967,
      3.2977526593208313
    ],
    "train_ci": [
      -60356.04000570014,
      -205089641.378125,
      -24820479633.28,
      -954530228387.84,
      -15927638100541.44,
      -139581376356679.69,
      -691777829318164.5,
      -2480253627164262.5,
      -6480960885106934.0,
      -1.3836461491680706e+16
    ],
    "train_mbr_mi_zm_y": [
      2.0106481099128723,
      2.178638514280319,
      2.5522564125061034,
      2.8058768701553345,
      3.0382674050331118,
      3.170124068260193,
      3.187762084007263,
      3.2387929439544676,
      3.311473433971405,
      3.276866135597229
    ],
    "train_mbr_cmi_zt_y_zm": [
      -1675.452479661964,
      -43002.62997070313,
      -132749.1542578125,
      -309498.0409375,
      -608593.6,
      -1056101.353125,
      -1615956.394375,
      -2357926.32,
      -3105038.6525,
      -3901248.17
    ],
    "train_style": [
      1.8289503598213195,
      2.681478290557861,
      4.523832379579544,
      7.071140121221543,
      9.205057995319367,
      9.730443555116654
    ],
    "train_decor": [
      0.0006088548002298922,
      0.0006064947189588565,
      0.0006148353022581432,
      0.0006144470207800623,
      0.0006120304513024166,
      0.0006076413177652284
    ],
    "train_adv_t": [
      1.0750716415047645,
      1.4239227414131164,
      1.3277724316716195,
      0.9926357063651085,
      1.0881856271624566,
      1.1881574875116347
    ]
  },
  "val_metrics": {
    "val_total_loss": [
      -738833.5408653846,
      -2362201560.6153846,
      -188952485888.0,
      -5771867858786.462,
      -84507497594880.0,
      -786449458629080.6,
      -2496214901073762.5,
      -7317782954367134.0,
      -2.755062928716595e+16,
      -4.049490174703143e+16
    ],
    "val_mbr": [
      -5989.378286508413,
      -85268.25661057692,
      -189175.94591346153,
      -414688.9891826923,
      -796181.3701923077,
      -1695595.6538461538,
      -1889348.8221153845,
      -2445670.8990384615,
      -4976704.519230769,
      -4593287.846153846
    ],
    "val_mac": [
      0.5920686264360451,
      0.6155378940266585,
      0.5877094210750312,
      0.5765642259471073,
      0.5918756002957932,
      0.5908620612911842,
      0.5753363949222766,
      0.5809040198689162,
      0.5751396898296921,
      0.5613887360575475
    ],
    "val_align": [
      2.290000796318054,
      2.5039703387480516,
      2.615660025523259,
      2.667060998769907,
      2.608796706566444,
      2.9465500024648814,
      2.7380222724034238,
      2.8481280711980967,
      3.0756254379565897,
      3.0101382732391357
    ],
    "val_ci": [
      -365823.59375,
      -1181049636.9230769,
      -94476130619.07692,
      -2885933657166.769,
      -42253748797440.0,
      -393224729314540.3,
      -1248107450536881.2,
      -3658891477183567.0,
      -1.3775314643582976e+16,
      -2.0247450873515716e+16
    ],
    "val_mbr_mi_zm_y": [
      1.869131115766672,
      2.1729683509239783,
      2.5158126170818624,
      2.7420141146733212,
      2.88091648541964,
      2.9991594644693227,
      3.000341452085055,
      3.138558112657987,
      3.144423191363995,
      3.21017914551955
    ],
    "val_mbr_cmi_zt_y_zm": [
      -5991.247389573317,
      -85270.43028846153,
      -189178.4600360577,
      -414691.7319711539,
      -796184.2644230769,
      -1695598.6298076923,
      -1889351.826923077,
      -2445674.0096153845,
      -4976707.663461538,
      -4593291.057692308
    ],
    "val_cip": [
      1.0,
      1.0,
      1.0,
      1.0,
      1.0,
      1.0,
      1.0,
      1.0,
      1.0,
      1.0
    ],
    "val_csi": [
      0.25,
      1.0,
      0.75,
      1.0,
      1.0,
      1.0,
      1.0,
      1.0,
      1.0,
      1.0
    ],
    "val_csi_structure_preference_rf": [
      -0.10689041435087815,
      -0.14797867734413941,
      -0.15864023239145447,
      -0.13147064455771446,
      -0.1172346893764622,
      -0.10832502998487933,
      -0.19146567981638882,
      -0.1771058409503352,
      -0.13103865040085108,
      -0.11876091689011005
    ],
    "val_csi_r2_mediated_rf": [
      0.13482098877799528,
      0.14713781121347377,
      0.10278082607827337,
      0.09205561440577821,
      0.16353447488337503,
      0.18757291835510817,
      0.1291172199100313,
      0.11662935877232454,
      0.1514883733000754,
      0.11822724890009113
    ],
    "val_csi_r2_direct_rf": [
      0.24171140312887343,
      0.2951164885576132,
      0.26142105846972785,
      0.22352625896349268,
      0.2807691642598372,
      0.2958979483399875,
      0.3205828997264201,
      0.29373519972265977,
      0.28252702370092647,
      0.23698816579020118
    ],
    "val_csi_r2_m_only_rf": [
      0.9722311912870842,
      0.9978488872650497,
      0.9975274301307132,
      0.9981280371655098,
      0.9982135447809077,
      0.9982526400380108,
      0.9983405716215895,
      0.997387042015265,
      0.9977045035487236,
      0.9971208422325087
    ],
    "val_csi_r2_perm_rf": [
      0.16508419431348056,
      -0.026011435241255338,
      -0.03393750195907797,
      -0.13403461931286417,
      0.04198139088314364,
      -0.17375326238165903,
      -0.006972101150553782,
      -0.15415592622239835,
      0.004152275876476282,
      -0.09679517945048462
    ],
    "val_csi_csi_score_linear": [
      0.75,
      0.25,
      0.25,
      0.75,
      0.25,
      0.25,
      0.25,
      0.25,
      0.25,
      0.25
    ],
    "val_csi_structure_preference_linear": [
      -0.000808030366897583,
      -0.04871402867138386,
      0.053780630230903625,
      0.012359271446863808,
      -0.09751572708288836,
      0.08555198181420565,
      -0.03760640136897564,
      -0.17269148429234837,
      -0.1454398433367412,
      -0.0662802706162135
    ],
    "val_csi_r2_mediated_linear": [
      -0.20151103970905146,
      -0.29911412795384723,
      -1.2670472512642543,
      -0.03154362738132477,
      -0.7707856049140295,
      -0.41551434621214867,
      -0.35081265059610206,
      -1.3769009212652843,
      -0.8178352316220602,
      -0.34618914127349854
    ],
    "val_csi_r2_direct_linear": [
      -0.20070300934215388,
      -0.2504000992824634,
      -1.320827881495158,
      -0.043902898828188576,
      -0.6732698778311411,
      -0.5010663280263543,
      -0.3132062492271264,
      -1.204209436972936,
      -0.672395388285319,
      -0.27990887065728504
    ],
    "val_csi_r2_m_only_linear": [
      0.9526106317838033,
      0.9968289534250895,
      0.9982310930887858,
      0.9992198348045349,
      0.9996581872304281,
      0.9996216098467509,
      0.9998637239138285,
      0.9999360839525858,
      0.9999600648880005,
      0.9999608993530273
    ],