{
  "train_metrics": {
    "train_total_loss": [
      -35215.155870336,
      -258818700.7746875,
      -34052982677.76,
      -917415941079.04,
      -12068031566970.88,
      -77563598397767.69,
      -307395918036992.0,
      -935843910322749.5,
      -2220936503503093.8,
      -4107910459036795.0
    ],
    "train_mac": [
      -0.7437618401646614,
      -0.6422775849699974,
      -0.5989242926239967,
      -0.5826437705755234,
      -0.5897698606550693,
      -0.5806739592552185,
      -0.5850195927917957,
      -0.5769336448609829,
      -0.5738457737863064,
      -0.5396069821715355
    ],
    "train_align": [
      2.305141187906265,
      2.5510003852844236,
      2.7699945688247682,
      2.8528641414642335,
      2.9475571370124816,
      3.032520520687103,
      3.1569924545288086,
      3.1574077868461607,
      3.293107442855835,
      3.314804184436798
    ],
    "train_ci": [
      -32581.545482433998,
      -257827782.6228125,
      -39971381913.6,
      -1353287218462.72,
      -23153201260789.76,
      -211907572892958.72,
      -1122565805603553.2,
      -4346569802005872.5,
      -1.2456981712045342e+16,
      -2.742324842769416e+16
    ]
  },
  "val_metrics": {
    "val_total_loss": [
      -284770.51442307694,
      -1771887241.8461537,
      -136718778368.0,
      -5151777831699.692,
      -64388809621504.0,
      -721418165036898.5,
      -2338659306771377.0,
      -4942952088630823.0,
      -2.7670053248101456e+16,
      -4.175366696274897e+16
    ],
    "val_mac": [
      0.6542466745392526,
      0.621386288332022,
      0.5913919653056572,
      0.5939812015887821,
      0.5896258807025495,
      0.5933368530763363,
      0.5801996937464952,
      0.5609920580418409,
      0.5835156488392524,
      0.5505117061075927
    ],
    "val_align": [
      1.9297760816720815,
      2.291054991575388,
      2.375314950942993,
      2.3725289014669566,
      2.8077908479250393,
      3.195907244315514,
      2.9556376200455885,
      2.2928709158530602,
      3.1553241289578953,
      2.353994919703557
    ],
    "val_ci": [
      -284771.7319711539,
      -1771887241.8461537,
      -136718778368.0,
      -5151777831699.692,
      -64388809621504.0,
      -721418165036898.5,
      -2338659306771377.0,
      -4942952088630823.0,
      -2.7670053248101456e+16,
      -4.175366696274897e+16
    ],
    "val_cip": [
      1.0,
      1.0,
      1.0,
      1.0,
      1.0,
      1.0,
      1.0,
      1.0,
      1.0,
      1.0
    ],
    "val_csi": [
      0.5,
      1.0,
      1.0,
      1.0,
      1.0,
      1.0,
      1.0,
      1.0,
      1.0,
      1.0
    ],
    "val_csi_structure_preference_rf": [
      -0.0693355052186595,
      -0.19757139807037366,
      -0.17521779787920225,
      -0.07140918742609437,
      -0.11499869837938442,
      -0.08165759085806487,
      -0.05196567502790733,
      -0.17725302079968164,
      -0.12599892271200666,
      -0.15288255524453717
    ],
    "val_csi_r2_mediated_rf": [
      0.15030725053959051,
      0.11509579097769385,
      0.058079844801311294,
      0.20757552732947104,
      0.17908687435418047,
      0.23623570151093007,
      0.2760300531627572,
      0.10934074966271563,
      0.1883809261575554,
      0.1260477932374887
    ],
    "val_csi_r2_direct_rf": [
      0.21964275575825,
      0.3126671890480675,
      0.23329764268051353,
      0.2789847147555654,
      0.2940855727335649,
      0.31789329236899494,
      0.3279957281906645,
      0.28659377046239726,
      0.31437984886956205,
      0.27893034848202586
    ],
    "val_csi_r2_m_only_rf": [
      0.896790856906822,
      0.9955969464268234,
      0.9958277592140176,
      0.9974690175229527,
      0.9969763184318797,
      0.9982998059968101,
      0.9976925054200813,
      0.9959363509907048,
      0.9986516437165497,
      0.9961938917980532
    ],
    "val_csi_r2_perm_rf": [
      0.15990407073617474,
      -0.004000830863211217,
      -0.06890100776342215,
      -0.0605096244006453,
      -0.2975555985889425,
      -0.2551093186555195,
      -0.20310040185700107,
      -0.1484910732926594,
      -0.29183201854622326,
      -0.11723288153231715
    ],
    "val_csi_csi_score_linear": [
      0.5,
      0.25,
      0.75,
      0.5,
      0.75,
      0.5,
      0.25,
      0.25,
      0.25,
      0.25
    ],
    "val_csi_structure_preference_linear": [
      -0.05615665515263868,
      0.12087020774682355,
      0.13543283194303518,
      -0.02979209522406262,
      0.1332825869321823,
      -0.07900575051705044,
      0.05879808962345123,
      -0.06654738231251639,
      0.01706034565965331,
      -0.10804415866732597
    ],
    "val_csi_r2_mediated_linear": [
      -0.903790275255839,
      -0.8985412120819092,
      -0.4835215558608373,
      -0.2870492488145828,
      0.027013808488845825,
      -0.4823946903149287,
      -0.13688791791598,
      -0.32843770971521735,
      -0.36849334711829823,
      -0.678570706397295
    ],
    "val_csi_r2_direct_linear": [
      -0.8476336201032003,
      -1.0194114198287327,
      -0.6189543878038725,
      -0.2572571535905202,
      -0.10626877844333649,
      -0.40338893979787827,
      -0.19568600753943124,
      -0.26189032740270096,
      -0.38555369277795154,
      -0.570526547729969
    ],
    "val_csi_r2_m_only_linear": [
      0.8400311271349589,
      0.9936741987864176,
      0.9969755212465922,
      0.9992049733797709,
      0.9992448488871256,
      0.9998443524042765,
      0.9998783667882284,
      0.9998592138290405,
      0.9999215404192606,
      0.9999399582544962
    ],
    "val_csi_r2_perm_linear": [
      -0.8559380720059077,
      -0.7302243949638472,
      -0.6599158570170403,
      -0.21869702833808127,
      -0.09833779008800371,
      -0.24210178438160157,
      0.10859131854441428,
      0.04431826911038822,
      0.14994357029596958,
      -0.1752571377178861
    ],
    "val_mbri": [
      0.637012248925965,
      0.6532866520875036,
      0.6437345884930462,
      0.6243801149781525,
      0.6585326471944789,
      0.6469075894521165,
      0.6541842597567233,
      0.6484295598758061,
      0.6451742169319483,
      0.6379472882160399
    ],
    "val_ric_score": [
      0.44100698227749185,
      0.4457873520163254,
      0.43588601741383215,
      0.44209153879589386,
      0.4392068403195008,
      0.4455665632635708,
      0.43822640149848446,
      0.42781642888836896,
      0.44333830640343685,
      0.42808885932061375
    ],
    "val_ric_treatment": [
      0.6168250415904893,
      0.6300626349343142,
      0.6215135094297937,
      0.6194519232841462,
      0.6234222118394829,
      0.6221492652775807,
      0.6265131455488772,
      0.6217494083245406,
      0.6149950081404365,
      0.6227710391866365
    ],
    "val_ric_mediator": [
      0.36305062456977266,
      0.39237927545495943,
      0.35212123087498437,
      0.3695507901578342,
      0.3732014462090366,
      0.38776513874801993,
      0.36926254358559624,
      0.3209215425303214,
      0.38581114307701414,
      0.3238745183129902
    ],
    "val_ric_outcome": [
      0.3431452806722135,
      0.3149201456597026,
      0.3340233119367183,
      0.3372719029457011,
      0.32099686290998297,
      0.32678528576511157,
      0.3189035153609801,
      0.34077833581024486,
      0.3292087679928599,
      0.33762102046221454
    ],
    "val_ric_components": [
      3,
      3,
      3,
      3,
      3,
      3,
      3,
      3,
      3,
      3
    ],
    "val_psr": [
      -0.3556465423751463,
      -0.3556465423751463,
      -0.3556465423751463,
      -0.3556465423751463,
      -0.3556465423751463,
      -0.3556465423751463,
      -0.3556465423751463,
      -0.3556465423751463,
      -0.3556465423751463,
      -0.3556465423751463
    ],