{
  "scenario": "IM",
  "metrics": {
    "CIP": {
      "cip_score": 0.0,
      "p_value": 0.03265471571090056,
      "correlation": 0.15113794803619385,
      "n_samples": 200
    },
    "CSI": {
      "csi_score": 0.5,
      "csi_score_rf": 0.5,
      "r2_mediated_rf": -0.29173122925489575,
      "r2_direct_rf": 0.003094386463897795,
      "r2_m_only_rf": 0.9985889550815905,
      "structure_preference_rf": -0.29482561571879357,
      "r2_perm_rf": -0.22580956155446827,
      "csi_score_linear": 0.5,
      "r2_mediated_linear": -1.4436648910244305,
      "r2_direct_linear": -1.5437085032463074,
      "r2_m_only_linear": 0.9977156718571981,
      "structure_preference_linear": 0.10004361222187685,
      "r2_perm_linear": -1.5217251297500398,
      "features_T": 64,
      "features_M": 64,
      "features_Y": 64,
      "n_samples": 200,
      "cv_splits": 3,
      "perm_samples": 3
    },
    "MBRI": {
      "mbri_score": 0.6112077157369047,
      "mi_m_y": 0.4042795582278874,
      "mi_t_y": 0.25716423854812226,
      "boundary_strength": 1.5720675035909433
    },
    "MAC": {
      "mac_score": 0.543131269014141,
      "correlation": 0.543131269014141,
      "p_value": 0.0,
      "n_pairs": 19900
    },
    "RIC": {
      "treatment": 0.6007323497674852,
      "mi_treatment": 1.4064490078272267,
      "h_treatment": 2.341224011598963,
      "mediator": 0.32402018725578174,
      "mi_mediator": 0.7329924822752267,
      "h_mediator": 2.2621815178953653,
      "outcome": 0.3114105384616331,
      "mi_outcome": 0.7075810484565472,
      "h_outcome": 2.272180796571271,
      "ric_score": 0.4120543584949667,
      "ric_components": 3
    },
    "PSR": {
      "psr_score": -0.2818994985420421,
      "interaction_information": -0.1404456705045094,
      "mi_t_y": 0.4982118493678822,
      "h_t": 2.341224011598963,
      "h_m": 2.2621815178953653,
      "h_y": 2.272180796571271
    },
    "MNI": {
      "mni_score": 1.0,
      "mi_total": 0.09686924504829622,
      "mi_conditional": 0.0,
      "mi_joint": 0.5566329523163389,
      "mi_mediator": 1.0163968093728342
    }
  },
  "summary": {
    "main_scores": {
      "CIP": 0.0,
      "CSI": 0.5,
      "MBRI": 0.6112077157369047,
      "MAC": 0.543131269014141,
      "RIC": 0.4120543584949667,
      "PSR": -0.2818994985420421,
      "MNI": 1.0
    },
    "overall_score": 0.39778483495771005,
    "representation_quality": {
      "z_T": {
        "mean_norm": 5.313308238983154,
        "std_norm": 3.3009097576141357,
        "mean_activation": 0.0008651526877656579,
        "std_activation": 0.7818967700004578
      },
      "z_M": {
        "mean_norm": 26.85592269897461,
        "std_norm": 51.04856872558594,
        "mean_activation": -0.4235307276248932,
        "std_activation": 7.197782039642334
      },
      "z_Y": {
        "mean_norm": 6.281771183013916,
        "std_norm": 11.710216522216797,
        "mean_activation": 0.2638532817363739,
        "std_activation": 1.6399991512298584
      }
    }
  },
  "representation_shapes": {
    "z_T": [
      200,
      64
    ],
    "z_M": [
      200,
      64
    ],
    "z_Y": [
      200,
      64
    ],
    "T": [
      200
    ],
    "M": [
      200
    ],
    "Y_star": [
      200
    ],
    "a_M": [
      200
    ],
    "a_Y": [
      200
    ],
    "b_style": [
      200
    ],
    "subject_id": [
      200
    ],
    "scenario": [
      200
    ]
  },
  "n_samples": 200
}