{
  "scenario": "IM",
  "metrics": {
    "CIP": {
      "cip_score": 1.0,
      "p_value": 0.24554035613405692,
      "correlation": 0.11719778180122375,
      "n_samples": 100
    },
    "CSI": {
      "csi_score": 0.75,
      "csi_score_rf": 0.75,
      "r2_mediated_rf": -0.1121826373975366,
      "r2_direct_rf": 0.07872958688193621,
      "r2_m_only_rf": 0.9932972776516573,
      "structure_preference_rf": -0.1909122242794728,
      "r2_perm_rf": -0.09073993437337484,
      "csi_score_linear": 1.0,
      "r2_mediated_linear": -1831.604510307312,
      "r2_direct_linear": -2899.150925397873,
      "r2_m_only_linear": 0.9587656060854594,
      "structure_preference_linear": 1067.546415090561,
      "r2_perm_linear": -2483.1462254259322,
      "features_T": 64,
      "features_M": 64,
      "features_Y": 64,
      "n_samples": 100,
      "cv_splits": 3,
      "perm_samples": 3
    },
    "MBRI": {
      "mbri_score": 0.5677900959857272,
      "mi_m_y": 0.5503495929371325,
      "mi_t_y": 0.418933934814056,
      "boundary_strength": 1.3136906181746753
    },
    "MAC": {
      "mac_score": 0.508168798718214,
      "correlation": 0.508168798718214,
      "p_value": 0.0,
      "n_pairs": 4950
    },
    "RIC": {
      "treatment": 0.5626123449406686,
      "mi_treatment": 1.1034185748907293,
      "h_treatment": 1.9612413044028907,
      "mediator": 0.3367308910659449,
      "mi_mediator": 0.6867594825045058,
      "h_mediator": 2.0394905764755125,
      "outcome": 0.30461110502071465,
      "mi_outcome": 0.6511482025695118,
      "h_outcome": 2.1376377577538426,
      "ric_score": 0.401318113675776,
      "ric_components": 3
    },
    "PSR": {
      "psr_score": -0.03432692275912186,
      "interaction_information": -0.017988643160540718,
      "mi_t_y": 0.5240389092482958,
      "h_t": 1.9612413044028907,
      "h_m": 2.0394905764755125,
      "h_y": 2.1376377577538426
    },
    "MNI": {
      "mni_score": 1.0,
      "mi_total": 0.11377464583307659,
      "mi_conditional": 0.0,
      "mi_joint": 0.5868742096487728,
      "mi_mediator": 1.0599737734644687
    }
  },
  "summary": {
    "main_scores": {
      "CIP": 1.0,
      "CSI": 0.75,
      "MBRI": 0.5677900959857272,
      "MAC": 0.508168798718214,
      "RIC": 0.401318113675776,
      "PSR": -0.03432692275912186,
      "MNI": 1.0
    },
    "overall_score": 0.5989928693743708,
    "representation_quality": {
      "z_T": {
        "mean_norm": 4.980690956115723,
        "std_norm": 2.7469844818115234,
        "mean_activation": -0.007774745114147663,
        "std_activation": 0.7109560370445251
      },
      "z_M": {
        "mean_norm": 14.974427223205566,
        "std_norm": 23.28877067565918,
        "mean_activation": -0.09961690753698349,
        "std_activation": 3.4595096111297607
      },
      "z_Y": {
        "mean_norm": 3.180380344390869,
        "std_norm": 4.962687969207764,
        "mean_activation": 0.13637275993824005,
        "std_activation": 0.7240602374076843
      }
    }
  },
  "representation_shapes": {
    "z_T": [
      100,
      64
    ],
    "z_M": [
      100,
      64
    ],
    "z_Y": [
      100,
      64
    ],
    "T": [
      100
    ],
    "M": [
      100
    ],
    "Y_star": [
      100
    ],
    "a_M": [
      100
    ],
    "a_Y": [
      100
    ],
    "b_style": [
      100
    ],
    "subject_id": [
      100
    ],
    "scenario": [
      100
    ]
  },
  "n_samples": 100
}