{
  "scenario": "IM",
  "metrics": {
    "CIP": {
      "cip_score": 1.0,
      "p_value": 0.34636807865930885,
      "correlation": 0.06693008542060852,
      "n_samples": 200
    },
    "CSI": {
      "csi_score": 0.25,
      "csi_score_rf": 0.25,
      "r2_mediated_rf": -0.33245688734462125,
      "r2_direct_rf": -0.2968010697239401,
      "r2_m_only_rf": 0.6698439841761304,
      "structure_preference_rf": -0.03565581762068115,
      "r2_perm_rf": -0.12494631585461373,
      "csi_score_linear": 0.75,
      "r2_mediated_linear": -2.0619505246480307,
      "r2_direct_linear": -1.4610673586527507,
      "r2_m_only_linear": 0.9211187163988749,
      "structure_preference_linear": -0.60088316599528,
      "r2_perm_linear": -2.0949640141593084,
      "features_T": 64,
      "features_M": 64,
      "features_Y": 64,
      "n_samples": 200,
      "cv_splits": 3,
      "perm_samples": 3
    },
    "MBRI": {
      "mbri_score": 0.2732643927718928,
      "mi_m_y": 0.13553392245139323,
      "mi_t_y": 0.36044697847734986,
      "boundary_strength": 0.3760162431206165
    },
    "MAC": {
      "mac_score": 0.3284599168198157,
      "correlation": 0.3284599168198157,
      "p_value": 0.0,
      "n_pairs": 19900
    },
    "RIC": {
      "treatment": 0.613632403318027,
      "mi_treatment": 1.436650923079668,
      "h_treatment": 2.341224011598963,
      "mediator": 0.21473896962384864,
      "mi_mediator": 0.4765185027473121,
      "h_mediator": 2.2190592673263945,
      "outcome": 0.18982222064318666,
      "mi_outcome": 0.402015848690065,
      "h_outcome": 2.1178545137111295,
      "ric_score": 0.33939786452835413,
      "ric_components": 3
    },
    "PSR": {
      "psr_score": -0.17871113858147022,
      "interaction_information": -0.08668235768398702,
      "mi_t_y": 0.48504171800388685,
      "h_t": 2.341224011598963,
      "h_m": 2.2190592673263945,
      "h_y": 2.1178545137111295
    },
    "MNI": {
      "mni_score": 1.0,
      "mi_total": 0.034725044003363355,
      "mi_conditional": 0.0,
      "mi_joint": 0.0749722289431154,
      "mi_mediator": 0.1152194545729716
    }
  },
  "summary": {
    "main_scores": {
      "CIP": 1.0,
      "CSI": 0.25,
      "MBRI": 0.2732643927718928,
      "MAC": 0.3284599168198157,
      "RIC": 0.33939786452835413,
      "PSR": -0.17871113858147022,
      "MNI": 1.0
    },
    "overall_score": 0.43034443364837033,
    "representation_quality": {
      "z_T": {
        "mean_norm": 4.140194416046143,
        "std_norm": 2.0430572032928467,
        "mean_activation": 0.07236408442258835,
        "std_activation": 0.5725512504577637
      },
      "z_M": {
        "mean_norm": 1.4623128175735474,
        "std_norm": 0.3499293625354767,
        "mean_activation": 0.0006959044840186834,
        "std_activation": 0.187948539853096
      },
      "z_Y": {
        "mean_norm": 0.7519277930259705,
        "std_norm": 0.15919329226016998,
        "mean_activation": -0.0014338659821078181,
        "std_activation": 0.09606363624334335
      }
    }
  },
  "representation_shapes": {
    "z_T": [
      200,
      64
    ],
    "z_M": [
      200,
      64
    ],
    "z_Y": [
      200,
      64
    ],
    "T": [
      200
    ],
    "M": [
      200
    ],
    "Y_star": [
      200
    ],
    "a_M": [
      200
    ],
    "a_Y": [
      200
    ],
    "b_style": [
      200
    ],
    "subject_id": [
      200
    ],
    "scenario": [
      200
    ]
  },
  "n_samples": 200
}