{
  "scenario": "IM",
  "metrics": {
    "CIP": {
      "cip_score": 0.0,
      "p_value": 0.0007605756673482535,
      "correlation": 0.23616935312747955,
      "n_samples": 200
    },
    "CSI": {
      "csi_score": 1.0,
      "csi_score_rf": 1.0,
      "r2_mediated_rf": -0.13843981384217857,
      "r2_direct_rf": 0.06808218515246217,
      "r2_m_only_rf": 0.9980023918562329,
      "structure_preference_rf": -0.20652199899464074,
      "r2_perm_rf": -0.2591686486437472,
      "csi_score_linear": 0.25,
      "r2_mediated_linear": -1.361109251777331,
      "r2_direct_linear": -1.2643180290857952,
      "r2_m_only_linear": 0.9978801210721334,
      "structure_preference_linear": -0.09679122269153595,
      "r2_perm_linear": -1.0916802979384859,
      "features_T": 64,
      "features_M": 64,
      "features_Y": 64,
      "n_samples": 200,
      "cv_splits": 3,
      "perm_samples": 3
    },
    "MBRI": {
      "mbri_score": 0.6573401102402312,
      "mi_m_y": 0.4849595703430189,
      "mi_t_y": 0.2528009226115106,
      "boundary_strength": 1.9183456537649561
    },
    "MAC": {
      "mac_score": 0.5824502413662025,
      "correlation": 0.5824502413662025,
      "p_value": 0.0,
      "n_pairs": 19900
    },
    "RIC": {
      "treatment": 0.5933364784257817,
      "mi_treatment": 1.389133616181375,
      "h_treatment": 2.341224011598963,
      "mediator": 0.34873335054538407,
      "mi_mediator": 0.7738599768408522,
      "h_mediator": 2.2190592673263945,
      "outcome": 0.32992344772153714,
      "mi_outcome": 0.6987298662354298,
      "h_outcome": 2.1178545137111295,
      "ric_score": 0.42399775889756763,
      "ric_components": 3
    },
    "PSR": {
      "psr_score": -0.17871113858147022,
      "interaction_information": -0.08668235768398702,
      "mi_t_y": 0.48504171800388685,
      "h_t": 2.341224011598963,
      "h_m": 2.2190592673263945,
      "h_y": 2.1178545137111295
    },
    "MNI": {
      "mni_score": 1.0,
      "mi_total": 0.12378899791501369,
      "mi_conditional": 0.0,
      "mi_joint": 0.7354825222007841,
      "mi_mediator": 1.3471760973491849
    }
  },
  "summary": {
    "main_scores": {
      "CIP": 0.0,
      "CSI": 1.0,
      "MBRI": 0.6573401102402312,
      "MAC": 0.5824502413662025,
      "RIC": 0.42399775889756763,
      "PSR": -0.17871113858147022,
      "MNI": 1.0
    },
    "overall_score": 0.49786813884607595,
    "representation_quality": {
      "z_T": {
        "mean_norm": 5.066028118133545,
        "std_norm": 3.0039031505584717,
        "mean_activation": -0.01919597201049328,
        "std_activation": 0.7359570264816284
      },
      "z_M": {
        "mean_norm": 29.04745101928711,
        "std_norm": 52.71522521972656,
        "mean_activation": 0.30105656385421753,
        "std_activation": 7.517530918121338
      },
      "z_Y": {
        "mean_norm": 8.051137924194336,
        "std_norm": 14.596330642700195,
        "mean_activation": 0.0595686249434948,
        "std_activation": 2.082841157913208
      }
    }
  },
  "representation_shapes": {
    "z_T": [
      200,
      64
    ],
    "z_M": [
      200,
      64
    ],
    "z_Y": [
      200,
      64
    ],
    "T": [
      200
    ],
    "M": [
      200
    ],
    "Y_star": [
      200
    ],
    "a_M": [
      200
    ],
    "a_Y": [
      200
    ],
    "b_style": [
      200
    ],
    "subject_id": [
      200
    ],
    "scenario": [
      200
    ]
  },
  "n_samples": 200
}