{
  "scenario": "IM",
  "metrics": {
    "CIP": {
      "cip_score": 1.0,
      "p_value": 0.31988989140079455,
      "correlation": 0.1435704380273819,
      "n_samples": 50
    },
    "CSI": {
      "csi_score": 0.75,
      "csi_score_rf": 0.75,
      "r2_mediated_rf": 0.06904758699099421,
      "r2_direct_rf": 0.31252000662543566,
      "r2_m_only_rf": 0.9955471430945741,
      "structure_preference_rf": -0.24347241963444144,
      "r2_perm_rf": -0.007097942161300376,
      "csi_score_linear": 1.0,
      "r2_mediated_linear": -1499.9608205159504,
      "r2_direct_linear": -2258.9730933507285,
      "r2_m_only_linear": 0.9961076577504476,
      "structure_preference_linear": 759.0122728347781,
      "r2_perm_linear": -3838.179273287456,
      "features_T": 64,
      "features_M": 64,
      "features_Y": 64,
      "n_samples": 50,
      "cv_splits": 3,
      "perm_samples": 3
    },
    "MBRI": {
      "mbri_score": 0.5401865032958014,
      "mi_m_y": 0.6552099891335904,
      "mi_t_y": 0.5577229141028648,
      "boundary_strength": 1.1747947965157433
    },
    "MAC": {
      "mac_score": 0.4948667036145616,
      "correlation": 0.4948667036145616,
      "p_value": 1.1607530127340088e-76,
      "n_pairs": 1225
    },
    "RIC": {
      "treatment": 0.5467138032344758,
      "mi_treatment": 0.9692633014265803,
      "h_treatment": 1.7728897463811475,
      "mediator": 0.4552372738775956,
      "mi_mediator": 0.8237705742893622,
      "h_mediator": 1.8095411272462836,
      "outcome": 0.34698775882539573,
      "mi_outcome": 0.6112715521461299,
      "h_outcome": 1.7616516235197919,
      "ric_score": 0.4496462786458224,
      "ric_components": 3
    },
    "PSR": {
      "psr_score": -0.015781275242452715,
      "interaction_information": -0.009669059403476066,
      "mi_t_y": 0.6126918930775398,
      "h_t": 1.7728897463811475,
      "h_m": 1.8095411272462836,
      "h_y": 1.7616516235197919
    },
    "MNI": {
      "mni_score": 1.0,
      "mi_total": 0.043815392299732574,
      "mi_conditional": 0.0,
      "mi_joint": 0.5463054043065538,
      "mi_mediator": 1.048795416313375
    }
  },
  "summary": {
    "main_scores": {
      "CIP": 1.0,
      "CSI": 0.75,
      "MBRI": 0.5401865032958014,
      "MAC": 0.4948667036145616,
      "RIC": 0.4496462786458224,
      "PSR": -0.015781275242452715,
      "MNI": 1.0
    },
    "overall_score": 0.6027026014733904,
    "representation_quality": {
      "z_T": {
        "mean_norm": 4.366063594818115,
        "std_norm": 2.0453035831451416,
        "mean_activation": 0.012554893270134926,
        "std_activation": 0.6025426387786865
      },
      "z_M": {
        "mean_norm": 53.60127258300781,
        "std_norm": 80.03624725341797,
        "mean_activation": -0.429055392742157,
        "std_activation": 12.033233642578125
      },
      "z_Y": {
        "mean_norm": 12.248348236083984,
        "std_norm": 18.398717880249023,
        "mean_activation": 0.5411325693130493,
        "std_activation": 2.7093417644500732
      }
    }
  },
  "representation_shapes": {
    "z_T": [
      50,
      64
    ],
    "z_M": [
      50,
      64
    ],
    "z_Y": [
      50,
      64
    ],
    "T": [
      50
    ],
    "M": [
      50
    ],
    "Y_star": [
      50
    ],
    "a_M": [
      50
    ],
    "a_Y": [
      50
    ],
    "b_style": [
      50
    ],
    "subject_id": [
      50
    ],
    "scenario": [
      50
    ]
  },
  "n_samples": 50
}