{
  "train_metrics": {
    "train_total_loss": [
      -82236.09105863214,
      -282210055.15375,
      -37018653547.52,
      -1175430961889.28,
      -18092512198000.64,
      -140743761314447.38,
      -449934289031659.5,
      -619209065150545.9,
      -987300095516999.6,
      -2148682500879155.2
    ],
    "train_mbr": [
      -3581.4578619873523,
      -3601026.856796875,
      -61719510.075,
      -258162394.8,
      -661358913.28,
      -1342488965.76,
      -2387939281.92,
      -3676005181.44,
      -5154262958.08,
      -6738068515.84
    ],
    "train_mac": [
      -0.6223578117787838,
      -0.6147845762968064,
      -0.5876906441152095,
      -0.5826282268762588,
      -0.5743607285618783,
      -0.5796175934374332,
      -0.585408656001091,
      -0.5670689444243908,
      -0.5745018330216408,
      -0.5761975076794624
    ],
    "train_align": [
      2.4935946321487426,
      2.6422532057762145,
      2.8192112398147584,
      2.958424437046051,
      3.0221475768089294,
      3.116614351272583,
      3.144446074962616,
      3.182474744319916,
      3.218323392868042,
      3.226913390159607
    ],
    "train_ci": [
      -33067.79972000241,
      -125695013.275625,
      -17561067448.0,
      -627323768913.92,
      -10836914444697.6,
      -97309856398049.28,
      -550454767973826.56,
      -2057938774104473.5,
      -5585383815213220.0,
      -1.216627063901913e+16
    ],
    "train_mbr_mi_zm_y": [
      1.9596340918540955,
      2.2787489795684817,
      2.4494028234481813,
      2.5071500825881956,
      2.591547613143921,
      2.5761318969726563,
      2.6542999219894408,
      2.699431300163269,
      2.7427278542518616,
      2.71561252117157
    ],
    "train_mbr_cmi_zt_y_zm": [
      -3583.4174989809467,
      -3601029.1121289064,
      -61719511.89,
      -258162394.8,
      -661358913.28,
      -1342488965.76,
      -2387939281.92,
      -3676005181.44,
      -5154262958.08,
      -6738068515.84
    ],
    "train_ib": [
      0.03565095841884613,
      0.07489219080656767,
      0.1382669261097908,
      0.21966540232300757,
      0.31571241587400434,
      0.42073400884866713
    ],
    "train_decor": [
      0.0005783213868562598,
      0.0005787233600858598,
      0.0005884333833819256,
      0.0006032667780527845,
      0.0005963167869776953,
      0.000591962372418493
    ],
    "train_adv_t": [
      0.8908321422338485,
      0.9395023536682129,
      1.2505476772785187,
      2.228013660311699,
      4.204488108158111,
      6.632292628288269
    ]
  },
  "val_metrics": {
    "val_total_loss": [
      -365795.9795673077,
      -1168732807.3846154,
      -140207214276.92307,
      -5484804046848.0,
      -54855620100096.0,
      -339651809005252.94,
      -2422271334819682.5,
      -7904269411166050.0,
      -1.6910640810960738e+16,
      -3.1441541422725908e+16
    ],
    "val_mbr": [
      -17271.848106971152,
      -11651310.557692308,
      -131682843.6923077,
      -569207236.9230769,
      -884630530.4615384,
      -1371465174.1538463,
      -3419118779.076923,
      -5057053430.153846,
      -5969241216.0,
      -7059743074.461538
    ],
    "val_mac": [
      0.5791516742054846,
      0.5864628127315763,
      0.5874393488026852,
      0.5970476621863914,
      0.5766055485423596,
      0.5417053379635783,
      0.5803121479543847,
      0.5754503904061568,
      0.5778983130250774,
      0.5737864763380597
    ],
    "val_align": [
      2.1749128378354587,
      2.314411686016963,
      2.516604964549725,
      2.7705231996682973,
      2.709021678337684,
      2.6220455903273363,
      3.2106099128723145,
      2.9789720498598538,
      2.8820262138660135,
      2.93637543458205
    ],
    "val_ci": [
      -172535.29807692306,
      -577375617.2307693,
      -70024597504.0,
      -2742060515328.0,
      -27427279147953.23,
      -169825082419042.47,
      -1211133607683938.5,
      -3952131659873043.5,
      -8455316771277273.0,
      -1.5720766498991182e+16
    ],
    "val_mbr_mi_zm_y": [
      1.8678067372395442,
      2.17891971881573,
      2.30563917526832,
      2.435155960229727,
      2.3927304561321554,
      2.338037765943087,
      2.7121905363523044,
      2.53496346106896,
      2.5077046981224647,
      2.468799728613633
    ],
    "val_mbr_cmi_zt_y_zm": [
      -17273.7158203125,
      -11651312.615384616,
      -131682844.61538461,
      -569207236.9230769,
      -884630530.4615384,
      -1371465174.1538463,
      -3419118779.076923,
      -5057053430.153846,
      -5969241216.0,
      -7059743074.461538
    ],
    "val_cip": [
      1.0,
      1.0,
      1.0,
      1.0,
      1.0,
      1.0,
      1.0,
      1.0,
      1.0,
      1.0
    ],
    "val_csi": [
      0.5,
      1.0,
      1.0,
      1.0,
      1.0,
      1.0,
      1.0,
      1.0,
      1.0,
      1.0
    ],
    "val_csi_structure_preference_rf": [
      -0.10516640188381646,
      -0.1759069221337534,
      -0.1425467445506604,
      -0.14182613960101853,
      -0.15084637652490535,
      -0.0890833464108049,
      -0.1309605256261679,
      -0.13625810639709265,
      -0.16764935969961886,
      -0.13144356243961866
    ],
    "val_csi_r2_mediated_rf": [
      0.16474373155116376,
      0.14855822777444985,
      0.11528229913929881,
      0.11808516100844439,
      0.18055468776363237,
      0.2234317832698568,
      0.131898839572274,
      0.1746152951891641,
      0.0760468021705104,
      0.16435701971111064
    ],
    "val_csi_r2_direct_rf": [
      0.2699101334349802,
      0.32446514990820324,
      0.25782904368995924,
      0.25991130060946294,
      0.3314010642885377,
      0.3125151296806617,
      0.2628593651984419,
      0.31087340158625676,
      0.24369616187012924,
      0.2958005821507293
    ],
    "val_csi_r2_m_only_rf": [
      0.9771733505265218,
      0.9978254049061386,
      0.99796565842846,
      0.9982145387751412,
      0.9973150063648379,
      0.9973920014270695,
      0.997766109205592,
      0.9972780260897828,
      0.9968634922781524,
      0.9981758272725557
    ],
    "val_csi_r2_perm_rf": [
      0.18410816973038724,
      0.0749552817574505,
      -0.04832778746664799,
      -0.21195143963008042,
      0.01378557558713058,
      -0.028655160453351796,
      -0.05447536110693297,
      -0.11971276519933495,
      -0.18819915661205863,
      -0.212620548708801
    ],
    "val_csi_csi_score_linear": [
      0.75,
      0.5,
      0.5,
      0.5,
      0.25,
      0.25,
      0.25,
      0.25,
      0.25,
      0.25
    ],
    "val_csi_structure_preference_linear": [
      -0.03336515525976819,
      -0.037053870658079774,
      0.1268458937605222,
      -0.01863865057627362,
      0.10905858377615607,
      -0.32790433134262775,
      0.3761504044135411,
      -0.0690992584762474,
      -0.016835238163669906,
      -0.07771459842721617
    ],
    "val_csi_r2_mediated_linear": [
      -0.19826075931390127,
      -0.23139070719480515,
      -0.4212758118907611,
      -0.3663066029548645,
      -0.7230303784211477,
      -1.5921734838436048,
      -1.2845415472984314,
      -0.28539798331136507,
      -0.03891225655873617,
      -0.39248677094777423
    ],
    "val_csi_r2_direct_linear": [
      -0.1648956040541331,
      -0.19433683653672537,
      -0.5481217056512833,
      -0.3476679523785909,
      -0.8320889621973038,
      -1.264269152500977,
      -1.6606919517119725,
      -0.21629872483511767,
      -0.02207701839506626,
      -0.31477217252055806
    ],
    "val_csi_r2_m_only_linear": [
      0.9578559597333273,
      0.9975091417630514,
      0.9989077846209208,
      0.9995777010917664,
      0.999758223692576,
      0.9997526407241821,
      0.9998264114061991,
      0.9998857577641805,
      0.9999439915021261,
      0.999928871790568
    ],