{
  "train_metrics": {
    "train_total_loss": [
      -44555.51173739195,
      -7469223.2753125,
      -173980131.78
    ],
    "train_mbr": [
      -31957.809389909507,
      -5562977.50203125,
      -134112070.46
    ],
    "train_mac": [
      -0.5911927838623524,
      -0.5861764564365148,
      -0.580732594281435
    ],
    "train_align": [
      2.5586669039726258,
      2.4923789739608764,
      2.5197847032547
    ],
    "train_ci": [
      -59.39903637014329,
      -646.7530417633056,
      -1081.741134185791
    ],
    "train_mbr_mi_zm_y": [
      2.0168687963485716,
      1.841417840719223,
      1.8540783786773682
    ],
    "train_mbr_cmi_zt_y_zm": [
      -31959.8260841883,
      -5562979.39890625,
      -134112070.74
    ]
  },
  "val_metrics": {
    "val_total_loss": [
      -239334.17548076922,
      -22638366.615384616,
      -498013004.3076923
    ],
    "val_mbr": [
      -199048.09254807694,
      -18863473.153846152,
      -415008147.6923077
    ],
    "val_mac": [
      0.6028465118519392,
      0.5964645013972671,
      0.595300962909245
    ],
    "val_align": [
      2.091267283146198,
      2.1102611284989576,
      2.1158078633821926
    ],
    "val_ci": [
      -238.61841260469876,
      -1099.873255803035,
      -1601.143294114333
    ],
    "val_mbr_mi_zm_y": [
      1.7262256420575655,
      1.7253846205197847,
      1.7285603284835815
    ],
    "val_mbr_cmi_zt_y_zm": [
      -199049.81850961538,
      -18863475.153846152,
      -415008147.6923077
    ],
    "val_cip": [
      0.0,
      0.0,
      0.0
    ],
    "val_csi": [
      0.5,
      0.25,
      0.75
    ],
    "val_csi_structure_preference_rf": [
      -0.08287176019224887,
      -0.07346411482997124,
      -0.049631312126311486
    ],
    "val_csi_r2_mediated_rf": [
      0.09691541702764217,
      0.07299175772335677,
      0.11854244511366395
    ],
    "val_csi_r2_direct_rf": [
      0.17978717721989104,
      0.146455872553328,
      0.16817375723997544
    ],
    "val_csi_r2_m_only_rf": [
      0.9440718353887406,
      0.9343040588611231,
      0.9441226661820911
    ],
    "val_csi_r2_perm_rf": [
      0.09675327457127586,
      0.10309818512775236,
      0.11356979723043271
    ],
    "val_csi_csi_score_linear": [
      0.25,
      0.5,
      0.5
    ],
    "val_csi_structure_preference_linear": [
      0.002630889415740967,
      -0.03695682684580481,
      -0.09280782627562689
    ],
    "val_csi_r2_mediated_linear": [
      -0.34019605815410614,
      -0.5909476081530253,
      -0.7418903311093649
    ],
    "val_csi_r2_direct_linear": [
      -0.3428269475698471,
      -0.5539907813072205,
      -0.649082504833738
    ],
    "val_csi_r2_m_only_linear": [
      0.9204842249552408,
      0.905181884765625,
      0.9177596171696981
    ],
    "val_csi_r2_perm_linear": [
      -0.328403706351916,
      -0.5744559566179911,
      -0.7804175746277906
    ],
    "val_mbri": [
      0.5202054614147329,
      0.5216977762983555,
      0.5206459206064201
    ],
    "val_ric_score": [
      0.4073945323008668,
      0.40967312473825795,
      0.40827884349201576
    ],
    "val_ric_treatment": [
      0.6108510752665693,
      0.613207569325352,
      0.6119038683240423
    ],
    "val_ric_mediator": [
      0.3139202339910882,
      0.31244845277335614,
      0.3140761378001919
    ],
    "val_ric_outcome": [
      0.297412287644943,
      0.3033633521160658,
      0.29885652435181315
    ],
    "val_ric_components": [
      3,
      3,
      3
    ],
    "val_psr": [
      -0.3556465423751463,
      -0.3556465423751463,
      -0.3556465423751463
    ],
    "val_psr_interaction": [
      -0.1705506703801447,
      -0.1705506703801447,
      -0.1705506703801447
    ],
    "val_mni": [
      1.0,
      1.0,
      1.0
    ],
    "val_mni_conditional": [
      0.0,
      0.0,
      0.0
    ],
    "val_y_gate_mean": [
      0.5177707672119141,
      0.5181059837341309,
      0.5184512138366699
    ],
    "val_y_gate_std": [
      0.10620737075805664,
      0.10770285874605179,
      0.11013256013393402
    ],
    "val_struct_score": [
      0.3821142804560561,
      0.3460269800083906,
      0.41693988351893346
    ]
  },
  "best_metric": -498013004.3076923,
  "total_steps": 300,
  "total_epochs": 3
}