{
  "train_metrics": {
    "train_total_loss": [
      -165299228.9131032,
      -305150942142.464,
      -37184111279341.57
    ],
    "train_mac": [
      -0.620416735470295,
      -0.5406111030578613,
      -0.5223923004865646
    ],
    "train_align": [
      2.7469593205451965,
      2.9642607803344725,
      3.311813967704773
    ],
    "train_ci": [
      -49368190.00879447,
      -91136231629.696,
      -11105388536004.607
    ]
  },
  "val_metrics": {
    "val_total_loss": [
      -529484475.75,
      -507849305728.0,
      -42556418920448.0
    ],
    "val_mac": [
      0.581553123133384,
      0.5306240361808348,
      0.511468532592948
    ],
    "val_align": [
      2.7355319932103157,
      2.907479912042618,
      3.1987835615873337
    ],
    "val_ci": [
      -529484475.75,
      -507849305728.0,
      -42556418920448.0
    ],
    "val_cip": [
      1.0,
      1.0,
      1.0
    ],
    "val_csi": [
      0.25,
      1.0,
      1.0
    ],
    "val_csi_structure_preference_rf": [
      -0.21925426005784016,
      -0.19784191006387858,
      -0.22247357026698195
    ],
    "val_csi_r2_mediated_rf": [
      -0.12322652992227377,
      -0.11522387336235884,
      -0.14939733151307247
    ],
    "val_csi_r2_direct_rf": [
      0.09602773013556638,
      0.08261803670151972,
      0.07307623875390946
    ],
    "val_csi_r2_m_only_rf": [
      0.997712468248699,
      0.9993581239426339,
      0.9996973982982683
    ],
    "val_csi_r2_perm_rf": [
      -0.05676076884525879,
      -0.23665798109298763,
      -0.20909219030992632
    ],
    "val_csi_csi_score_linear": [
      1.0,
      0.5,
      0.25
    ],
    "val_csi_structure_preference_linear": [
      0.00038890043894448945,
      -0.001938526829083742,
      9.851157665252686e-05
    ],
    "val_csi_r2_mediated_linear": [
      0.2144950876633326,
      0.2660245771209399,
      0.2007033657282591
    ],
    "val_csi_r2_direct_linear": [
      0.21410618722438812,
      0.26796310395002365,
      0.20060485415160656
    ],
    "val_csi_r2_m_only_linear": [
      0.9966377218564352,
      0.9990726113319397,
      0.9994683265686035
    ],
    "val_csi_r2_perm_linear": [
      0.18652582499716017,
      0.2487849377923542,
      0.23938292099369898
    ],
    "val_mbri": [
      0.682236009940088,
      0.6602284560948211,
      0.6437085987313501
    ],
    "val_ric_score": [
      0.4263046432475199,
      0.40154369813576657,
      0.3923866487567316
    ],
    "val_ric_treatment": [
      0.6078608165770683,
      0.6037427067597635,
      0.6069979974577012
    ],
    "val_ric_mediator": [
      0.3936824426782045,
      0.33522917538458763,
      0.31381574295880055
    ],
    "val_ric_outcome": [
      0.27737067048728703,
      0.26565921226294875,
      0.2563462058536932
    ],
    "val_ric_components": [
      3,
      3,
      3
    ],
    "val_psr": [
      -0.5632193859746306,
      -0.5632193859746306,
      -0.5632193859746306
    ],
    "val_psr_interaction": [
      -0.2050625850963721,
      -0.2050625850963721,
      -0.2050625850963721
    ],
    "val_mni": [
      1.0,
      1.0,
      1.0
    ],
    "val_mni_conditional": [
      0.0,
      0.0,
      0.0
    ],
    "val_y_gate_mean": [
      0.48530957102775574,
      0.4875556528568268,
      0.48731398582458496
    ],
    "val_y_gate_std": [
      0.21916717290878296,
      0.24944230914115906,
      0.25748199224472046
    ],
    "val_struct_score": [
      0.4824106271923373,
      0.5755966863481132,
      0.5691920563009142
    ]
  },
  "best_metric": -42556418920448.0,
  "total_steps": 750,
  "total_epochs": 3
}