{
  "train_metrics": {
    "train_total_loss": [
      -176711681.12099984,
      -281760263021.056,
      -35191635228753.92
    ],
    "train_mac": [
      -0.6207740675210953,
      -0.5412836062312126,
      -0.5212787817344069
    ],
    "train_align": [
      2.6655580344200134,
      2.8691969203948973,
      2.9944413595199584
    ],
    "train_ci": [
      -52776628.61026534,
      -84150382910.72,
      -10510316573425.664
    ]
  },
  "val_metrics": {
    "val_total_loss": [
      -553887506.25,
      -536552931520.0,
      -49866305265664.0
    ],
    "val_mac": [
      0.576201474549539,
      0.536709987950529,
      0.5183884314463626
    ],
    "val_align": [
      2.587848298251629,
      2.9496250674128532,
      3.064996138215065
    ],
    "val_ci": [
      -553887506.25,
      -536552931520.0,
      -49866305265664.0
    ],
    "val_cip": [
      1.0,
      1.0,
      0.0
    ],
    "val_csi": [
      1.0,
      1.0,
      1.0
    ],
    "val_csi_structure_preference_rf": [
      -0.0921260786782434,
      -0.09909849198727536,
      -0.1369350031987449
    ],
    "val_csi_r2_mediated_rf": [
      0.25287211509618707,
      0.23492467565051686,
      0.20124314712035618
    ],
    "val_csi_r2_direct_rf": [
      0.3449981937744305,
      0.3340231676377922,
      0.3381781503191011
    ],
    "val_csi_r2_m_only_rf": [
      0.9985573317105355,
      0.9995345057074697,
      0.999725912976528
    ],
    "val_csi_r2_perm_rf": [
      -0.01785418871275557,
      -0.18488197876425674,
      -0.13857639853425927
    ],
    "val_csi_csi_score_linear": [
      1.0,
      1.0,
      0.5
    ],
    "val_csi_structure_preference_linear": [
      0.0018122494220733643,
      0.0002525945504506244,
      -0.0002911190191904889
    ],
    "val_csi_r2_mediated_linear": [
      0.414108544588089,
      0.42912211020787555,
      0.42234863837560016
    ],
    "val_csi_r2_direct_linear": [
      0.4122962951660156,
      0.4288695156574249,
      0.42263975739479065
    ],
    "val_csi_r2_m_only_linear": [
      0.9974993467330933,
      0.999270498752594,
      0.9994378288586935
    ],
    "val_csi_r2_perm_linear": [
      0.33688757320245105,
      0.39271246393521625,
      0.4424446986781226
    ],
    "val_mbri": [
      0.651723976888547,
      0.6309363458228376,
      0.6192667625363268
    ],
    "val_ric_score": [
      0.45323071148504984,
      0.42835616370590673,
      0.42309721168286524
    ],
    "val_ric_treatment": [
      0.6078534235600319,
      0.6087376377457805,
      0.606641507111076
    ],
    "val_ric_mediator": [
      0.4044294031314894,
      0.3620548199773537,
      0.35406519546885956
    ],
    "val_ric_outcome": [
      0.3474093077636282,
      0.3142760333945861,
      0.30858493246866
    ],
    "val_ric_components": [
      3,
      3,
      3
    ],
    "val_psr": [
      0.4136929002741164,
      0.4136929002741164,
      0.4136929002741164
    ],
    "val_psr_interaction": [
      0.22577584464954015,
      0.22577584464954015,
      0.22577584464954015
    ],
    "val_mni": [
      1.0,
      1.0,
      1.0
    ],
    "val_mni_conditional": [
      0.0,
      0.0,
      0.0
    ],
    "val_y_gate_mean": [
      0.4862218499183655,
      0.4863796532154083,
      0.48489177227020264
    ],
    "val_y_gate_std": [
      0.22301843762397766,
      0.2633269429206848,
      0.28418809175491333
    ],
    "val_struct_score": [
      0.7278355804567503,
      0.7156707711076271,
      0.5677779008485244
    ]
  },
  "best_metric": -49866305265664.0,
  "total_steps": 750,
  "total_epochs": 3
}