{
  "train_metrics": {
    "train_total_loss": [
      -299946.2609116578,
      -873113973.485,
      -95497946900.48
    ],
    "train_mbr": [
      -39717.23070982933,
      -16224584.3525,
      -165379305.56
    ],
    "train_mac": [
      -0.5836441415548325,
      -0.5936220949888229,
      -0.5833802020549774
    ],
    "train_align": [
      2.6457265639305114,
      2.76157924413681,
      2.791648905277252
    ],
    "train_ci": [
      -104341.6356246255,
      -383913116.904375,
      -45743741250.56
    ],
    "train_mbr_mi_zm_y": [
      2.086611330509186,
      2.1683851826190947,
      2.4574050068855287
    ],
    "train_mbr_cmi_zt_y_zm": [
      -39719.31714885473,
      -16224586.77125,
      -165379305.96
    ]
  },
  "val_metrics": {
    "val_total_loss": [
      -1317967.735576923,
      -4844953856.0,
      -382304225122.46155
    ],
    "val_mbr": [
      -179500.98076923078,
      -61668266.307692304,
      -343114988.3076923
    ],
    "val_mac": [
      0.5656356145814471,
      0.6132449091576583,
      0.594039948781371
    ],
    "val_align": [
      2.110812700711764,
      2.4714325483028707,
      2.2788333342625546
    ],
    "val_ci": [
      -551283.6778846154,
      -2385475958.1538463,
      -190946243190.15384
    ],
    "val_mbr_mi_zm_y": [
      1.914635025537931,
      2.113263515325693,
      2.3149396823002744
    ],
    "val_mbr_cmi_zt_y_zm": [
      -179502.89603365384,
      -61668268.461538464,
      -343114988.3076923
    ],
    "val_cip": [
      0.0,
      1.0,
      0.0
    ],
    "val_csi": [
      0.75,
      1.0,
      0.75
    ],
    "val_csi_structure_preference_rf": [
      -0.12867369400362214,
      -0.10552296227420169,
      -0.15184767504970217
    ],
    "val_csi_r2_mediated_rf": [
      0.1766253058720467,
      0.15318312143890536,
      0.1468089087092249
    ],
    "val_csi_r2_direct_rf": [
      0.30529899987566883,
      0.25870608371310705,
      0.29865658375892706
    ],
    "val_csi_r2_m_only_rf": [
      0.9826747617146893,
      0.9976719115270339,
      0.9980931347499822
    ],
    "val_csi_r2_perm_rf": [
      0.15577480364382265,
      -0.025779082970275275,
      0.014106698025900302
    ],
    "val_csi_csi_score_linear": [
      0.75,
      0.25,
      0.25
    ],
    "val_csi_structure_preference_linear": [
      0.0008109000821908269,
      -0.03477498143911362,
      -0.010350144157807037
    ],
    "val_csi_r2_mediated_linear": [
      0.03866694743434588,
      -0.48149216175079346,
      -0.0482798640926679
    ],
    "val_csi_r2_direct_linear": [
      0.03785604735215505,
      -0.44671718031167984,
      -0.03792971993486086
    ],
    "val_csi_r2_m_only_linear": [
      0.9760541717211405,
      0.9978141983350118,
      0.9986080527305603
    ],
    "val_csi_r2_perm_linear": [
      -0.019077004069509306,
      -0.4144431835868292,
      -0.023394059803750783
    ],
    "val_mbri": [
      0.6529523468438386,
      0.6443996489914465,
      0.6390601605526128
    ],
    "val_ric_score": [
      0.4194184673227266,
      0.4337062637636417,
      0.42069028908095457
    ],
    "val_ric_treatment": [
      0.6173375662013846,
      0.6180095224828559,
      0.6125582445066199
    ],
    "val_ric_mediator": [
      0.3242070533620535,
      0.38751871210680416,
      0.35256835525730684
    ],
    "val_ric_outcome": [
      0.31671078240474165,
      0.29559055670126483,
      0.29694426747893704
    ],
    "val_ric_components": [
      3,
      3,
      3
    ],
    "val_psr": [
      -0.3556465423751463,
      -0.3556465423751463,
      -0.3556465423751463
    ],
    "val_psr_interaction": [
      -0.1705506703801447,
      -0.1705506703801447,
      -0.1705506703801447
    ],
    "val_mni": [
      1.0,
      1.0,
      1.0
    ],
    "val_mni_conditional": [
      0.0,
      0.0,
      0.0
    ],
    "val_y_gate_mean": [
      0.5300775170326233,
      0.539520800113678,
      0.5308669209480286
    ],
    "val_y_gate_std": [
      0.13845862448215485,
      0.23321928083896637,
      0.2455606311559677
    ],
    "val_struct_score": [
      0.433194269481838,
      0.6193863256482286,
      0.43544912229139887
    ]
  },
  "best_metric": -382304225122.46155,
  "total_steps": 300,
  "total_epochs": 3
}