{
  "train_metrics": {
    "train_total_loss": [
      0.09351886034011841,
      0.014218544960021973,
      0.006831956505775452,
      0.003761695623397827,
      0.0023944270610809326,
      0.0016023898124694824,
      0.0011966276168823243,
      0.0008812791109085083,
      0.0007134079933166504,
      0.0005834156274795532
    ],
    "train_cca_loss": [
      0.09351886034011841,
      0.014218544960021973,
      0.006831956505775452,
      0.003761695623397827,
      0.0023944270610809326,
      0.0016023898124694824,
      0.0011966276168823243,
      0.0008812791109085083,
      0.0007134079933166504,
      0.0005834156274795532
    ]
  },
  "val_metrics": {
    "val_cca_loss": [
      0.0033799914213327262,
      0.0007698214971102201,
      0.00036629805198082555,
      0.00022804737091064453,
      0.00018082673733051008,
      9.529865705049955e-05,
      8.042500569270208e-05,
      7.137426963219276e-05,
      4.8857468825120195e-05,
      4.837604669424204e-05
    ],
    "val_total_loss": [
      0.0033799914213327262,
      0.0007698214971102201,
      0.00036629805198082555,
      0.00022804737091064453,
      0.00018082673733051008,
      9.529865705049955e-05,
      8.042500569270208e-05,
      7.137426963219276e-05,
      4.8857468825120195e-05,
      4.837604669424204e-05
    ],
    "val_cip": [
      0.0,
      0.0,
      0.0,
      0.0,
      0.0,
      0.0,
      0.0,
      0.0,
      0.0,
      0.0
    ],
    "val_csi": [
      0.25,
      0.25,
      0.5,
      0.25,
      0.25,
      0.25,
      0.25,
      0.25,
      0.25,
      0.25
    ],
    "val_csi_structure_preference_rf": [
      -0.133866402502202,
      -0.1507438617250704,
      -0.1094221979684228,
      -0.14689002912094357,
      -0.13001513016531407,
      -0.17527591237869197,
      -0.13110578078325918,
      -0.17748334013683423,
      -0.1370112889301521,
      -0.14780443417152458
    ],
    "val_csi_r2_mediated_rf": [
      -0.04640179179392228,
      -0.06514419013347618,
      0.012386642991272059,
      -0.05039869421906295,
      -0.03325827757049792,
      -0.029927397217661158,
      0.020401502695910016,
      -0.02744382412729125,
      0.014602056782069495,
      -0.018910049504547274
    ],
    "val_csi_r2_direct_rf": [
      0.08746461070827972,
      0.08559967159159422,
      0.12180884095969485,
      0.09649133490188062,
      0.09675685259481616,
      0.1453485151610308,
      0.1515072834791692,
      0.150039516009543,
      0.1516133457122216,
      0.1288943846669773
    ],
    "val_csi_r2_m_only_rf": [
      0.9409081919514518,
      0.9760944961734791,
      0.9868433163975787,
      0.9892036277924353,
      0.9904443737195777,
      0.9918622950732212,
      0.9927102870908636,
      0.992940301519615,
      0.9924266752201997,
      0.9935510043702628
    ],
    "val_csi_r2_perm_rf": [
      0.02956512196358256,
      0.040256898579213364,
      0.04141575722126495,
      0.07106542609549225,
      0.06660888045596507,
      0.05874614226036287,
      0.07658686576910244,
      0.05754874026261406,
      0.09993211399255791,
      0.06761219106493675
    ],
    "val_csi_csi_score_linear": [
      0.75,
      0.5,
      0.5,
      0.75,
      0.75,
      1.0,
      0.5,
      1.0,
      0.75,
      0.75
    ],
    "val_csi_structure_preference_linear": [
      -0.06758525967597961,
      -0.08232904473940528,
      -0.10019426854948199,
      -0.033776233593622834,
      0.05458696559071541,
      -0.04825064043203986,
      -0.06804320216178894,
      0.5287045240402222,
      -0.014512105224033206,
      0.04213772093256313
    ],
    "val_csi_r2_mediated_linear": [
      -0.553894117474556,
      -0.6022904515266418,
      -0.527045505742232,
      -0.13619870940844217,
      -1.784918005267779,
      -0.3328611155351003,
      -0.32850152750809986,
      -1.3251318434874217,
      -0.21300935093313456,
      -0.3635508120059967
    ],
    "val_csi_r2_direct_linear": [
      -0.48630885779857635,
      -0.5199614067872366,
      -0.42685123719275,
      -0.10242247581481934,
      -1.8395049708584945,
      -0.2846104751030604,
      -0.2604583253463109,
      -1.853836367527644,
      -0.19849724570910135,
      -0.40568853293855983
    ],
    "val_csi_r2_m_only_linear": [
      0.9184279640515646,
      0.9671685298283895,
      0.9835900266965231,
      0.9874301155408224,
      0.9902421633402506,
      0.9915704329808553,
      0.9925694664319357,
      0.9925534327824911,
      0.9924079179763794,
      0.9933016498883566
    ],
    "val_csi_r2_perm_linear": [
      -0.723028204507298,
      -0.6366656008693906,
      -0.45885127679341364,
      -0.2105723296602567,
      -1.9559452703429592,
      -0.4219944005211194,
      -0.3171175603153339,
      -2.1714563369750977,
      -0.2425123362077607,
      -0.42954596545961166
    ],
    "val_mbri": [
      0.3651728330942086,
      0.4770476469329533,
      0.4705279711560925,
      0.4279214938156616,
      0.39641112215617125,
      0.38194804882714034,
      0.40266169427733567,
      0.43702803993606065,
      0.4103692513651827,
      0.39247080916333665
    ],
    "val_mac": [
      0.5454245958552764,
      0.5711830279491948,
      0.5978203626224097,
      0.625481883197533,
      0.6421624855002442,
      0.6516982164620501,
      0.6673519829145365,
      0.6800067930212279,
      0.6822802045645976,
      0.6894583248177574
    ],
    "val_ric_score": [
      0.39613504696616636,
      0.3961220188465508,
      0.3951535112279276,
      0.3986709815826137,
      0.39791746953130464,
      0.4042647137742709,
      0.4019313344811919,
      0.40107564353183217,
      0.4051509439437022,
      0.4023599587559478
    ],
    "val_ric_treatment": [
      0.6237314737483912,
      0.6234296686701989,
      0.6258073715848053,
      0.632049015623943,
      0.6257662494356471,
      0.6342915031755172,
      0.628080202040269,
      0.6304623129644933,
      0.6358799332070207,
      0.6310609653783877
    ],
    "val_ric_mediator": [
      0.2894871413764264,
      0.2961045434967336,
      0.3006775016134596,
      0.30633426892436844,
      0.30889788738207113,
      0.3158917689719456,
      0.3187422812254347,
      0.3170482282153951,
      0.3204706132912161,
      0.3212901062800864
    ],
    "val_ric_outcome": [
      0.27518652577368147,
      0.2688318443727197,
      0.25897566048551773,
      0.25762966019952965,
      0.25908827177619576,
      0.26261086917534987,
      0.258971520177872,
      0.25571638941560815,
      0.2591022853328698,
      0.25472880460936925
    ],
    "val_ric_components": [
      3,
      3,
      3,
      3,
      3,
      3,
      3,
      3,
      3,
      3
    ],
    "val_psr": [
      -0.3556465423751463,
      -0.3556465423751463,
      -0.3556465423751463,
      -0.3556465423751463,
      -0.3556465423751463,
      -0.3556465423751463,
      -0.3556465423751463,
      -0.3556465423751463,
      -0.3556465423751463,
      -0.3556465423751463
    ],
    "val_psr_interaction": [
      -0.1705506703801447,
      -0.1705506703801447,
      -0.1705506703801447,
      -0.1705506703801447,
      -0.1705506703801447,
      -0.1705506703801447,
      -0.1705506703801447,
      -0.1705506703801447,
      -0.1705506703801447,
      -0.1705506703801447
    ],
    "val_mni": [
      1.0,
      1.0,
      1.0,
      1.0,
      1.0,
      1.0,
      1.0,
      1.0,
      1.0,
      1.0
    ],
    "val_mni_conditional": [
      0.0,
      0.0,
      0.0,
      0.0,
      0.0,
      0.0,
      0.0,
      0.0,
      0.0,
      0.0
    ],
    "val_y_gate_mean": [
      0.5261003971099854,
      0.5803549885749817,
      0.6237304210662842,
      0.6449215412139893,
      0.6620426774024963,
      0.6738287210464478,
      0.6787771582603455,
      0.6837003827095032,
      0.6857471466064453,
      0.68767911195755
    ],