{
  "scenario": "IM",
  "metrics": {
    "CIP": {
      "cip_score": 1.0,
      "p_value": 0.933228848460637,
      "correlation": 0.008484868332743645,
      "n_samples": 100
    },
    "CSI": {
      "csi_score": 1.0,
      "csi_score_rf": 1.0,
      "r2_mediated_rf": -0.12244820101538183,
      "r2_direct_rf": 0.13061114332927215,
      "r2_m_only_rf": 0.9927930846972863,
      "structure_preference_rf": -0.253059344344654,
      "r2_perm_rf": -0.23080151344116925,
      "csi_score_linear": 0.75,
      "r2_mediated_linear": -282.0819600423177,
      "r2_direct_linear": -182.12836583455405,
      "r2_m_only_linear": 0.9664012591044108,
      "structure_preference_linear": -99.95359420776364,
      "r2_perm_linear": -364.09015189276806,
      "features_T": 64,
      "features_M": 64,
      "features_Y": 64,
      "n_samples": 100,
      "cv_splits": 3,
      "perm_samples": 3
    },
    "MBRI": {
      "mbri_score": 0.6116261179839405,
      "mi_m_y": 0.5546327328177115,
      "mi_t_y": 0.3521838834014364,
      "boundary_strength": 1.5748384386946226
    },
    "MAC": {
      "mac_score": 0.5640979555397656,
      "correlation": 0.5640979555397656,
      "p_value": 0.0,
      "n_pairs": 4950
    },
    "RIC": {
      "treatment": 0.5669896310962569,
      "mi_treatment": 1.112003489344033,
      "h_treatment": 1.9612413044028907,
      "mediator": 0.3220242241424866,
      "mi_mediator": 0.6837885258624443,
      "h_mediator": 2.1234070960439455,
      "outcome": 0.30114158650655515,
      "mi_outcome": 0.6090266392418174,
      "h_outcome": 2.0223929989063283,
      "ric_score": 0.39671848058176623,
      "ric_components": 3
    },
    "PSR": {
      "psr_score": -0.4359769655369358,
      "interaction_information": -0.18575019864063247,
      "mi_t_y": 0.4260550747488878,
      "h_t": 1.9612413044028907,
      "h_m": 2.1234070960439455,
      "h_y": 2.0223929989063283
    },
    "MNI": {
      "mni_score": 1.0,
      "mi_total": 0.08590854312687832,
      "mi_conditional": 0.0,
      "mi_joint": 0.4592455466771818,
      "mi_mediator": 0.8325825502274853
    }
  },
  "summary": {
    "main_scores": {
      "CIP": 1.0,
      "CSI": 1.0,
      "MBRI": 0.6116261179839405,
      "MAC": 0.5640979555397656,
      "RIC": 0.39671848058176623,
      "PSR": -0.4359769655369358,
      "MNI": 1.0
    },
    "overall_score": 0.5909236555097909,
    "representation_quality": {
      "z_T": {
        "mean_norm": 5.149339199066162,
        "std_norm": 2.8000378608703613,
        "mean_activation": -0.002301052212715149,
        "std_activation": 0.7326701879501343
      },
      "z_M": {
        "mean_norm": 11.90423583984375,
        "std_norm": 20.716938018798828,
        "mean_activation": -0.13742542266845703,
        "std_activation": 2.983531951904297
      },
      "z_Y": {
        "mean_norm": 2.714763879776001,
        "std_norm": 4.674718379974365,
        "mean_activation": 0.11574669182300568,
        "std_activation": 0.665740966796875
      }
    }
  },
  "representation_shapes": {
    "z_T": [
      100,
      64
    ],
    "z_M": [
      100,
      64
    ],
    "z_Y": [
      100,
      64
    ],
    "T": [
      100
    ],
    "M": [
      100
    ],
    "Y_star": [
      100
    ],
    "a_M": [
      100
    ],
    "a_Y": [
      100
    ],
    "b_style": [
      100
    ],
    "subject_id": [
      100
    ],
    "scenario": [
      100
    ]
  },
  "n_samples": 100
}