{
  "train_metrics": {
    "train_total_loss": [
      1.3259459182620048,
      0.9755816152691841,
      0.649014735519886,
      0.5469541789591312,
      0.46178540542721747,
      0.4062927696108818,
      0.3978724719583988,
      0.3552114452421665,
      0.3369507922232151,
      0.3289335119724274
    ],
    "train_vae_recon_loss": [
      1.2451204165816308,
      0.8688959050178527,
      0.5179413744807243,
      0.4197872216999531,
      0.3360403351485729,
      0.2948466601967812,
      0.2858808769285679,
      0.2467001638561487,
      0.23546246118843556,
      0.22932749219238757
    ],
    "train_vae_kl": [
      0.08082550521939993,
      0.1066857110708952,
      0.13107335932552813,
      0.12716695420444013,
      0.1257450710237026,
      0.11144611105322838,
      0.11199159756302833,
      0.10851128168404102,
      0.10148833028972148,
      0.09960602022707463
    ]
  },
  "val_metrics": {
    "val_vae_recon_loss": [
      0.7041784593692193,
      0.48230430483818054,
      0.2256235835643915,
      0.1705051580300698,
      0.15915936747422585,
      0.1257874031479542,
      0.13018244332992113,
      0.10171319200442387,
      0.09979736317808811,
      0.08729949966073036
    ],
    "val_vae_kl": [
      0.09167215428673305,
      0.08709028048010972,
      0.11551239284185263,
      0.09891283741364112,
      0.09296425431966782,
      0.10877353526078738,
      0.09061819200332348,
      0.09327094314190057,
      0.08514830527397302,
      0.08435836663612953
    ],
    "val_total_loss": [
      0.7958506047725677,
      0.569394588470459,
      0.34113597640624416,
      0.26941799830931884,
      0.2521236263788663,
      0.23456093783562,
      0.22080063361387986,
      0.19498413801193237,
      0.18494567045798668,
      0.17165786429093435
    ],
    "val_cip": [
      0.0,
      0.0,
      0.0,
      0.0,
      0.0,
      0.0,
      0.0,
      0.0,
      0.0,
      0.0
    ],
    "val_csi": [
      0.75,
      0.25,
      0.5,
      0.25,
      0.25,
      0.5,
      0.25,
      0.25,
      0.25,
      0.25
    ],
    "val_csi_structure_preference_rf": [
      -0.012298725677201722,
      -0.06389709205278783,
      0.10433362162674785,
      0.09927432950455592,
      0.07976081899120903,
      0.060445769820465844,
      0.04095925156596922,
      0.03823229970688741,
      0.06977952627760112,
      0.03316346124379589
    ],
    "val_csi_r2_mediated_rf": [
      0.2094368305201605,
      0.10346187334119024,
      0.08075434664176757,
      0.043710716113444514,
      0.09493746511453881,
      0.06169812669476136,
      0.07064043566434824,
      0.037467367326207056,
      0.06014040872855256,
      0.07472874486621346
    ],
    "val_csi_r2_direct_rf": [
      0.2217355561973622,
      0.16735896539397807,
      -0.02357927498498028,
      -0.055563613391111405,
      0.015176646123329784,
      0.0012523568742955175,
      0.029681184098379023,
      -0.0007649323806803512,
      -0.009639117549048566,
      0.04156528362241757
    ],
    "val_csi_r2_m_only_rf": [
      0.8578715916497179,
      0.7101022859299571,
      0.4931226518600198,
      0.49243800123600345,
      0.4916801829237311,
      0.49142683358838973,
      0.5190938850475677,
      0.5086350252471147,
      0.5219080278050862,
      0.5472397688126253
    ],
    "val_csi_r2_perm_rf": [
      0.20712706309561868,
      0.17259715664748496,
      0.10661983301990179,
      0.0845868314518045,
      0.1329053030714852,
      0.06658405257940729,
      0.12622395890661917,
      0.09147688321200897,
      0.09607687056060447,
      0.12795576966239863
    ],
    "val_csi_csi_score_linear": [
      1.0,
      0.75,
      1.0,
      0.25,
      0.25,
      0.5,
      0.75,
      1.0,
      1.0,
      0.75
    ],
    "val_csi_structure_preference_linear": [
      0.06565696746110916,
      -0.010210713992516052,
      -0.01661536594231927,
      -0.10625872015953064,
      -0.3430952727794647,
      -0.16461750864982605,
      -0.10354316234588623,
      1.869737684726715,
      -0.05441736181577039,
      -1.0063899606466293
    ],
    "val_csi_r2_mediated_linear": [
      -0.2944655939936638,
      -1.2262935278316338,
      -0.32391607264677685,
      -0.6274510622024536,
      -2.6120315392812095,
      -1.3645403881867726,
      -2.2183889945348105,
      -3.3122687339782715,
      -1.6598289608955383,
      -1.8391648729642232
    ],
    "val_csi_r2_direct_linear": [
      -0.36012256145477295,
      -1.2160828138391178,
      -0.3073007067044576,
      -0.521192342042923,
      -2.2689362665017447,
      -1.1999228795369465,
      -2.1148458321889243,
      -5.182006418704987,
      -1.605411599079768,
      -0.8327749123175939
    ],
    "val_csi_r2_m_only_linear": [
      0.7562923232714335,
      0.49975302815437317,
      0.12817216167847315,
      0.17619096239407858,
      0.13120409597953162,
      0.05749353510327637,
      0.294008140762647,
      0.09362965946396191,
      0.15878397474686304,
      0.1619396855433782
    ],
    "val_csi_r2_perm_linear": [
      -0.5101225127776464,
      -1.3000626779264872,
      -0.3907493518458472,
      -0.5742210911379919,
      -2.379310819837782,
      -1.381462166706721,
      -2.3770992888344664,
      -5.855472101105584,
      -1.8719743291536968,
      -3.902130338880751
    ],
    "val_mbri": [
      0.5887357765647779,
      0.6353459551421665,
      0.36504052910932766,
      0.6311550350350832,
      0.4894784771941163,
      0.4112052125123994,
      0.6104433677678792,
      0.5259205803244992,
      0.5604138213880017,
      0.4640175814049275
    ],
    "val_mac": [
      0.6866935502732016,
      0.8832375239543372,
      0.7516369343199159,
      0.7464458189969099,
      0.6955943921707824,
      0.6228678052681711,
      0.6806401136143213,
      0.6373221438822555,
      0.6755284605288409,
      0.6861360620785731
    ],
    "val_ric_score": [
      0.445920809389373,
      0.49971848655986834,
      0.5013894817939596,
      0.5189140341287432,
      0.5063621197510743,
      0.5080371317113275,
      0.5128943867298452,
      0.5085295157279751,
      0.5210746473071411,
      0.5138996578977184
    ],
    "val_ric_treatment": [
      0.6190941329633203,
      0.6295005114489157,
      0.6343738530019112,
      0.6294938968614391,
      0.6238223943073339,
      0.617192882559508,
      0.6103564855857289,
      0.609843076826192,
      0.6173593550783621,
      0.6075615221032278
    ],
    "val_ric_mediator": [
      0.35523057202808195,
      0.42040569079146367,
      0.3081148960745842,
      0.3120961066218688,
      0.2856462353125394,
      0.2859169541369409,
      0.2945212230617673,
      0.26581885870749256,
      0.28991113462144524,
      0.2857801773633144
    ],
    "val_ric_outcome": [
      0.3634377231767168,
      0.44924925743922584,
      0.5616796963053835,
      0.6151520989029218,
      0.6096177296333497,
      0.6210015584375336,
      0.6338054515420396,
      0.6499266116502406,
      0.655953452221616,
      0.6483572742266129
    ],
    "val_ric_components": [
      3,
      3,
      3,
      3,
      3,
      3,
      3,
      3,
      3,
      3
    ],
    "val_psr": [
      -0.3556465423751463,
      -0.3556465423751463,
      -0.3556465423751463,
      -0.3556465423751463,
      -0.3556465423751463,
      -0.3556465423751463,
      -0.3556465423751463,
      -0.3556465423751463,
      -0.3556465423751463,
      -0.3556465423751463
    ],
    "val_psr_interaction": [
      -0.1705506703801447,
      -0.1705506703801447,
      -0.1705506703801447,
      -0.1705506703801447,
      -0.1705506703801447,
      -0.1705506703801447,
      -0.1705506703801447,
      -0.1705506703801447,
      -0.1705506703801447,
      -0.1705506703801447
    ],
    "val_mni": [
      1.0,
      1.0,
      1.0,
      1.0,
      1.0,
      1.0,
      1.0,
      1.0,
      1.0,
      1.0
    ],