{
  "scenario": "IM",
  "metrics": {
    "CIP": {
      "cip_score": 1.0,
      "p_value": 0.8980844452551109,
      "correlation": 0.009113715961575508,
      "n_samples": 200
    },
    "CSI": {
      "csi_score": 0.75,
      "csi_score_rf": 0.75,
      "r2_mediated_rf": 0.07005796477075778,
      "r2_direct_rf": 0.22975860438055754,
      "r2_m_only_rf": 0.992561589584899,
      "structure_preference_rf": -0.15970063960979974,
      "r2_perm_rf": 0.06289978412543586,
      "csi_score_linear": 0.5,
      "r2_mediated_linear": -1.6320467789967854,
      "r2_direct_linear": -1.647003213564555,
      "r2_m_only_linear": 0.9876584609349569,
      "structure_preference_linear": 0.014956434567769517,
      "r2_perm_linear": -1.6148943420913484,
      "features_T": 64,
      "features_M": 64,
      "features_Y": 64,
      "n_samples": 200,
      "cv_splits": 3,
      "perm_samples": 3
    },
    "MBRI": {
      "mbri_score": 0.5813675696464635,
      "mi_m_y": 0.5138076210812228,
      "mi_t_y": 0.369983704912416,
      "boundary_strength": 1.3887303693970783
    },
    "MAC": {
      "mac_score": 0.6442345962854008,
      "correlation": 0.6442345962854008,
      "p_value": 0.0,
      "n_pairs": 19900
    },
    "RIC": {
      "treatment": 0.5922793800029144,
      "mi_treatment": 1.3866587119605636,
      "h_treatment": 2.341224011598963,
      "mediator": 0.39693471810389896,
      "mi_mediator": 0.8808216687013941,
      "h_mediator": 2.2190592673263945,
      "outcome": 0.32601117396886803,
      "mi_outcome": 0.6904442395703432,
      "h_outcome": 2.1178545137111295,
      "ric_score": 0.4384084240252271,
      "ric_components": 3
    },
    "PSR": {
      "psr_score": -0.17871113858147022,
      "interaction_information": -0.08668235768398702,
      "mi_t_y": 0.48504171800388685,
      "h_t": 2.341224011598963,
      "h_m": 2.2190592673263945,
      "h_y": 2.1178545137111295
    },
    "MNI": {
      "mni_score": 1.0,
      "mi_total": 0.10683163081047448,
      "mi_conditional": 0.0,
      "mi_joint": 0.7097623383024041,
      "mi_mediator": 1.3126930457943335
    }
  },
  "summary": {
    "main_scores": {
      "CIP": 1.0,
      "CSI": 0.75,
      "MBRI": 0.5813675696464635,
      "MAC": 0.6442345962854008,
      "RIC": 0.4384084240252271,
      "PSR": -0.17871113858147022,
      "MNI": 1.0
    },
    "overall_score": 0.6050427787679459,
    "representation_quality": {
      "z_T": {
        "mean_norm": 5.036863803863525,
        "std_norm": 3.317904233932495,
        "mean_activation": 0.017445391044020653,
        "std_activation": 0.7537304162979126
      },
      "z_M": {
        "mean_norm": 7.042630672454834,
        "std_norm": 7.253973007202148,
        "mean_activation": 0.1727500706911087,
        "std_activation": 1.2519288063049316
      },
      "z_Y": {
        "mean_norm": 2.4977729320526123,
        "std_norm": 2.597414016723633,
        "mean_activation": 0.042402517050504684,
        "std_activation": 0.4484410583972931
      }
    }
  },
  "representation_shapes": {
    "z_T": [
      200,
      64
    ],
    "z_M": [
      200,
      64
    ],
    "z_Y": [
      200,
      64
    ],
    "T": [
      200
    ],
    "M": [
      200
    ],
    "Y_star": [
      200
    ],
    "a_M": [
      200
    ],
    "a_Y": [
      200
    ],
    "b_style": [
      200
    ],
    "subject_id": [
      200
    ],
    "scenario": [
      200
    ]
  },
  "n_samples": 200
}