{
  "train_metrics": {
    "train_total_loss": [
      -53134.56871105194,
      -328548641.91875,
      -37000294837.76
    ],
    "train_mbr": [
      -2287.472335958481,
      -260413.36694335938,
      -249445.0215625
    ],
    "train_mac": [
      -0.6261310338973999,
      -0.7417553901672364,
      -0.6581582394242287
    ],
    "train_align": [
      2.5108378553390502,
      2.558060500621796,
      2.805618748664856
    ],
    "train_ci": [
      -21506.196598277165,
      -146698133.15421876,
      -17355004622.72
    ],
    "train_mbr_mi_zm_y": [
      2.076766015291214,
      2.2482188034057615,
      2.4377192497253417
    ],
    "train_mbr_cmi_zt_y_zm": [
      -2289.5490892826765,
      -260415.61724609375,
      -249447.45953125
    ]
  },
  "val_metrics": {
    "val_total_loss": [
      -507639.4158653846,
      -988237536.0,
      -77159975680.0
    ],
    "val_mbr": [
      -13497.358060396635,
      -346785.93870192306,
      -276411.34254807694
    ],
    "val_mac": [
      0.71321757164723,
      0.7295476713557882,
      0.6381720507051916
    ],
    "val_align": [
      2.1162816010988674,
      2.5630837220412035,
      2.6894207917726956
    ],
    "val_ci": [
      -245721.6826923077,
      -493910695.38461536,
      -38579821528.61539
    ],
    "val_mbr_mi_zm_y": [
      1.9558919393099272,
      2.4036021507703342,
      2.357765931349534
    ],
    "val_mbr_cmi_zt_y_zm": [
      -13499.314039963941,
      -346788.34014423075,
      -276413.6983173077
    ],
    "val_cip": [
      1.0,
      1.0,
      1.0
    ],
    "val_csi": [
      0.25,
      0.25,
      0.25
    ],
    "val_csi_structure_preference_rf": [
      -0.1935322445596387,
      -0.25436240141183286,
      -0.3588291241044649
    ],
    "val_csi_r2_mediated_rf": [
      -0.009986970395184563,
      -0.27282227240627455,
      -0.593615555671002
    ],
    "val_csi_r2_direct_rf": [
      0.18354527416445413,
      -0.018459870994441675,
      -0.23478643156653714
    ],
    "val_csi_r2_m_only_rf": [
      0.9791169277294932,
      0.9959713583599141,
      0.9974341517818983
    ],
    "val_csi_r2_perm_rf": [
      0.04240946337469243,
      -0.11116458089456148,
      -0.11756570650479521
    ],
    "val_csi_csi_score_linear": [
      0.5,
      0.5,
      0.25
    ],
    "val_csi_structure_preference_linear": [
      -0.03603557124733925,
      -0.0002478162447612231,
      -0.10972799360752106
    ],
    "val_csi_r2_mediated_linear": [
      -0.851717380185922,
      -0.9733122785886129,
      -2.1814249008893967
    ],
    "val_csi_r2_direct_linear": [
      -0.8156818089385828,
      -0.9730644623438517,
      -2.0716969072818756
    ],
    "val_csi_r2_m_only_linear": [
      0.9740314284960429,
      0.9937959710756937,
      0.9978543718655905
    ],
    "val_csi_r2_perm_linear": [
      -0.8293676862700119,
      -0.9696541660361819,
      -1.8605831414461136
    ],
    "val_mbri": [
      0.6462569032381721,
      0.5536142887373765,
      0.603718768144434
    ],
    "val_ric_score": [
      0.4255827972436224,
      0.45540628172960806,
      0.445141726795349
    ],
    "val_ric_treatment": [
      0.6215283547414154,
      0.6180475011854863,
      0.6235000942806711
    ],
    "val_ric_mediator": [
      0.3494594713980288,
      0.4808110013574222,
      0.45827447669510524
    ],
    "val_ric_outcome": [
      0.30576056559142306,
      0.2673603426459158,
      0.25365060941027084
    ],
    "val_ric_components": [
      3,
      3,
      3
    ],
    "val_psr": [
      -0.3556465423751463,
      -0.3556465423751463,
      -0.3556465423751463
    ],
    "val_psr_interaction": [
      -0.1705506703801447,
      -0.1705506703801447,
      -0.1705506703801447
    ],
    "val_mni": [
      1.0,
      1.0,
      1.0
    ],
    "val_mni_conditional": [
      0.0,
      0.0,
      0.0
    ],
    "val_y_gate_mean": [
      0.533989429473877,
      0.5531179904937744,
      0.5582235455513
    ],
    "val_y_gate_std": [
      0.14081643521785736,
      0.2175305187702179,
      0.24399283528327942
    ],
    "val_struct_score": [
      0.525630104250554,
      0.5189888142068038,
      0.5116265718956898
    ]
  },
  "best_metric": -77159975680.0,
  "total_steps": 300,
  "total_epochs": 3
}