{
  "scenario": "IM",
  "metrics": {
    "CIP": {
      "cip_score": 1.0,
      "p_value": 0.6780625834224133,
      "correlation": 0.04202082380652428,
      "n_samples": 100
    },
    "CSI": {
      "csi_score": 0.5,
      "csi_score_rf": 0.5,
      "r2_mediated_rf": -0.2403754972776282,
      "r2_direct_rf": -0.06740156962389565,
      "r2_m_only_rf": 0.9954174591516414,
      "structure_preference_rf": -0.17297392765373254,
      "r2_perm_rf": -0.368421161775398,
      "csi_score_linear": 0.5,
      "r2_mediated_linear": -117.05010922749837,
      "r2_direct_linear": -203.79899088541666,
      "r2_m_only_linear": 0.9989243944485983,
      "structure_preference_linear": 86.74888165791829,
      "r2_perm_linear": -131.24591631359522,
      "features_T": 64,
      "features_M": 64,
      "features_Y": 64,
      "n_samples": 100,
      "cv_splits": 3,
      "perm_samples": 3
    },
    "MBRI": {
      "mbri_score": 0.6089166934552009,
      "mi_m_y": 0.5234059569301186,
      "mi_t_y": 0.33616310476035305,
      "boundary_strength": 1.556999962066775
    },
    "MAC": {
      "mac_score": 0.563328193214459,
      "correlation": 0.563328193214459,
      "p_value": 0.0,
      "n_pairs": 4950
    },
    "RIC": {
      "treatment": 0.5662628030250274,
      "mi_treatment": 1.11057800410227,
      "h_treatment": 1.9612413044028907,
      "mediator": 0.38874345794626125,
      "mi_mediator": 0.8232265005129173,
      "h_mediator": 2.117660065521368,
      "outcome": 0.31156164629093075,
      "mi_outcome": 0.6470615206418158,
      "h_outcome": 2.0768330288060706,
      "ric_score": 0.42218930242073976,
      "ric_components": 3
    },
    "PSR": {
      "psr_score": -0.3718235877591823,
      "interaction_information": -0.15966273900489725,
      "mi_t_y": 0.4294045462987288,
      "h_t": 1.9612413044028907,
      "h_m": 2.117660065521368,
      "h_y": 2.0768330288060706
    },
    "MNI": {
      "mni_score": 1.0,
      "mi_total": 0.06992157170821728,
      "mi_conditional": 0.0,
      "mi_joint": 0.9945335654260433,
      "mi_mediator": 1.919145559143869
    }
  },
  "summary": {
    "main_scores": {
      "CIP": 1.0,
      "CSI": 0.5,
      "MBRI": 0.6089166934552009,
      "MAC": 0.563328193214459,
      "RIC": 0.42218930242073976,
      "PSR": -0.3718235877591823,
      "MNI": 1.0
    },
    "overall_score": 0.5318015144758882,
    "representation_quality": {
      "z_T": {
        "mean_norm": 4.830752372741699,
        "std_norm": 2.6874990463256836,
        "mean_activation": -0.003966733813285828,
        "std_activation": 0.690989077091217
      },
      "z_M": {
        "mean_norm": 155.21275329589844,
        "std_norm": 189.5248260498047,
        "mean_activation": -1.3443719148635864,
        "std_activation": 30.59181785583496
      },
      "z_Y": {
        "mean_norm": 31.369190216064453,
        "std_norm": 41.200584411621094,
        "mean_activation": 1.4564995765686035,
        "std_activation": 6.306922435760498
      }
    }
  },
  "representation_shapes": {
    "z_T": [
      100,
      64
    ],
    "z_M": [
      100,
      64
    ],
    "z_Y": [
      100,
      64
    ],
    "T": [
      100
    ],
    "M": [
      100
    ],
    "Y_star": [
      100
    ],
    "a_M": [
      100
    ],
    "a_Y": [
      100
    ],
    "b_style": [
      100
    ],
    "subject_id": [
      100
    ],
    "scenario": [
      100
    ]
  },
  "n_samples": 100
}