{
  "train_metrics": {
    "train_total_loss": [
      -24750.42113276839,
      -11685143.1240625,
      -527726317.36
    ],
    "train_mbr": [
      -17131.261955417394,
      -8283118.04375,
      -393284944.68
    ],
    "train_mac": [
      -0.6690222439169884,
      -0.6705553132295609,
      -0.6577033072710037
    ],
    "train_align": [
      2.4412729144096375,
      2.4165948641300203,
      2.477868466377258
    ],
    "train_ci": [
      -261.71885787650945,
      -150014.95596313477,
      -3942393.864375
    ],
    "train_mbr_mi_zm_y": [
      2.014344018697739,
      1.904951626062393,
      2.0284991526603697
    ],
    "train_mbr_cmi_zt_y_zm": [
      -17133.27636421457,
      -8283119.9746875,
      -393284944.92
    ]
  },
  "val_metrics": {
    "val_total_loss": [
      -168114.7313701923,
      -39708654.307692304,
      -1494937048.6153846
    ],
    "val_mbr": [
      -135861.54927884616,
      -32222931.384615384,
      -1228227529.8461537
    ],
    "val_mac": [
      0.6715825873343577,
      0.6520426116331351,
      0.6466094813695366
    ],
    "val_align": [
      2.0350222495885997,
      2.0903928921772885,
      2.14154261809129
    ],
    "val_ci": [
      -2540.8006591796875,
      -520568.28846153844,
      -10531961.923076924
    ],
    "val_mbr_mi_zm_y": [
      1.7098250114000761,
      1.82359203008505,
      1.9609022599000197
    ],
    "val_mbr_cmi_zt_y_zm": [
      -135863.25841346153,
      -32222932.615384616,
      -1228227529.8461537
    ],
    "val_cip": [
      0.0,
      0.0,
      0.0
    ],
    "val_csi": [
      0.25,
      0.75,
      0.75
    ],
    "val_csi_structure_preference_rf": [
      -0.11735702471108392,
      -0.1041041854603573,
      -0.13077390918008486
    ],
    "val_csi_r2_mediated_rf": [
      0.04357191554570259,
      0.13982620731395567,
      0.17086546525301582
    ],
    "val_csi_r2_direct_rf": [
      0.1609289402567865,
      0.24393039277431297,
      0.3016393744331007
    ],
    "val_csi_r2_m_only_rf": [
      0.950500842027595,
      0.9793140301463309,
      0.9912941943584984
    ],
    "val_csi_r2_perm_rf": [
      0.1140895382942599,
      0.13642824978103762,
      0.1323385177747454
    ],
    "val_csi_csi_score_linear": [
      0.5,
      1.0,
      0.75
    ],
    "val_csi_structure_preference_linear": [
      -0.00892517964045203,
      0.04481043294072151,
      -0.024394482374191284
    ],
    "val_csi_r2_mediated_linear": [
      -0.7016929189364115,
      -0.6234778556972742,
      -0.3343491144478321
    ],
    "val_csi_r2_direct_linear": [
      -0.6927677392959595,
      -0.6682882886379957,
      -0.3099546320736408
    ],
    "val_csi_r2_m_only_linear": [
      0.9315398534138998,
      0.9707608819007874,
      0.9864358305931091
    ],
    "val_csi_r2_perm_linear": [
      -0.6879729694790311,
      -0.6466058494730128,
      -0.4208502247929573
    ],
    "val_mbri": [
      0.6032195285947937,
      0.5872733613018515,
      0.6179414590995521
    ],
    "val_ric_score": [
      0.42220241736261,
      0.42605687235814277,
      0.4334635317657809
    ],
    "val_ric_treatment": [
      0.6080393055878722,
      0.6102600858147293,
      0.6146652968426488
    ],
    "val_ric_mediator": [
      0.34765482075188947,
      0.3564199090706119,
      0.37723024446649606
    ],
    "val_ric_outcome": [
      0.31091312574806834,
      0.3114906221890869,
      0.308495053988198
    ],
    "val_ric_components": [
      3,
      3,
      3
    ],
    "val_psr": [
      -0.3556465423751463,
      -0.3556465423751463,
      -0.3556465423751463
    ],
    "val_psr_interaction": [
      -0.1705506703801447,
      -0.1705506703801447,
      -0.1705506703801447
    ],
    "val_mni": [
      1.0,
      1.0,
      1.0
    ],
    "val_mni_conditional": [
      0.0,
      0.0,
      0.0
    ],
    "val_y_gate_mean": [
      0.532977819442749,
      0.5401076674461365,
      0.5461933612823486
    ],
    "val_y_gate_std": [
      0.12634612619876862,
      0.15195466578006744,
      0.1747618168592453
    ],
    "val_struct_score": [
      0.3701939987023736,
      0.43710375755971187,
      0.4417668471228176
    ]
  },
  "best_metric": -1494937048.6153846,
  "total_steps": 300,
  "total_epochs": 3
}