{
  "train_metrics": {
    "train_total_loss": [
      -74960.11871393741,
      -470331137.24,
      -74612236167.68,
      -2955495685816.32,
      -53958389394309.12,
      -475795217585274.9,
      -2629453060757258.0,
      -1.0189140120347608e+16,
      -2.8973883684867276e+16,
      -6.38758704035083e+16
    ],
    "train_mac": [
      -0.7411290796101093,
      -0.6699784952402115,
      -0.611507628262043,
      -0.596126207858324,
      -0.571895703971386,
      -0.5804710778594017,
      -0.5814247986674309,
      -0.5811969131231308,
      -0.5825864504277706,
      -0.565893412232399
    ],
    "train_align": [
      2.270559222698212,
      2.4616406142711638,
      2.5790147805213928,
      2.741260392665863,
      2.9500514173507693,
      3.002294454574585,
      3.113461594581604,
      3.2299270844459533,
      3.2726947689056396,
      3.3887955021858214
    ],
    "train_ci": [
      -24583.303820860387,
      -143855919.11140624,
      -22820968199.68,
      -903970669363.2,
      -16503763317555.2,
      -145527168984678.4,
      -804246959958261.8,
      -3116459901069558.0,
      -8861979044594319.0,
      -1.9537133283290644e+16
    ]
  },
  "val_metrics": {
    "val_total_loss": [
      -161262.65444711538,
      -925812519.3846154,
      -104490263315.6923,
      -2780525398488.615,
      -40371941882643.695,
      -397910165664059.06,
      -1621016700619224.5,
      -7951642198378969.0,
      -1.2343879229344216e+16,
      -1.8580380585920984e+16
    ],
    "val_mac": [
      0.6919969992703657,
      0.6329369389637819,
      0.6031692897875285,
      0.5997579371621852,
      0.5810751799197459,
      0.6001649791829892,
      0.5715427337387119,
      0.599946932176113,
      0.5669657472671077,
      0.5539012066465101
    ],
    "val_align": [
      1.8988305421975942,
      2.106147628564101,
      2.388253743831928,
      2.249899983406067,
      2.4394306127841654,
      2.766220890558683,
      3.0307657351860633,
      3.2050772997049184,
      2.879698496598464,
      2.780502337675828
    ],
    "val_ci": [
      -161263.82692307694,
      -925812519.3846154,
      -104490263315.6923,
      -2780525398488.615,
      -40371941882643.695,
      -397910165664059.06,
      -1621016700619224.5,
      -7951642198378969.0,
      -1.2343879229344216e+16,
      -1.8580380585920984e+16
    ],
    "val_cip": [
      1.0,
      1.0,
      1.0,
      1.0,
      1.0,
      1.0,
      1.0,
      1.0,
      1.0,
      1.0
    ],
    "val_csi": [
      0.5,
      1.0,
      1.0,
      1.0,
      1.0,
      1.0,
      1.0,
      1.0,
      1.0,
      1.0
    ],
    "val_csi_structure_preference_rf": [
      -0.1254356171709643,
      -0.16560144195028254,
      -0.14742606013842133,
      -0.19354456427594746,
      -0.13804376925055917,
      -0.0929287874114853,
      -0.19406229761933377,
      -0.08979769976604801,
      -0.07751200902014249,
      -0.14408455217950034
    ],
    "val_csi_r2_mediated_rf": [
      0.08902256356730122,
      0.17912770880651696,
      0.12681167113498418,
      0.10259949656442213,
      0.10544386574917138,
      0.21915023579415305,
      0.12987826224750051,
      0.2501373642562223,
      0.216892730671864,
      0.13758684060955023
    ],
    "val_csi_r2_direct_rf": [
      0.2144581807382655,
      0.3447291507567995,
      0.2742377312734055,
      0.2961440608403696,
      0.24348763499973056,
      0.31207902320563835,
      0.3239405598668343,
      0.3399350640222703,
      0.2944047396920065,
      0.28167139278905057
    ],
    "val_csi_r2_m_only_rf": [
      0.9388223822502564,
      0.9959458291123012,
      0.9974951306427574,
      0.996904757226404,
      0.9970129577397474,
      0.9986867803824219,
      0.9978384992197573,
      0.998456561421901,
      0.9978712149568733,
      0.997027839766713
    ],
    "val_csi_r2_perm_rf": [
      0.1268974466867505,
      0.0593100810180058,
      -0.07855804253670945,
      0.015511938102881262,
      -0.19310026207158218,
      -0.17836973201780384,
      -0.08338136744182652,
      -0.13914358400777274,
      -0.12243931025255451,
      -0.2247301207369378
    ],
    "val_csi_csi_score_linear": [
      1.0,
      0.75,
      0.75,
      0.25,
      0.25,
      0.25,
      0.25,
      0.25,
      0.25,
      0.25
    ],
    "val_csi_structure_preference_linear": [
      0.06196375687917077,
      -0.012507734199364906,
      -0.03260125716527307,
      -0.026320462425549862,
      -0.14835299054781592,
      -0.24409252318885896,
      0.09338498037929321,
      -0.017454952001571655,
      -0.010484067102273287,
      0.03703282276789355
    ],
    "val_csi_r2_mediated_linear": [
      -0.8961518555879593,
      -0.5391297886768976,
      -0.39575978616873425,
      -0.8943530023097992,
      -0.7664899826049805,
      -0.38401851678888005,
      -2.091027684044093,
      -1.3576279977957408,
      -0.29470065981149673,
      -0.6925833222145835
    ],
    "val_csi_r2_direct_linear": [
      -0.9581156124671301,
      -0.5266220544775327,
      -0.3631585290034612,
      -0.8680325398842493,
      -0.6181369920571645,
      -0.1399259936000211,
      -2.184412664423386,
      -1.3401730457941692,
      -0.28421659270922345,
      -0.7296161449824771
    ],
    "val_csi_r2_m_only_linear": [
      0.9089725017547607,
      0.9959889849026998,
      0.9984502991040548,
      0.9992105563481649,
      0.9996561805407206,
      0.9998186031977335,
      0.9999035000801086,
      0.999882439772288,
      0.9999281565348307,
      0.9999129176139832
    ],
    "val_csi_r2_perm_linear": [
      -0.9507189835939142,
      -0.6210241677860419,
      -0.4436111295686311,
      -0.4524860727704234,
      -0.23218088566015163,
      -0.11432352832828958,
      -0.5149186944795979,
      -0.2703095832839608,
      0.23315629363059998,
      0.13260111668043664
    ],
    "val_mbri": [
      0.6315337671678786,
      0.668338105552612,
      0.6574323765407611,
      0.6340401551987436,
      0.6301184018429897,
      0.6743980345404378,
      0.6548023801029293,
      0.6590613908680367,
      0.6551440936023519,
      0.6177985976946024
    ],
    "val_ric_score": [
      0.4366228437572189,
      0.43631761040473,
      0.4256953743713507,
      0.430714392440821,
      0.4289845638525948,
      0.4327321813186679,
      0.42208025642341157,
      0.4401015186283604,
      0.4348175250052135,
      0.4291403291935842
    ],
    "val_ric_treatment": [
      0.610762379361479,
      0.6104698283488391,
      0.6059817063239106,
      0.6097681218264601,
      0.6211102594416111,
      0.6054217809427199,
      0.6100609962482273,
      0.6234892991664444,
      0.610383984825269,
      0.6154178623723932
    ],
    "val_ric_mediator": [
      0.3741222612477719,
      0.39284532605540584,
      0.36674964716818786,
      0.3736235842642585,
      0.3565761058663647,
      0.38797657904705735,
      0.3520459574839737,
      0.38653289343485703,
      0.37762525329866464,
      0.3545116357811944
    ],
    "val_ric_outcome": [
      0.3249838906624058,
      0.30563767680994525,
      0.30435476962195357,
      0.30875147123174423,
      0.3092673262498085,
      0.30479818396622643,
      0.3041338155380337,
      0.31028236328378,
      0.3164433368917068,
      0.31749148942716504
    ],
    "val_ric_components": [
      3,
      3,
      3,
      3,
      3,
      3,
      3,
      3,
      3,
      3
    ],
    "val_psr": [
      -0.3556465423751463,
      -0.3556465423751463,
      -0.3556465423751463,
      -0.3556465423751463,
      -0.3556465423751463,
      -0.3556465423751463,
      -0.3556465423751463,
      -0.3556465423751463,
      -0.3556465423751463,
      -0.3556465423751463
    ],