{
  "train_metrics": {
    "train_total_loss": [
      0.4873191356658936,
      -9930.712970590592,
      -7436041.731875
    ],
    "train_mac": [
      -0.6752231621742248,
      -0.7502759742736816,
      -0.6305370664596558
    ],
    "train_align": [
      2.524519109725952,
      2.3001037073135375,
      2.5136808729171753
    ],
    "train_ci": [
      -0.5989718556404113,
      -6143.518174648285,
      -2220844.5875
    ]
  },
  "val_metrics": {
    "val_total_loss": [
      2.651322603225708,
      -40377.935546875,
      -3153421.40625
    ],
    "val_mac": [
      0.7473095796230401,
      0.6907545726283988,
      0.6427245025253168
    ],
    "val_align": [
      3.7462952733039856,
      1.6470587849617004,
      1.7026650160551071
    ],
    "val_ci": [
      -0.5044349431991577,
      -40379.00244140625,
      -3153422.65625
    ],
    "val_cip": [
      0.0,
      1.0,
      0.0
    ],
    "val_csi": [
      0.75,
      1.0,
      1.0
    ],
    "val_csi_structure_preference_rf": [
      -0.004523243104646829,
      0.007488455665361063,
      0.07971939053031467
    ],
    "val_csi_r2_mediated_rf": [
      0.04924829093220138,
      0.049010606455073234,
      0.18966735526099796
    ],
    "val_csi_r2_direct_rf": [
      0.05377153403684821,
      0.04152215078971217,
      0.10994796473068329
    ],
    "val_csi_r2_m_only_rf": [
      0.5448238267833473,
      0.7566761482822963,
      0.8428384705404247
    ],
    "val_csi_r2_perm_rf": [
      0.01229340328188472,
      -0.11195054641241758,
      -0.0225860193700117
    ],
    "val_csi_csi_score_linear": [
      1.0,
      0.75,
      0.75
    ],
    "val_csi_structure_preference_linear": [
      -52.97886848449707,
      1.6689759890238065,
      -0.10097344716390211
    ],
    "val_csi_r2_mediated_linear": [
      -1213.2453943888347,
      -906.3795302708944,
      -49.13884496688843
    ],
    "val_csi_r2_direct_linear": [
      -1160.2665259043376,
      -908.0485062599182,
      -49.037871519724526
    ],
    "val_csi_r2_m_only_linear": [
      0.23540179679791132,
      0.6362137297789255,
      0.8532773852348328
    ],
    "val_csi_r2_perm_linear": [
      -1386.3618587917751,
      -910.0486655765109,
      -48.12676530414157
    ],
    "val_mbri": [
      0.5006804472473956,
      0.48323301434621385,
      0.4840255613905781
    ],
    "val_ric_score": [
      0.4502819173179072,
      0.4638022297375571,
      0.4322666609414605
    ],
    "val_ric_treatment": [
      0.5408896299230502,
      0.5509024858278669,
      0.527731800067639
    ],
    "val_ric_mediator": [
      0.3626996928584869,
      0.40599549080554703,
      0.3529607463095874
    ],
    "val_ric_outcome": [
      0.44725642917218456,
      0.4345087125792574,
      0.4161074364471552
    ],
    "val_ric_components": [
      3,
      3,
      3
    ],
    "val_psr": [
      0.7258809945318839,
      0.7258809945318839,
      0.7258809945318839
    ],
    "val_psr_interaction": [
      0.4367505430462546,
      0.4367505430462546,
      0.4367505430462546
    ],
    "val_mni": [
      1.0,
      1.0,
      1.0
    ],
    "val_mni_conditional": [
      0.0,
      0.0,
      0.0
    ],
    "val_y_gate_mean": [
      0.4926002621650696,
      0.4857558310031891,
      0.4844433665275574
    ],
    "val_y_gate_std": [
      0.09300679713487625,
      0.11418136209249496,
      0.1331072300672531
    ],
    "val_struct_score": [
      0.5963075626743182,
      0.766238687320579,
      0.6121282456270343
    ]
  },
  "best_metric": -3153421.40625,
  "total_steps": 75,
  "total_epochs": 3
}