{
  "train_metrics": {
    "train_total_loss": [
      4.8806569057703015,
      2.0038777420669796,
      1.0271965843439101,
      0.9298096419870854,
      0.9067818650603294,
      0.8213708429783583,
      0.7994712642580271,
      0.7150611302256584,
      0.7207155314832926,
      0.6636342103779316
    ],
    "train_irm_penalty": [
      3.7288806778937578,
      1.325096223715227,
      0.5236605990945827,
      0.4844695104425773,
      0.5155948833050207,
      0.5011398368279333,
      0.5045290654175915,
      0.47704935757443306,
      0.48281086629780473,
      0.4364540365361609
    ],
    "train_irm_empirical_risk": [
      1.1517762383818626,
      0.6787815167754888,
      0.503535992950201,
      0.4453401402384043,
      0.3911869814246893,
      0.32023100189864634,
      0.2949421960860491,
      0.23801177024841308,
      0.23790466602891683,
      0.22718017142266034
    ]
  },
  "val_metrics": {
    "val_irm_penalty": [
      0.0,
      0.0,
      0.0,
      0.0,
      0.0,
      0.0,
      0.0,
      0.0,
      0.0,
      0.0
    ],
    "val_irm_empirical_risk": [
      0.5843535088575803,
      0.47930042101786685,
      0.42124979771100557,
      0.5782180141944152,
      0.2351436408666464,
      0.050175526251013465,
      0.11650642580710925,
      0.07623143694721736,
      0.1794454283439196,
      0.07193743609465085
    ],
    "val_total_loss": [
      0.5843535088575803,
      0.47930042101786685,
      0.42124979771100557,
      0.5782180141944152,
      0.2351436408666464,
      0.050175526251013465,
      0.11650642580710925,
      0.07623143694721736,
      0.1794454283439196,
      0.07193743609465085
    ],
    "val_cip": [
      0.0,
      0.0,
      0.0,
      0.0,
      0.0,
      0.0,
      0.0,
      0.0,
      1.0,
      0.0
    ],
    "val_csi": [
      0.25,
      0.25,
      0.25,
      0.25,
      0.25,
      0.25,
      0.25,
      0.25,
      0.25,
      0.25
    ],
    "val_csi_structure_preference_rf": [
      -0.06705899134070956,
      -0.1324325716066581,
      -0.19533579222705344,
      -0.16314387049126136,
      -0.08718769307835969,
      -0.16142180028915343,
      -0.13038050959173936,
      -0.08618192435758268,
      -0.13918821902100345,
      -0.213486286840223
    ],
    "val_csi_r2_mediated_rf": [
      -0.037433759773349826,
      -0.2122583547221184,
      -0.2598880999975552,
      -0.30761035397185155,
      -0.08476218199262671,
      -0.25100019502318077,
      -0.25152811314631357,
      -0.2557547382490644,
      -0.32181716121029647,
      -0.4004446478562089
    ],
    "val_csi_r2_direct_rf": [
      0.029625231567359734,
      -0.07982578311546028,
      -0.06455230777050174,
      -0.14446648348059019,
      0.0024255110857329884,
      -0.08957839473402736,
      -0.12114760355457421,
      -0.16957281389148174,
      -0.18262894218929301,
      -0.18695836101598592
    ],
    "val_csi_r2_m_only_rf": [
      0.7683771796014565,
      0.9072759975779263,
      0.9408775257243289,
      0.916414699057687,
      0.8737977386458233,
      0.9208814649733233,
      0.8963741913129043,
      0.8571517754926372,
      0.90939751680027,
      0.9069825132088513
    ],
    "val_csi_r2_perm_rf": [
      0.07691667876553458,
      -0.01226911558230663,
      -0.0446169294039633,
      -0.0863948804338653,
      0.06071378974952305,
      -0.09547298458097155,
      -0.0736124389774398,
      -0.07549161175473611,
      -0.1683356807122023,
      -0.10822048021929641
    ],
    "val_csi_csi_score_linear": [
      0.75,
      0.5,
      1.0,
      0.25,
      1.0,
      0.25,
      1.0,
      0.75,
      0.5,
      0.75
    ],
    "val_csi_structure_preference_linear": [
      0.040356675783793206,
      -0.3711901158094406,
      0.17804889877637242,
      -0.03983258704344439,
      -0.02804434299468994,
      -0.07038798431555415,
      0.029378568598379673,
      0.04633939266204834,
      0.0016256471474966894,
      -0.08804766337076825
    ],
    "val_csi_r2_mediated_linear": [
      -1.0163974364598591,
      -1.6213874419530232,
      -1.98897185921669,
      -1.8318596134583156,
      -0.6494208176930746,
      -3.5701544831196466,
      -0.4361387249082327,
      -1.2027559876441956,
      -2.638533810774485,
      -0.5245052576065063
    ],
    "val_csi_r2_direct_linear": [
      -1.0567541122436523,
      -1.2501973261435826,
      -2.1670207579930625,
      -1.7920270264148712,
      -0.6213764746983846,
      -3.4997664988040924,
      -0.46551729350661236,
      -1.249095380306244,
      -2.640159457921982,
      -0.4364575942357381
    ],
    "val_csi_r2_m_only_linear": [
      0.6409305731455485,
      0.8719358642896017,
      0.8923654754956564,
      0.8737761775652567,
      0.8222398161888123,
      0.8760239680608114,
      0.8584509094556173,
      0.733633557955424,
      0.8287999232610067,
      0.8311292131741842
    ],
    "val_csi_r2_perm_linear": [
      -1.0701464480823941,
      -1.7779267380634944,
      -4.120831380287806,
      -1.6678359227048025,
      -0.6697479486465454,
      -3.3563865903351044,
      -0.654805118838946,
      -1.3050568832291496,
      -2.5588124891122184,
      -0.5998492969406976
    ],
    "val_mbri": [
      0.5741463482315884,
      0.6143450561622849,
      0.5593479090261451,
      0.5723814838662988,
      0.3618246306360364,
      0.35288639022826024,
      0.5059486736521328,
      0.4956980937908571,
      0.41137258721830894,
      0.45810653040368005
    ],
    "val_mac": [
      0.5710067199858647,
      0.5877922101335341,
      0.6310321502019215,
      0.6471102575653526,
      0.5675688137794387,
      0.5307338887965208,
      0.49136218383957925,
      0.5206996129789335,
      0.4654376341189032,
      0.45121176901864046
    ],
    "val_ric_score": [
      0.4115958872892896,
      0.41319048337601477,
      0.4273016335603565,
      0.42945555080441516,
      0.42762276791039855,
      0.4277060619593036,
      0.42676110727213873,
      0.43817438529595654,
      0.4285427712545406,
      0.4306607288177591
    ],
    "val_ric_treatment": [
      0.6256651724560768,
      0.6247931171366338,
      0.6253488560036761,
      0.6300725044930782,
      0.6236079474260413,
      0.6286365441932924,
      0.6262802000180719,
      0.6225357935689743,
      0.6247487044961422,
      0.627130342263791
    ],
    "val_ric_mediator": [
      0.28515744686254163,
      0.300590708858796,
      0.32120069832523074,
      0.32698482557347586,
      0.2881966115939578,
      0.2817863326258352,
      0.28199731281504,
      0.2902557136364224,
      0.2749187790686028,
      0.2759453952602068
    ],
    "val_ric_outcome": [
      0.32396504254925046,
      0.3141876241326146,
      0.3353553463521626,
      0.3313093223466914,
      0.37106374471119646,
      0.3726953090587833,
      0.3720058089833043,
      0.4017316486824729,
      0.3859608301988767,
      0.38890644892927934
    ],
    "val_ric_components": [
      3,
      3,
      3,
      3,
      3,
      3,
      3,
      3,
      3,
      3
    ],
    "val_psr": [
      -0.3556465423751463,
      -0.3556465423751463,
      -0.3556465423751463,
      -0.3556465423751463,
      -0.3556465423751463,
      -0.3556465423751463,
      -0.3556465423751463,
      -0.3556465423751463,
      -0.3556465423751463,
      -0.3556465423751463
    ],
    "val_psr_interaction": [
      -0.1705506703801447,
      -0.1705506703801447,
      -0.1705506703801447,
      -0.1705506703801447,
      -0.1705506703801447,
      -0.1705506703801447,
      -0.1705506703801447,
      -0.1705506703801447,
      -0.1705506703801447,
      -0.1705506703801447
    ],
    "val_mni": [
      1.0,
      1.0,
      1.0,
      1.0,
      1.0,
      1.0,
      1.0,
      1.0,
      1.0,
      1.0
    ],
    "val_mni_conditional": [
      0.0,
      0.0,
      0.0,
      0.0,
      0.0,
      0.0,
      0.0,
      0.0,
      0.0,
      0.0
    ],