{
  "train_metrics": {
    "train_total_loss": [
      -60083.26901370704,
      -215000409.401875,
      -20523884501.12
    ],
    "train_mac": [
      -0.7116543440520764,
      -0.6022569966316224,
      -0.5702617166936398
    ],
    "train_align": [
      2.353095580339432,
      2.6953045415878294,
      2.818069665431976
    ],
    "train_ci": [
      -56034.277155930366,
      -223538845.0775,
      -26841869802.24
    ]
  },
  "val_metrics": {
    "val_total_loss": [
      -335111.6538461539,
      -1033622976.0,
      -81414234742.15384
    ],
    "val_mac": [
      0.5839390285527648,
      0.5639702275152423,
      0.5252333786951087
    ],
    "val_align": [
      2.1054898408743052,
      2.408702456034147,
      2.3465356276585507
    ],
    "val_ci": [
      -335113.1141826923,
      -1033622976.0,
      -81414234742.15384
    ],
    "val_cip": [
      1.0,
      0.0,
      1.0
    ],
    "val_csi": [
      0.25,
      0.75,
      0.25
    ],
    "val_csi_structure_preference_rf": [
      -0.10106233644180931,
      -0.17495386183716077,
      -0.2945880068314618
    ],
    "val_csi_r2_mediated_rf": [
      0.06018224197021938,
      -0.0030084140489836514,
      -0.18216772593510466
    ],
    "val_csi_r2_direct_rf": [
      0.1612445784120287,
      0.1719454477881771,
      0.11242028089635712
    ],
    "val_csi_r2_m_only_rf": [
      0.919007841435846,
      0.9951135375936674,
      0.9948746419502049
    ],
    "val_csi_r2_perm_rf": [
      0.09879063532751324,
      -0.033728023931842654,
      -0.143280301382513
    ],
    "val_csi_csi_score_linear": [
      0.5,
      0.75,
      0.25
    ],
    "val_csi_structure_preference_linear": [
      0.002551068862279293,
      -0.010842193228502994,
      -0.09638229965397238
    ],
    "val_csi_r2_mediated_linear": [
      -0.672401525080204,
      -1.35851428968211,
      -0.8799443363071381
    ],
    "val_csi_r2_direct_linear": [
      -0.6749525939424833,
      -1.347672096453607,
      -0.7835620366531657
    ],
    "val_csi_r2_m_only_linear": [
      0.8702948689460754,
      0.9900551239649454,
      0.9975189765294393
    ],
    "val_csi_r2_perm_linear": [
      -0.692141782078478,
      -1.646480150365581,
      -0.5089320474200778
    ],
    "val_mbri": [
      0.6257023623231195,
      0.613916626876831,
      0.5893296072783788
    ],
    "val_ric_score": [
      0.4338454095386138,
      0.4322590466707584,
      0.4147549132015636
    ],
    "val_ric_treatment": [
      0.6133827189375316,
      0.6140022969936914,
      0.6181623936074209
    ],
    "val_ric_mediator": [
      0.35008967267499996,
      0.3760287883001451,
      0.32829293334914916
    ],
    "val_ric_outcome": [
      0.33806383700330983,
      0.30674605471843885,
      0.2978094126481208
    ],
    "val_ric_components": [
      3,
      3,
      3
    ],
    "val_psr": [
      -0.35152285992254245,
      -0.35152285992254245,
      -0.35152285992254245
    ],
    "val_psr_interaction": [
      -0.17107091557945875,
      -0.17107091557945875,
      -0.17107091557945875
    ],
    "val_mni": [
      1.0,
      1.0,
      1.0
    ],
    "val_mni_conditional": [
      0.0,
      0.0,
      0.0
    ],
    "val_y_gate_mean": [
      0.4864530861377716,
      0.48397141695022583,
      0.48359474539756775
    ],
    "val_y_gate_std": [
      0.12749208509922028,
      0.21346284449100494,
      0.23223687708377838
    ],
    "val_struct_score": [
      0.505994848641708,
      0.42980329159146985,
      0.4896850056075012
    ]
  },
  "best_metric": -81414234742.15384,
  "total_steps": 300,
  "total_epochs": 3
}