{
  "scenario": "IM",
  "metrics": {
    "CIP": {
      "cip_score": 1.0,
      "p_value": 0.12004003241081496,
      "correlation": 0.11028292030096054,
      "n_samples": 200
    },
    "CSI": {
      "csi_score": 0.25,
      "csi_score_rf": 0.25,
      "r2_mediated_rf": -0.4472943912493803,
      "r2_direct_rf": -0.04843257498775653,
      "r2_m_only_rf": 0.9975928497878769,
      "structure_preference_rf": -0.39886181626162376,
      "r2_perm_rf": -0.1717526021730971,
      "csi_score_linear": 0.25,
      "r2_mediated_linear": -6.76029094060262,
      "r2_direct_linear": -7.107324759165446,
      "r2_m_only_linear": 0.9993297656377157,
      "structure_preference_linear": 0.3470338185628261,
      "r2_perm_linear": -4.881628036499023,
      "features_T": 64,
      "features_M": 64,
      "features_Y": 64,
      "n_samples": 200,
      "cv_splits": 3,
      "perm_samples": 3
    },
    "MBRI": {
      "mbri_score": 0.43860093119838606,
      "mi_m_y": 0.2891286195505858,
      "mi_t_y": 0.37007794978932074,
      "boundary_strength": 0.7812640874781679
    },
    "MAC": {
      "mac_score": 0.5362136325378145,
      "correlation": 0.5362136325378145,
      "p_value": 0.0,
      "n_pairs": 19900
    },
    "RIC": {
      "treatment": 0.5940375884942989,
      "mi_treatment": 1.3907750719155723,
      "h_treatment": 2.341224011598963,
      "mediator": 0.4225968541031539,
      "mi_mediator": 0.9377674696665524,
      "h_mediator": 2.2190592673263945,
      "outcome": 0.2667007777573243,
      "mi_outcome": 0.5648334486506259,
      "h_outcome": 2.1178545137111295,
      "ric_score": 0.4277784067849257,
      "ric_components": 3
    },
    "PSR": {
      "psr_score": -0.17871113858147022,
      "interaction_information": -0.08668235768398702,
      "mi_t_y": 0.48504171800388685,
      "h_t": 2.341224011598963,
      "h_m": 2.2190592673263945,
      "h_y": 2.1178545137111295
    },
    "MNI": {
      "mni_score": 1.0,
      "mi_total": 0.07405033514871129,
      "mi_conditional": 0.0,
      "mi_joint": 0.9116972044011125,
      "mi_mediator": 1.7493440736535137
    }
  },
  "summary": {
    "main_scores": {
      "CIP": 1.0,
      "CSI": 0.25,
      "MBRI": 0.43860093119838606,
      "MAC": 0.5362136325378145,
      "RIC": 0.4277784067849257,
      "PSR": -0.17871113858147022,
      "MNI": 1.0
    },
    "overall_score": 0.4962688331342366,
    "representation_quality": {
      "z_T": {
        "mean_norm": 5.419434070587158,
        "std_norm": 3.4620935916900635,
        "mean_activation": 0.02733943983912468,
        "std_activation": 0.8033963441848755
      },
      "z_M": {
        "mean_norm": 41.694976806640625,
        "std_norm": 59.865108489990234,
        "mean_activation": 0.018717419356107712,
        "std_activation": 9.119244575500488
      },
      "z_Y": {
        "mean_norm": 12.669624328613281,
        "std_norm": 18.1318416595459,
        "mean_activation": -0.43597033619880676,
        "std_activation": 2.7303805351257324
      }
    }
  },
  "representation_shapes": {
    "z_T": [
      200,
      64
    ],
    "z_M": [
      200,
      64
    ],
    "z_Y": [
      200,
      64
    ],
    "T": [
      200
    ],
    "M": [
      200
    ],
    "Y_star": [
      200
    ],
    "a_M": [
      200
    ],
    "a_Y": [
      200
    ],
    "b_style": [
      200
    ],
    "subject_id": [
      200
    ],
    "scenario": [
      200
    ]
  },
  "n_samples": 200
}