{
  "scenario": "IM",
  "metrics": {
    "CIP": {
      "cip_score": 1.0,
      "p_value": 0.8473000721601047,
      "correlation": 0.027933984994888306,
      "n_samples": 50
    },
    "CSI": {
      "csi_score": 0.75,
      "csi_score_rf": 0.75,
      "r2_mediated_rf": 0.1994008991545587,
      "r2_direct_rf": 0.22457809431921227,
      "r2_m_only_rf": 0.9444334979119996,
      "structure_preference_rf": -0.025177195164653582,
      "r2_perm_rf": 0.09953687150539058,
      "csi_score_linear": 0.75,
      "r2_mediated_linear": -215.197735786438,
      "r2_direct_linear": -219.1933994293213,
      "r2_m_only_linear": 0.812798281510671,
      "structure_preference_linear": 3.995663642883301,
      "r2_perm_linear": -309.1077652507358,
      "features_T": 64,
      "features_M": 64,
      "features_Y": 64,
      "n_samples": 50,
      "cv_splits": 3,
      "perm_samples": 3
    },
    "MBRI": {
      "mbri_score": 0.4748744316689923,
      "mi_m_y": 0.8311284223507637,
      "mi_t_y": 0.9190782895181778,
      "boundary_strength": 0.9043064369885335
    },
    "MAC": {
      "mac_score": 0.44882026546344467,
      "correlation": 0.44882026546344467,
      "p_value": 9.244054975770732e-62,
      "n_pairs": 1225
    },
    "RIC": {
      "treatment": 0.5801258619422771,
      "mi_treatment": 1.0284991980492468,
      "h_treatment": 1.7728897463811475,
      "mediator": 0.3804522209861905,
      "mi_mediator": 0.687732987433024,
      "h_mediator": 1.8076724111264022,
      "outcome": 0.39533634216562274,
      "mi_outcome": 0.7014258332704699,
      "h_outcome": 1.7742508201364655,
      "ric_score": 0.4519714750313635,
      "ric_components": 3
    },
    "PSR": {
      "psr_score": 0.32557486506321626,
      "interaction_information": 0.21665263813542524,
      "mi_t_y": 0.6654464499074835,
      "h_t": 1.7728897463811475,
      "h_m": 1.8076724111264022,
      "h_y": 1.7742508201364655
    },
    "MNI": {
      "mni_score": 1.0,
      "mi_total": 0.15565143242922855,
      "mi_conditional": 0.0,
      "mi_joint": 0.48391723168649514,
      "mi_mediator": 0.8121830309437619
    }
  },
  "summary": {
    "main_scores": {
      "CIP": 1.0,
      "CSI": 0.75,
      "MBRI": 0.4748744316689923,
      "MAC": 0.44882026546344467,
      "RIC": 0.4519714750313635,
      "PSR": 0.32557486506321626,
      "MNI": 1.0
    },
    "overall_score": 0.6358915767467167,
    "representation_quality": {
      "z_T": {
        "mean_norm": 4.5326924324035645,
        "std_norm": 1.966550350189209,
        "mean_activation": -0.029591035097837448,
        "std_activation": 0.6169047951698303
      },
      "z_M": {
        "mean_norm": 5.899744033813477,
        "std_norm": 4.949254989624023,
        "mean_activation": -0.057116612792015076,
        "std_activation": 0.960902214050293
      },
      "z_Y": {
        "mean_norm": 1.1819227933883667,
        "std_norm": 0.7901793718338013,
        "mean_activation": 0.03948647156357765,
        "std_activation": 0.17327439785003662
      }
    }
  },
  "representation_shapes": {
    "z_T": [
      50,
      64
    ],
    "z_M": [
      50,
      64
    ],
    "z_Y": [
      50,
      64
    ],
    "T": [
      50
    ],
    "M": [
      50
    ],
    "Y_star": [
      50
    ],
    "a_M": [
      50
    ],
    "a_Y": [
      50
    ],
    "b_style": [
      50
    ],
    "subject_id": [
      50
    ],
    "scenario": [
      50
    ]
  },
  "n_samples": 50
}