{
  "train_metrics": {
    "train_total_loss": [
      -76696.17912290632,
      -219069614.515625,
      -20199506145.92
    ],
    "train_mac": [
      -0.6974425815790891,
      -0.5978648954629898,
      -0.5736902205646038
    ],
    "train_align": [
      2.4057212483882906,
      2.719041690826416,
      2.8603546905517576
    ],
    "train_ci": [
      -71863.2135524638,
      -229183495.05125,
      -26020202097.92
    ]
  },
  "val_metrics": {
    "val_total_loss": [
      -425332.39903846156,
      -1067998385.2307693,
      -53580143458.46154
    ],
    "val_mac": [
      0.5752530659401636,
      0.567453576860811,
      0.5128478467076867
    ],
    "val_align": [
      2.0165322927328257,
      2.3283889843867374,
      2.3962565110279965
    ],
    "val_ci": [
      -425333.7992788461,
      -1067998385.2307693,
      -53580143458.46154
    ],
    "val_cip": [
      1.0,
      0.0,
      0.0
    ],
    "val_csi": [
      1.0,
      1.0,
      1.0
    ],
    "val_csi_structure_preference_rf": [
      -0.05490849313022114,
      -0.09921885541409381,
      -0.11149608805704525
    ],
    "val_csi_r2_mediated_rf": [
      0.2364861679030382,
      0.2796021032851724,
      0.2566849691023582
    ],
    "val_csi_r2_direct_rf": [
      0.29139466103325934,
      0.3788209586992662,
      0.36818105715940347
    ],
    "val_csi_r2_m_only_rf": [
      0.9449095487543887,
      0.997473283391299,
      0.9916801359827971
    ],
    "val_csi_r2_perm_rf": [
      0.14865439160062974,
      0.07563058813968526,
      -0.0664562496436631
    ],
    "val_csi_csi_score_linear": [
      0.5,
      0.5,
      0.75
    ],
    "val_csi_structure_preference_linear": [
      0.005647182464599609,
      -0.05532667289177573,
      -0.07352647433678305
    ],
    "val_csi_r2_mediated_linear": [
      -0.2656756639480591,
      -0.9393326217929522,
      -0.9493424619237582
    ],
    "val_csi_r2_direct_linear": [
      -0.2713228464126587,
      -0.8840059489011765,
      -0.8758159875869751
    ],
    "val_csi_r2_m_only_linear": [
      0.924656351407369,
      0.9927628835042318,
      0.9971730709075928
    ],
    "val_csi_r2_perm_linear": [
      -0.25218385457992554,
      -1.0379255405730672,
      -1.0149765970806282
    ],
    "val_mbri": [
      0.5548687695762323,
      0.5523766767230371,
      0.5013349451739005
    ],
    "val_ric_score": [
      0.44181834564648553,
      0.44879866631654525,
      0.425599519948996
    ],
    "val_ric_treatment": [
      0.624586708048766,
      0.6274190665909816,
      0.6295754511645906
    ],
    "val_ric_mediator": [
      0.34697300924204516,
      0.37328127450981696,
      0.31455029366251824
    ],
    "val_ric_outcome": [
      0.35389531964864546,
      0.34569565784883727,
      0.3326728150198792
    ],
    "val_ric_components": [
      3,
      3,
      3
    ],
    "val_psr": [
      0.16205281325165988,
      0.16205281325165988,
      0.16205281325165988
    ],
    "val_psr_interaction": [
      0.10601011532901516,
      0.10601011532901516,
      0.10601011532901516
    ],
    "val_mni": [
      1.0,
      1.0,
      1.0
    ],
    "val_mni_conditional": [
      0.0,
      0.0,
      0.0
    ],
    "val_y_gate_mean": [
      0.4861067533493042,
      0.48420649766921997,
      0.48661717772483826
    ],
    "val_y_gate_std": [
      0.1258639693260193,
      0.2156878113746643,
      0.22147096693515778
    ],
    "val_struct_score": [
      0.6762847134877916,
      0.5329545333074361,
      0.5145478750117489
    ]
  },
  "best_metric": -53580143458.46154,
  "total_steps": 300,
  "total_epochs": 3
}