{
  "train_metrics": {
    "train_total_loss": [
      -5.656228355169296,
      -5554781.900517884,
      -936197311.44
    ],
    "train_mac": [
      -0.7256588691473007,
      -0.6320382112264633,
      -0.5536731040477753
    ],
    "train_align": [
      2.3556236743927004,
      2.515045657157898,
      2.789782853126526
    ],
    "train_ci": [
      -4.583458581492305,
      -1780297.5390480042,
      -279604231.52
    ]
  },
  "val_metrics": {
    "val_total_loss": [
      -249.22154344831193,
      -2624613.2745535714,
      -1965693874.2857144
    ],
    "val_mac": [
      0.6532768202108443,
      0.5126486214052425,
      0.5847180860526869
    ],
    "val_align": [
      1.9040159327643258,
      2.1470850024904524,
      2.658334953444345
    ],
    "val_ci": [
      -250.53024291992188,
      -2624614.926339286,
      -1965693874.2857144
    ],
    "val_cip": [
      0.0,
      1.0,
      1.0
    ],
    "val_csi": [
      0.25,
      1.0,
      1.0
    ],
    "val_csi_structure_preference_rf": [
      -0.050455905313250525,
      -0.05792730410661296,
      -0.0697760186031843
    ],
    "val_csi_r2_mediated_rf": [
      -0.05941589398493204,
      0.006756788816156554,
      0.16688619414560443
    ],
    "val_csi_r2_direct_rf": [
      -0.008959988671681518,
      0.06468409292276951,
      0.23666221274878874
    ],
    "val_csi_r2_m_only_rf": [
      0.7721882992459189,
      0.9070061104467073,
      0.995086960448739
    ],
    "val_csi_r2_perm_rf": [
      -0.022332072669267688,
      -0.17092250426460076,
      -0.5090799490713827
    ],
    "val_csi_csi_score_linear": [
      1.0,
      1.0,
      0.5
    ],
    "val_csi_structure_preference_linear": [
      -32.31245422363281,
      -179.19708077112833,
      -55.27652231852214
    ],
    "val_csi_r2_mediated_linear": [
      -205.29777654012045,
      -351.3847827911377,
      -124.15854930877686
    ],
    "val_csi_r2_direct_linear": [
      -172.98532231648764,
      -172.18770202000937,
      -68.88202699025472
    ],
    "val_csi_r2_m_only_linear": [
      -6.18104362487793,
      -2.4309025406837463,
      0.9780424435933431
    ],
    "val_csi_r2_perm_linear": [
      -243.88364050123425,
      -1214.0187197261387,
      -87.95544306437175
    ],
    "val_mbri": [
      0.5149583562200336,
      0.47734488789261953,
      0.508750951812767
    ],
    "val_ric_score": [
      0.44842905658983273,
      0.41477650396667903,
      0.44075366546574996
    ],
    "val_ric_treatment": [
      0.582313413034712,
      0.5746227526234212,
      0.5658591444419244
    ],
    "val_ric_mediator": [
      0.3935696553409962,
      0.32089370091655733,
      0.4325703754735447
    ],
    "val_ric_outcome": [
      0.36940410139378993,
      0.34881305836005855,
      0.32383147648178073
    ],
    "val_ric_components": [
      3,
      3,
      3
    ],
    "val_psr": [
      0.15094841051924698,
      0.15094841051924698,
      0.15094841051924698
    ],
    "val_psr_interaction": [
      0.0908195760489301,
      0.0908195760489301,
      0.0908195760489301
    ],
    "val_mni": [
      1.0,
      1.0,
      1.0
    ],
    "val_mni_conditional": [
      0.0,
      0.0,
      0.0
    ],
    "val_y_gate_mean": [
      0.48717352747917175,
      0.4906720817089081,
      0.4826781153678894
    ],
    "val_y_gate_std": [
      0.10581927746534348,
      0.12561221420764923,
      0.24399222433567047
    ],
    "val_struct_score": [
      0.43108752050570825,
      0.6508169176833982,
      0.669310159121493
    ]
  },
  "best_metric": -1965693874.2857144,
  "total_steps": 150,
  "total_epochs": 3
}