{
  "scenario": "IM",
  "metrics": {
    "CIP": {
      "cip_score": 0.0,
      "p_value": 0.012895046806029173,
      "correlation": 0.17556563019752502,
      "n_samples": 200
    },
    "CSI": {
      "csi_score": 0.75,
      "csi_score_rf": 0.75,
      "r2_mediated_rf": -0.234383001149899,
      "r2_direct_rf": 0.012853027669449643,
      "r2_m_only_rf": 0.9985217096523575,
      "structure_preference_rf": -0.24723602881934864,
      "r2_perm_rf": -0.28370606320121955,
      "csi_score_linear": 0.25,
      "r2_mediated_linear": -1.5846583644549053,
      "r2_direct_linear": -1.2500212987263997,
      "r2_m_only_linear": 0.9977461695671082,
      "structure_preference_linear": -0.3346370657285056,
      "r2_perm_linear": -0.8687372811966473,
      "features_T": 64,
      "features_M": 64,
      "features_Y": 64,
      "n_samples": 200,
      "cv_splits": 3,
      "perm_samples": 3
    },
    "MBRI": {
      "mbri_score": 0.7014135316361108,
      "mi_m_y": 0.4751994972401984,
      "mi_t_y": 0.2022888442202481,
      "boundary_strength": 2.3491135933906206
    },
    "MAC": {
      "mac_score": 0.591929921921285,
      "correlation": 0.591929921921285,
      "p_value": 0.0,
      "n_pairs": 19900
    },
    "RIC": {
      "treatment": 0.6010335597783686,
      "mi_treatment": 1.4071542079402528,
      "h_treatment": 2.341224011598963,
      "mediator": 0.3604137796894665,
      "mi_mediator": 0.7997795414961818,
      "h_mediator": 2.2190592673263945,
      "outcome": 0.3316524539483942,
      "mi_outcome": 0.7023916498945038,
      "h_outcome": 2.1178545137111295,
      "ric_score": 0.43103326447207646,
      "ric_components": 3
    },
    "PSR": {
      "psr_score": -0.17871113858147022,
      "interaction_information": -0.08668235768398702,
      "mi_t_y": 0.48504171800388685,
      "h_t": 2.341224011598963,
      "h_m": 2.2190592673263945,
      "h_y": 2.1178545137111295
    },
    "MNI": {
      "mni_score": 1.0,
      "mi_total": 0.11429773062470244,
      "mi_conditional": 0.0,
      "mi_joint": 0.6647652922811771,
      "mi_mediator": 1.2152333117013234
    }
  },
  "summary": {
    "main_scores": {
      "CIP": 0.0,
      "CSI": 0.75,
      "MBRI": 0.7014135316361108,
      "MAC": 0.591929921921285,
      "RIC": 0.43103326447207646,
      "PSR": -0.17871113858147022,
      "MNI": 1.0
    },
    "overall_score": 0.4708093684925717,
    "representation_quality": {
      "z_T": {
        "mean_norm": 5.381824970245361,
        "std_norm": 3.2256288528442383,
        "mean_activation": -0.0005705514340661466,
        "std_activation": 0.7843060493469238
      },
      "z_M": {
        "mean_norm": 30.653589248657227,
        "std_norm": 56.05591583251953,
        "mean_activation": -0.4513303339481354,
        "std_activation": 7.973464012145996
      },
      "z_Y": {
        "mean_norm": 7.166736602783203,
        "std_norm": 13.026859283447266,
        "mean_activation": 0.30990174412727356,
        "std_activation": 1.8324960470199585
      }
    }
  },
  "representation_shapes": {
    "z_T": [
      200,
      64
    ],
    "z_M": [
      200,
      64
    ],
    "z_Y": [
      200,
      64
    ],
    "T": [
      200
    ],
    "M": [
      200
    ],
    "Y_star": [
      200
    ],
    "a_M": [
      200
    ],
    "a_Y": [
      200
    ],
    "b_style": [
      200
    ],
    "subject_id": [
      200
    ],
    "scenario": [
      200
    ]
  },
  "n_samples": 200
}