{
  "train_metrics": {
    "train_total_loss": [
      -39036.73015570581,
      -149394896.3428125,
      -14327861321.6,
      -333164025528.32,
      -2782178287288.32,
      -17926851521413.12,
      -80045807847342.08,
      -218222807283138.56,
      -454596337787207.7,
      -803657381744476.1
    ],
    "train_align": [
      2.362833338975906,
      2.7506934332847597,
      2.9719292640686037,
      3.2568288350105288,
      3.6308907890319824,
      3.7862874412536622,
      4.076130812168121,
      4.192370638847351,
      4.3534572887420655,
      4.461574108600616
    ],
    "train_ci": [
      -37409.205865143354,
      -161038914.388125,
      -18584364254.08,
      -648041448980.48,
      -10764281172459.52,
      -92596458645094.4,
      -501649268151418.9,
      -1779236043761909.8,
      -4856131710720410.0,
      -1.0716629894986466e+16
    ]
  },
  "val_metrics": {
    "val_total_loss": [
      -213102.1923076923,
      -804661278.7692307,
      -70960325868.3077,
      -3511464120004.923,
      -14151338406203.076,
      -225656797719630.78,
      -581634342680103.4,
      -3442801895276544.0,
      -5959048224410073.0,
      -1.0711270582346358e+16
    ],
    "val_align": [
      2.045849295762869,
      2.3220349825345554,
      2.6324762931236854,
      4.789739021888146,
      2.475503499691303,
      5.009258196904109,
      2.9707804459791918,
      4.482565824802105,
      3.569005305950458,
      4.029503620587862
    ],
    "val_ci": [
      -213104.23617788462,
      -804661278.7692307,
      -70960325868.3077,
      -3511464120004.923,
      -14151338406203.076,
      -225656797719630.78,
      -581634342680103.4,
      -3442801895276544.0,
      -5959048224410073.0,
      -1.0711270582346358e+16
    ],
    "val_cip": [
      1.0,
      1.0,
      1.0,
      1.0,
      1.0,
      1.0,
      1.0,
      1.0,
      1.0,
      1.0
    ],
    "val_csi": [
      0.5,
      1.0,
      1.0,
      1.0,
      1.0,
      1.0,
      1.0,
      1.0,
      1.0,
      1.0
    ],
    "val_csi_structure_preference_rf": [
      -0.09443021634635416,
      -0.12458913646166495,
      -0.12110136569382271,
      -0.17118357598109651,
      -0.15438874259711066,
      -0.1374719186191121,
      -0.10906039134441334,
      -0.13099676018497206,
      -0.092445588907527,
      -0.12598214935215976
    ],
    "val_csi_r2_mediated_rf": [
      0.10806934945414796,
      0.1716477352233887,
      0.19536268162287254,
      0.17408229210416049,
      0.11811406995799027,
      0.22552193199448442,
      0.16878667409895523,
      0.2312756988896247,
      0.2091970031576286,
      0.17083291178368196
    ],
    "val_csi_r2_direct_rf": [
      0.20249956580050213,
      0.29623687168505364,
      0.31646404731669525,
      0.345265868085257,
      0.27250281255510095,
      0.3629938506135965,
      0.27784706544336857,
      0.36227245907459676,
      0.3016425920651556,
      0.2968150611358417
    ],
    "val_csi_r2_m_only_rf": [
      0.9040623285456305,
      0.9947071178031369,
      0.9963521938432264,
      0.9984145698588428,
      0.9957918037278931,
      0.9980887308640577,
      0.9955330334314998,
      0.9989527144763635,
      0.9972531978944922,
      0.9964121250168345
    ],
    "val_csi_r2_perm_rf": [
      0.1299720473229893,
      0.01904103685514476,
      -0.09423068084870513,
      -0.2902487709942787,
      -0.014969187313576484,
      -0.1292234154018956,
      -0.07743920702019295,
      -0.021266831382663793,
      -0.17964806340546202,
      -0.19668847348465035
    ],
    "val_csi_csi_score_linear": [
      1.0,
      0.75,
      0.25,
      0.25,
      0.25,
      0.25,
      0.25,
      0.25,
      0.25,
      0.5
    ],
    "val_csi_structure_preference_linear": [
      -0.0068952037642399655,
      -0.04534989284972335,
      -0.186021126806736,
      -0.17788573913276196,
      0.03407327209909761,
      -0.0556064248085022,
      -0.05373545425633591,
      -0.4985848379631834,
      0.5346524715423588,
      0.025950297713279696
    ],
    "val_csi_r2_mediated_linear": [
      -0.35204553107420605,
      -2.0027121442059674,
      -0.8969639049222072,
      -0.9981387189279,
      -0.9048501501480738,
      -0.45098943014939624,
      -0.40790686818460625,
      -3.554425256947676,
      -3.56531415383021,
      -0.23568667968114218
    ],
    "val_csi_r2_direct_linear": [
      -0.3451503273099661,
      -1.957362251356244,
      -0.7109427781154712,
      -0.820252979795138,
      -0.9389234222471714,
      -0.39538300534089404,
      -0.35417141392827034,
      -3.0558404189844928,
      -4.099966625372569,
      -0.2616369773944219
    ],
    "val_csi_r2_m_only_linear": [
      0.8464194933573405,
      0.9914575219154358,
      0.9980179270108541,
      0.9993834495544434,
      0.9995326201121012,
      0.9995636741320292,
      0.9997661312421163,
      0.9998642802238464,
      0.9996818701426188,
      0.9997547666231791
    ],
    "val_csi_r2_perm_linear": [
      -0.36753065159751314,
      -2.017008272724019,
      -0.5545587814413011,
      -0.7423202022910118,
      -0.19818099236322775,
      -0.07053407260941134,
      -0.014156137696570805,
      -0.5988391294247574,
      -0.2586111613652773,
      0.022693645622995157
    ],
    "val_mbri": [
      0.6457178161081004,
      0.6356646443682298,
      0.674013642966806,
      0.676094828476842,
      0.618523170646299,
      0.635878413613971,
      0.6354515376010087,
      0.63524070718519,
      0.670954281486409,
      0.6484636036643845
    ],
    "val_mac": [
      0.589145435816118,
      0.6174110017596235,
      0.5905707629947222,
      0.6044080346992624,
      0.5314806178805497,
      0.6013659506408585,
      0.5523643449862985,
      0.5761646560339626,
      0.5675341323451097,
      0.5420175457457808
    ],
    "val_ric_score": [
      0.42719031752863995,
      0.4369368460377448,
      0.43793988247229226,
      0.44980642586315706,
      0.41824126082322,
      0.44123827129203036,
      0.4266771727213041,
      0.4386325021155866,
      0.4333289747509714,
      0.4261425251934161
    ],
    "val_ric_treatment": [
      0.6191510873174011,
      0.6156753449661349,
      0.6220165958789294,
      0.6201496388988977,
      0.6182260168771044,
      0.6197941385825346,
      0.6220586868050587,
      0.6221301102231059,
      0.6200412209747985,
      0.6205323751561272
    ],
    "val_ric_mediator": [
      0.33148232326795507,
      0.3686894940468717,
      0.36612141644619717,
      0.4125000068330031,
      0.2989247504627706,
      0.3960976517144421,
      0.3257575664548518,
      0.37905974824939026,
      0.34757449498595605,
      0.34535433409958527
    ],
    "val_ric_outcome": [
      0.33093754200056363,
      0.3264456991002279,
      0.32568163509175024,
      0.31676963185757034,
      0.33757301512978494,
      0.3078230235791144,
      0.3322152649040018,
      0.31470764787426336,
      0.33237120829215944,
      0.31254086632453587
    ],
    "val_ric_components": [
      3,
      3,
      3,
      3,
      3,
      3,
      3,
      3,
      3,
      3
    ],
    "val_psr": [
      -0.3556465423751463,
      -0.3556465423751463,
      -0.3556465423751463,
      -0.3556465423751463,
      -0.3556465423751463,
      -0.3556465423751463,
      -0.3556465423751463,
      -0.3556465423751463,
      -0.3556465423751463,
      -0.3556465423751463
    ],
    "val_psr_interaction": [
      -0.1705506703801447,
      -0.1705506703801447,
      -0.1705506703801447,
      -0.1705506703801447,
      -0.1705506703801447,
      -0.1705506703801447,
      -0.1705506703801447,
      -0.1705506703801447,
      -0.1705506703801447,
      -0.1705506703801447
    ],
    "val_mni": [
      1.0,
      1.0,
      1.0,
      1.0,
      1.0,
      1.0,
      1.0,
      1.0,
      1.0,
      1.0
    ],