{
  "scenario": "IM",
  "metrics": {
    "CIP": {
      "cip_score": 1.0,
      "p_value": 0.062068583655746315,
      "correlation": 0.13218137621879578,
      "n_samples": 200
    },
    "CSI": {
      "csi_score": 0.5,
      "csi_score_rf": 0.5,
      "r2_mediated_rf": -0.294883576851141,
      "r2_direct_rf": 0.06886502725140767,
      "r2_m_only_rf": 0.9990816488338453,
      "structure_preference_rf": -0.3637486041025487,
      "r2_perm_rf": -0.19281388533130125,
      "csi_score_linear": 0.25,
      "r2_mediated_linear": -1.3748313387235005,
      "r2_direct_linear": -1.2377115885416667,
      "r2_m_only_linear": 0.9999576210975647,
      "structure_preference_linear": -0.13711975018183375,
      "r2_perm_linear": -0.09958849971493085,
      "features_T": 64,
      "features_M": 64,
      "features_Y": 64,
      "n_samples": 200,
      "cv_splits": 3,
      "perm_samples": 3
    },
    "MBRI": {
      "mbri_score": 0.6210208585598169,
      "mi_m_y": 0.4426730685586008,
      "mi_t_y": 0.2701420587383735,
      "boundary_strength": 1.6386676485672422
    },
    "MAC": {
      "mac_score": 0.5708958024937255,
      "correlation": 0.5708958024937255,
      "p_value": 0.0,
      "n_pairs": 19900
    },
    "RIC": {
      "treatment": 0.594357494039441,
      "mi_treatment": 1.391524042462502,
      "h_treatment": 2.341224011598963,
      "mediator": 0.3395680701189793,
      "mi_mediator": 0.7535216762813407,
      "h_mediator": 2.2190592673263945,
      "outcome": 0.31878179346494123,
      "mi_outcome": 0.6751334633664727,
      "h_outcome": 2.1178545137111295,
      "ric_score": 0.4175691192077872,
      "ric_components": 3
    },
    "PSR": {
      "psr_score": -0.17871113858147022,
      "interaction_information": -0.08668235768398702,
      "mi_t_y": 0.48504171800388685,
      "h_t": 2.341224011598963,
      "h_m": 2.2190592673263945,
      "h_y": 2.1178545137111295
    },
    "MNI": {
      "mni_score": 1.0,
      "mi_total": 0.12624477008891488,
      "mi_conditional": 0.0,
      "mi_joint": 0.8279270384578613,
      "mi_mediator": 1.5296093298138964
    }
  },
  "summary": {
    "main_scores": {
      "CIP": 1.0,
      "CSI": 0.5,
      "MBRI": 0.6210208585598169,
      "MAC": 0.5708958024937255,
      "RIC": 0.4175691192077872,
      "PSR": -0.17871113858147022,
      "MNI": 1.0
    },
    "overall_score": 0.5615392345256941,
    "representation_quality": {
      "z_T": {
        "mean_norm": 5.443697452545166,
        "std_norm": 3.4820172786712646,
        "mean_activation": -0.012837683781981468,
        "std_activation": 0.8076561093330383
      },
      "z_M": {
        "mean_norm": 231.20130920410156,
        "std_norm": 461.55426025390625,
        "mean_activation": 4.071491241455078,
        "std_activation": 64.39932250976562
      },
      "z_Y": {
        "mean_norm": 57.49161148071289,
        "std_norm": 114.93191528320312,
        "mean_activation": -0.3750990331172943,
        "std_activation": 16.05927848815918
      }
    }
  },
  "representation_shapes": {
    "z_T": [
      200,
      64
    ],
    "z_M": [
      200,
      64
    ],
    "z_Y": [
      200,
      64
    ],
    "T": [
      200
    ],
    "M": [
      200
    ],
    "Y_star": [
      200
    ],
    "a_M": [
      200
    ],
    "a_Y": [
      200
    ],
    "b_style": [
      200
    ],
    "subject_id": [
      200
    ],
    "scenario": [
      200
    ]
  },
  "n_samples": 200
}