{
  "train_metrics": {
    "train_total_loss": [
      -171253642.97449374,
      -319322754771.968,
      -41930262569287.68
    ],
    "train_mac": [
      -0.6255957018733025,
      -0.544473494708538,
      -0.5250475457310677
    ],
    "train_align": [
      2.7244987964630125,
      2.9327704124450684,
      3.2430986862182616
    ],
    "train_ci": [
      -51146532.630991116,
      -95368778110.848,
      -12522871797972.992
    ]
  },
  "val_metrics": {
    "val_total_loss": [
      -564851399.25,
      -501257938560.0,
      -49839889137664.0
    ],
    "val_mac": [
      0.587193183483585,
      0.534080766031818,
      0.5132279306772228
    ],
    "val_align": [
      2.7413440011441708,
      2.683530129492283,
      3.1456179097294807
    ],
    "val_ci": [
      -564851399.25,
      -501257938560.0,
      -49839889137664.0
    ],
    "val_cip": [
      1.0,
      1.0,
      1.0
    ],
    "val_csi": [
      0.25,
      1.0,
      1.0
    ],
    "val_csi_structure_preference_rf": [
      -0.19787219465220335,
      -0.20625435529409208,
      -0.1559843948741607
    ],
    "val_csi_r2_mediated_rf": [
      -0.09229945553831592,
      -0.1160264965424977,
      -0.07456972906911681
    ],
    "val_csi_r2_direct_rf": [
      0.10557273911388741,
      0.09022785875159438,
      0.08141466580504388
    ],
    "val_csi_r2_m_only_rf": [
      0.9975861544049917,
      0.9993148171902191,
      0.9996848807085593
    ],
    "val_csi_r2_perm_rf": [
      -0.059336768502809355,
      -0.19108690153094252,
      -0.23615439849039255
    ],
    "val_csi_csi_score_linear": [
      0.75,
      0.5,
      0.25
    ],
    "val_csi_structure_preference_linear": [
      -0.0010241791605949402,
      -0.004069387912750244,
      0.004666738212108612
    ],
    "val_csi_r2_mediated_linear": [
      0.24263491481542587,
      0.21195256958405176,
      0.2267355943719546
    ],
    "val_csi_r2_direct_linear": [
      0.2436590939760208,
      0.216021957496802,
      0.22206885615984598
    ],
    "val_csi_r2_m_only_linear": [
      0.9966882069905599,
      0.9991177717844645,
      0.9995665152867635
    ],
    "val_csi_r2_perm_linear": [
      0.22338708655701744,
      0.21599762058920333,
      0.275282245543268
    ],
    "val_mbri": [
      0.6849881107630517,
      0.6473541183175822,
      0.614083996550674
    ],
    "val_ric_score": [
      0.428863807698254,
      0.4001259117644216,
      0.39482767154335824
    ],
    "val_ric_treatment": [
      0.6096328283818032,
      0.6024836145507698,
      0.6104114363744383
    ],
    "val_ric_mediator": [
      0.39859172283422617,
      0.33003700606758524,
      0.31542142549663266
    ],
    "val_ric_outcome": [
      0.2783668718787323,
      0.2678571146749097,
      0.25865015275900377
    ],
    "val_ric_components": [
      3,
      3,
      3
    ],
    "val_psr": [
      -0.5632193859746306,
      -0.5632193859746306,
      -0.5632193859746306
    ],
    "val_psr_interaction": [
      -0.2050625850963721,
      -0.2050625850963721,
      -0.2050625850963721
    ],
    "val_mni": [
      1.0,
      1.0,
      1.0
    ],
    "val_mni_conditional": [
      0.0,
      0.0,
      0.0
    ],
    "val_y_gate_mean": [
      0.4845435619354248,
      0.4880145788192749,
      0.4859001934528351
    ],
    "val_y_gate_std": [
      0.22091642022132874,
      0.24491897225379944,
      0.2571927607059479
    ],
    "val_struct_score": [
      0.4839751022814657,
      0.5740487728770274,
      0.5655600303995177
    ]
  },
  "best_metric": -49839889137664.0,
  "total_steps": 750,
  "total_epochs": 3
}