{
  "train_metrics": {
    "train_total_loss": [
      -8.722761099338532,
      -5463738.126692505,
      -871489074.4
    ],
    "train_mac": [
      -0.7159519483149052,
      -0.6257286202907563,
      -0.5493038481473923
    ],
    "train_align": [
      2.37157030582428,
      2.525180878639221,
      2.759275641441345
    ],
    "train_ci": [
      -6.235952291041612,
      -1676741.2880458068,
      -260278503.82
    ]
  },
  "val_metrics": {
    "val_total_loss": [
      -359.1920623779297,
      -2718560.410714286,
      -1363071469.7142856
    ],
    "val_mac": [
      0.65934979641353,
      0.5006108806957348,
      0.5402254814412145
    ],
    "val_align": [
      1.969688994543893,
      2.2292353085109164,
      2.2440501110894338
    ],
    "val_ci": [
      -360.55505916050504,
      -2718562.245535714,
      -1363071469.7142856
    ],
    "val_cip": [
      1.0,
      0.0,
      1.0
    ],
    "val_csi": [
      1.0,
      1.0,
      1.0
    ],
    "val_csi_structure_preference_rf": [
      -0.0496905414036497,
      -0.003301027062575068,
      -0.04332338722763607
    ],
    "val_csi_r2_mediated_rf": [
      0.1769198400144103,
      0.192237209412252,
      0.35093144733427
    ],
    "val_csi_r2_direct_rf": [
      0.22661038141806,
      0.19553823647482707,
      0.3942548345619061
    ],
    "val_csi_r2_m_only_rf": [
      0.8060902793612269,
      0.9212602635566198,
      0.9927051177812517
    ],
    "val_csi_r2_perm_rf": [
      0.07029732979705312,
      -0.1934644284987673,
      -0.25065185047663285
    ],
    "val_csi_csi_score_linear": [
      0.5,
      1.0,
      1.0
    ],
    "val_csi_structure_preference_linear": [
      -2818.2187875906625,
      1.7107024590174333,
      -3.4708809455235787
    ],
    "val_csi_r2_mediated_linear": [
      -3156.1286238829293,
      -41.01172824700674,
      -24.61602254708608
    ],
    "val_csi_r2_direct_linear": [
      -337.90983629226685,
      -42.72243070602417,
      -21.1451416015625
    ],
    "val_csi_r2_m_only_linear": [
      -3.4949605663617453,
      -1.5124125927686691,
      0.9369890689849854
    ],
    "val_csi_r2_perm_linear": [
      -2471.456697411007,
      -105.44642347759672,
      -35.11534206072489
    ],
    "val_mbri": [
      0.4831377811364502,
      0.4367162854874514,
      0.4980151686553088
    ],
    "val_ric_score": [
      0.4529212024618349,
      0.41714979484334663,
      0.44453954686360536
    ],
    "val_ric_treatment": [
      0.5811333520604046,
      0.5750174650695734,
      0.5743401189045161
    ],
    "val_ric_mediator": [
      0.39850874485725074,
      0.32095244127398476,
      0.4113344279835999
    ],
    "val_ric_outcome": [
      0.3791215104678495,
      0.3554794781864817,
      0.34794409370270013
    ],
    "val_ric_components": [
      3,
      3,
      3
    ],
    "val_psr": [
      0.48850851291500774,
      0.48850851291500774,
      0.48850851291500774
    ],
    "val_psr_interaction": [
      0.3492427483873901,
      0.3492427483873901,
      0.3492427483873901
    ],
    "val_mni": [
      1.0,
      1.0,
      1.0
    ],
    "val_mni_conditional": [
      0.0,
      0.0,
      0.0
    ],
    "val_y_gate_mean": [
      0.4864070415496826,
      0.4894101023674011,
      0.48532578349113464
    ],
    "val_y_gate_std": [
      0.1085701733827591,
      0.12910382449626923,
      0.2283410131931305
    ],
    "val_struct_score": [
      0.7262738989895461,
      0.5489979248487915,
      0.7101841014107337
    ]
  },
  "best_metric": -1363071469.7142856,
  "total_steps": 150,
  "total_epochs": 3
}