{
  "scenario": "IM",
  "metrics": {
    "CIP": {
      "cip_score": 1.0,
      "p_value": 0.09334090681871735,
      "correlation": 0.07512576878070831,
      "n_samples": 500
    },
    "CSI": {
      "csi_score": 0.75,
      "csi_score_rf": 0.75,
      "r2_mediated_rf": -0.19105246568521803,
      "r2_direct_rf": 0.03681051957014192,
      "r2_m_only_rf": 0.9995414497605498,
      "structure_preference_rf": -0.22786298525535995,
      "r2_perm_rf": -0.20821883416278417,
      "csi_score_linear": 0.25,
      "r2_mediated_linear": -0.02426828940709432,
      "r2_direct_linear": -0.04463722308476766,
      "r2_m_only_linear": 0.9994542400042216,
      "structure_preference_linear": 0.020368933677673343,
      "r2_perm_linear": 0.2029585155347983,
      "features_T": 64,
      "features_M": 64,
      "features_Y": 64,
      "n_samples": 500,
      "cv_splits": 3,
      "perm_samples": 3
    },
    "MBRI": {
      "mbri_score": 0.617460670607017,
      "mi_m_y": 0.33638183856661824,
      "mi_t_y": 0.20840076606683833,
      "boundary_strength": 1.6141102970688257
    },
    "MAC": {
      "mac_score": 0.5063859406409141,
      "correlation": 0.5063859406409141,
      "p_value": 0.0,
      "n_pairs": 124750
    },
    "RIC": {
      "treatment": 0.5961089505099135,
      "mi_treatment": 1.4254531682445892,
      "h_treatment": 2.391262807015668,
      "mediator": 0.30745208821887876,
      "mi_mediator": 0.7176842898122527,
      "h_mediator": 2.334296348076205,
      "outcome": 0.24749550646526347,
      "mi_outcome": 0.5918912015962556,
      "h_outcome": 2.3915230121738547,
      "ric_score": 0.38368551506468523,
      "ric_components": 3
    },
    "PSR": {
      "psr_score": -0.3443301615941142,
      "interaction_information": -0.12436644639285266,
      "mi_t_y": 0.3611837133787077,
      "h_t": 2.391262807015668,
      "h_m": 2.334296348076205,
      "h_y": 2.3915230121738547
    },
    "MNI": {
      "mni_score": 1.0,
      "mi_total": 0.09241940785573652,
      "mi_conditional": 0.0,
      "mi_joint": 0.7583209221445364,
      "mi_mediator": 1.424222485749553
    }
  },
  "summary": {
    "main_scores": {
      "CIP": 1.0,
      "CSI": 0.75,
      "MBRI": 0.617460670607017,
      "MAC": 0.5063859406409141,
      "RIC": 0.38368551506468523,
      "PSR": -0.3443301615941142,
      "MNI": 1.0
    },
    "overall_score": 0.5590288521026431,
    "representation_quality": {
      "z_T": {
        "mean_norm": 5.307197093963623,
        "std_norm": 3.312404155731201,
        "mean_activation": -0.011684945784509182,
        "std_activation": 0.7819209694862366
      },
      "z_M": {
        "mean_norm": 73.5751724243164,
        "std_norm": 141.63499450683594,
        "mean_activation": -1.0343315601348877,
        "std_activation": 19.923803329467773
      },
      "z_Y": {
        "mean_norm": 14.014749526977539,
        "std_norm": 26.707393646240234,
        "mean_activation": 0.6330012083053589,
        "std_activation": 3.716630458831787
      }
    }
  },
  "representation_shapes": {
    "z_T": [
      500,
      64
    ],
    "z_M": [
      500,
      64
    ],
    "z_Y": [
      500,
      64
    ],
    "T": [
      500
    ],
    "M": [
      500
    ],
    "Y_star": [
      500
    ],
    "a_M": [
      500
    ],
    "a_Y": [
      500
    ],
    "b_style": [
      500
    ],
    "subject_id": [
      500
    ],
    "scenario": [
      500
    ]
  },
  "n_samples": 500
}