{
  "train_metrics": {
    "train_total_loss": [
      -283604.1409433937,
      -824903390.35,
      -89314270330.88
    ],
    "train_mbr": [
      -39748.25359521151,
      -16107578.3640625,
      -163291777.28
    ],
    "train_mac": [
      -0.5835711592435837,
      -0.5932427421212196,
      -0.5840919041633605
    ],
    "train_align": [
      2.6459645295143126,
      2.7620624709129333,
      2.7924229812622072
    ],
    "train_ci": [
      -104741.74896067876,
      -384778109.984375,
      -45317312531.2
    ],
    "train_mbr_mi_zm_y": [
      2.086630220413208,
      2.1683938872814177,
      2.457524025440216
    ],
    "train_mbr_cmi_zt_y_zm": [
      -39750.33998918384,
      -16107580.7628125,
      -163291777.72
    ]
  },
  "val_metrics": {
    "val_total_loss": [
      -1313226.1586538462,
      -4935825614.769231,
      -414366931101.53845
    ],
    "val_mbr": [
      -178413.93088942306,
      -62224796.307692304,
      -370904481.84615386
    ],
    "val_mac": [
      0.5651767150090747,
      0.613511453468225,
      0.5987462689844053
    ],
    "val_align": [
      2.111964042370136,
      2.479981358234699,
      2.285842913847703
    ],
    "val_ci": [
      -549565.125,
      -2430577934.769231,
      -206960923569.23077
    ],
    "val_mbr_mi_zm_y": [
      1.9145850401658278,
      2.113421293405386,
      2.2974045551740208
    ],
    "val_mbr_cmi_zt_y_zm": [
      -178415.84615384616,
      -62224798.461538464,
      -370904481.84615386
    ],
    "val_cip": [
      0.0,
      1.0,
      0.0
    ],
    "val_csi": [
      0.75,
      1.0,
      1.0
    ],
    "val_csi_structure_preference_rf": [
      -0.10029276912531906,
      -0.07458793174575182,
      -0.14685179173076637
    ],
    "val_csi_r2_mediated_rf": [
      0.20212780003357653,
      0.17822304296490307,
      0.141849610090261
    ],
    "val_csi_r2_direct_rf": [
      0.3024205691588956,
      0.2528109747106549,
      0.2887014018210274
    ],
    "val_csi_r2_m_only_rf": [
      0.9826788115239725,
      0.9977255714365656,
      0.9984136269016889
    ],
    "val_csi_r2_perm_rf": [
      0.16368617909367664,
      -0.032674870970647425,
      -0.046025096190002425
    ],
    "val_csi_csi_score_linear": [
      1.0,
      0.75,
      0.25
    ],
    "val_csi_structure_preference_linear": [
      0.009791779642303784,
      -0.04025589550534886,
      -0.6426278539001942
    ],
    "val_csi_r2_mediated_linear": [
      0.026205891122420628,
      -0.4641726128757,
      -0.6463868742187818
    ],
    "val_csi_r2_direct_linear": [
      0.016414111480116844,
      -0.42391671737035114,
      -0.003759020318587621
    ],
    "val_csi_r2_m_only_linear": [
      0.975943942864736,
      0.9977854688962301,
      0.9986024697621664
    ],
    "val_csi_r2_perm_linear": [
      -0.01283750302132426,
      -0.6483674042909923,
      -0.2263358141192132
    ],
    "val_mbri": [
      0.6611509068473888,
      0.643006856091885,
      0.6339394253565573
    ],
    "val_ric_score": [
      0.41974313883212844,
      0.43441699043376575,
      0.42318122109772055
    ],
    "val_ric_treatment": [
      0.617447304719201,
      0.6177914137681819,
      0.6128022934970142
    ],
    "val_ric_mediator": [
      0.32451647101026826,
      0.3900809349895603,
      0.35918788098053356
    ],
    "val_ric_outcome": [
      0.317265640766916,
      0.29537862254355507,
      0.2975534888156138
    ],
    "val_ric_components": [
      3,
      3,
      3
    ],
    "val_psr": [
      -0.3556465423751463,
      -0.3556465423751463,
      -0.3556465423751463
    ],
    "val_psr_interaction": [
      -0.1705506703801447,
      -0.1705506703801447,
      -0.1705506703801447
    ],
    "val_mni": [
      1.0,
      1.0,
      1.0
    ],
    "val_mni_conditional": [
      0.0,
      0.0,
      0.0
    ],
    "val_y_gate_mean": [
      0.5300074219703674,
      0.5398500561714172,
      0.5321754813194275
    ],
    "val_y_gate_std": [
      0.13825426995754242,
      0.23408100008964539,
      0.249429851770401
    ],
    "val_struct_score": [
      0.4343463169019208,
      0.6193269653741043,
      0.47146005329479096
    ]
  },
  "best_metric": -414366931101.53845,
  "total_steps": 300,
  "total_epochs": 3
}