{
  "scenario": "IM",
  "metrics": {
    "CIP": {
      "cip_score": 1.0,
      "p_value": 0.49759244081744436,
      "correlation": 0.048236213624477386,
      "n_samples": 200
    },
    "CSI": {
      "csi_score": 0.25,
      "csi_score_rf": 0.25,
      "r2_mediated_rf": -0.1516965113591704,
      "r2_direct_rf": 0.09466018790851204,
      "r2_m_only_rf": 0.9935296668957428,
      "structure_preference_rf": -0.24635669926768244,
      "r2_perm_rf": 0.008921794507092585,
      "csi_score_linear": 0.5,
      "r2_mediated_linear": -0.8344065348307291,
      "r2_direct_linear": -0.7784183820088705,
      "r2_m_only_linear": 0.9923845926920573,
      "structure_preference_linear": -0.05598815282185865,
      "r2_perm_linear": -1.093720277150472,
      "features_T": 64,
      "features_M": 64,
      "features_Y": 64,
      "n_samples": 200,
      "cv_splits": 3,
      "perm_samples": 3
    },
    "MBRI": {
      "mbri_score": 0.4167217820305622,
      "mi_m_y": 0.2575205223482238,
      "mi_t_y": 0.36044697847734986,
      "boundary_strength": 0.7144477012724609
    },
    "MAC": {
      "mac_score": 0.6570843432089262,
      "correlation": 0.6570843432089262,
      "p_value": 0.0,
      "n_pairs": 19900
    },
    "RIC": {
      "treatment": 0.613632403318027,
      "mi_treatment": 1.436650923079668,
      "h_treatment": 2.341224011598963,
      "mediator": 0.32750842645169675,
      "mi_mediator": 0.7267606121202068,
      "h_mediator": 2.2190592673263945,
      "outcome": 0.2683066057430335,
      "mi_outcome": 0.568234358714462,
      "h_outcome": 2.1178545137111295,
      "ric_score": 0.4031491451709191,
      "ric_components": 3
    },
    "PSR": {
      "psr_score": -0.17871113858147022,
      "interaction_information": -0.08668235768398702,
      "mi_t_y": 0.48504171800388685,
      "h_t": 2.341224011598963,
      "h_m": 2.2190592673263945,
      "h_y": 2.1178545137111295
    },
    "MNI": {
      "mni_score": 1.0,
      "mi_total": 0.08161778364590712,
      "mi_conditional": 0.0,
      "mi_joint": 0.6530262432543377,
      "mi_mediator": 1.2244347028627685
    }
  },
  "summary": {
    "main_scores": {
      "CIP": 1.0,
      "CSI": 0.25,
      "MBRI": 0.4167217820305622,
      "MAC": 0.6570843432089262,
      "RIC": 0.4031491451709191,
      "PSR": -0.17871113858147022,
      "MNI": 1.0
    },
    "overall_score": 0.5068920188327054,
    "representation_quality": {
      "z_T": {
        "mean_norm": 4.140194416046143,
        "std_norm": 2.0430572032928467,
        "mean_activation": 0.07236408442258835,
        "std_activation": 0.5725512504577637
      },
      "z_M": {
        "mean_norm": 6.73820686340332,
        "std_norm": 2.5606229305267334,
        "mean_activation": -0.04033798351883888,
        "std_activation": 0.900139570236206
      },
      "z_Y": {
        "mean_norm": 4.275832653045654,
        "std_norm": 1.5765562057495117,
        "mean_activation": 0.014495871029794216,
        "std_activation": 0.5694682598114014
      }
    }
  },
  "representation_shapes": {
    "z_T": [
      200,
      64
    ],
    "z_M": [
      200,
      64
    ],
    "z_Y": [
      200,
      64
    ],
    "T": [
      200
    ],
    "M": [
      200
    ],
    "Y_star": [
      200
    ],
    "a_M": [
      200
    ],
    "a_Y": [
      200
    ],
    "b_style": [
      200
    ],
    "subject_id": [
      200
    ],
    "scenario": [
      200
    ]
  },
  "n_samples": 200
}