{
  "train_metrics": {
    "train_total_loss": [
      -32522.13753321141,
      -150094167.334375,
      -16959298232.96,
      -444533296824.32,
      -4602971692728.32,
      -31761672217559.04,
      -138064598421995.52,
      -405502790949928.94,
      -877696673424343.0,
      -1490405449688678.5
    ],
    "train_mac": [
      -0.7233998923003674,
      -0.6547376921772957,
      -0.618561580479145,
      -0.606233475804329,
      -0.5946522319316864,
      -0.5925309553742408,
      -0.591435586065054,
      -0.6025552622973919,
      -0.5840899357199669,
      -0.5975758500397206
    ],
    "train_align": [
      2.3683252120018006,
      2.7687902307510375,
      2.914883155822754,
      3.0918490719795226,
      3.253224802017212,
      3.3139483237266543,
      3.485521514415741,
      3.5665272760391233,
      3.6999110531806947,
      3.757686958312988
    ],
    "train_ci": [
      -30313.97808577694,
      -164681123.3490625,
      -22630524797.44,
      -862109020405.76,
      -14051418589102.08,
      -118080050204508.16,
      -662389761381498.9,
      -2469077718264709.0,
      -6836211943137608.0,
      -1.5050117362168628e+16
    ]
  },
  "val_metrics": {
    "val_total_loss": [
      -240458.953125,
      -861101649.2307693,
      -83405885124.92308,
      -5035116532657.23,
      -23080570675830.152,
      -267990187396804.94,
      -926452717937270.1,
      -4620178647396667.0,
      -7952692111394028.0,
      -1.6794412842564372e+16
    ],
    "val_mac": [
      0.6455834092257433,
      0.6461569635976149,
      0.6161825808322096,
      0.6288741836599439,
      0.5991146233170822,
      0.6130006369833549,
      0.590657952159428,
      0.5926356465891749,
      0.5902603145227566,
      0.5868339502336708
    ],
    "val_align": [
      2.0411659479141235,
      2.3673731088638306,
      2.4318998135053196,
      4.251813209973848,
      2.4615456691155067,
      3.550193328123826,
      2.712379657305204,
      3.553399947973398,
      2.7950411026294413,
      3.755615234375
    ],
    "val_ci": [
      -240460.28846153847,
      -861101649.2307693,
      -83405885124.92308,
      -5035116532657.23,
      -23080570675830.152,
      -267990187396804.94,
      -926452717937270.1,
      -4620178647396667.0,
      -7952692111394028.0,
      -1.6794412842564372e+16
    ],
    "val_cip": [
      1.0,
      1.0,
      1.0,
      1.0,
      1.0,
      1.0,
      1.0,
      1.0,
      1.0,
      1.0
    ],
    "val_csi": [
      0.75,
      1.0,
      1.0,
      1.0,
      1.0,
      1.0,
      1.0,
      1.0,
      1.0,
      1.0
    ],
    "val_csi_structure_preference_rf": [
      -0.06510090918698655,
      -0.11661688806586998,
      -0.06615118532335995,
      -0.10242197499571076,
      -0.11056603938635678,
      -0.09862427836953713,
      -0.11183039559623062,
      -0.08473729037065791,
      -0.10931497384023503,
      -0.15172424563048983
    ],
    "val_csi_r2_mediated_rf": [
      0.15461382897788328,
      0.22064943884630636,
      0.27232556984869755,
      0.22127728347747044,
      0.2078047990994143,
      0.29257306917837134,
      0.2386090391371646,
      0.26915183322881814,
      0.2937440306023871,
      0.19329846799196213
    ],
    "val_csi_r2_direct_rf": [
      0.21971473816486983,
      0.33726632691217634,
      0.3384767551720575,
      0.3236992584731812,
      0.3183708384857711,
      0.39119734754790847,
      0.3504394347333952,
      0.35388912359947605,
      0.4030590044426221,
      0.34502271362245196
    ],
    "val_csi_r2_m_only_rf": [
      0.9134307497028366,
      0.9949899779879074,
      0.9939249926310797,
      0.9983511549499685,
      0.993886584788616,
      0.9973467269182678,
      0.9956051929507401,
      0.9982333335281197,
      0.9958877864899826,
      0.995982221827895
    ],
    "val_csi_r2_perm_rf": [
      0.1449533774759207,
      -0.0508952556151012,
      0.06966944885552746,
      -0.06723035604283017,
      -0.0725230366238222,
      -0.03975090057330107,
      -0.054785939219274805,
      -0.1076735475761954,
      0.04063515071240379,
      -0.0794079327747203
    ],
    "val_csi_csi_score_linear": [
      0.75,
      0.5,
      0.25,
      1.0,
      1.0,
      0.5,
      0.5,
      0.25,
      0.25,
      0.25
    ],
    "val_csi_structure_preference_linear": [
      -0.01508895556131995,
      -0.02595317612091702,
      -0.09842721621195483,
      0.03233393033345541,
      0.04555749023954073,
      -0.10586326072613397,
      -0.011051346858342498,
      -0.15807072569926578,
      -0.14794865995645523,
      -0.12157314022382104
    ],
    "val_csi_r2_mediated_linear": [
      -0.7432199418544769,
      -0.35540159046649933,
      -1.4039247731367748,
      -0.13503988087177277,
      0.18274987737337747,
      -0.19757422308127084,
      0.15016160036126772,
      -0.5733474219838778,
      -0.3481832221150398,
      -1.017718367278576
    ],
    "val_csi_r2_direct_linear": [
      -0.728130986293157,
      -0.3294484143455823,
      -1.30549755692482,
      -0.16737381120522818,
      0.13719238713383675,
      -0.09171096235513687,
      0.16121294721961021,
      -0.415276696284612,
      -0.2002345621585846,
      -0.8961452270547549
    ],
    "val_csi_r2_m_only_linear": [
      0.875549296538035,
      0.9914713700612386,
      0.9976803859074911,
      0.9994590282440186,
      0.999382754166921,
      0.999655544757843,
      0.9996476173400879,
      0.9998243451118469,
      0.9997367064158121,
      0.9997505942980448
    ],
    "val_csi_r2_perm_linear": [
      -0.7957847283946143,
      -0.3289119054873784,
      -0.5284057414780061,
      -0.2675691569844882,
      -0.08513856182495753,
      -0.11373454166783226,
      0.20120935659441685,
      0.08815829704205193,
      0.16035927749342388,
      0.0311783800522486
    ],
    "val_mbri": [
      0.7194222311073488,
      0.6741634956447797,
      0.7120573916005328,
      0.7129706371782303,
      0.6869954041261268,
      0.7154137188440027,
      0.7091530005849717,
      0.7091033591809774,
      0.6968761511732207,
      0.6855612055730779
    ],
    "val_ric_score": [
      0.4431191781971542,
      0.45326983918898645,
      0.45566296814949575,
      0.46261521183467186,
      0.42895972953746786,
      0.4534699447576905,
      0.4449269197749824,
      0.4553541308982922,
      0.44804479824721155,
      0.44152083512343204
    ],
    "val_ric_treatment": [
      0.6220244878004354,
      0.6201535262028461,
      0.6268113161346991,
      0.6248251367704024,
      0.6222430418378591,
      0.6220710972192209,
      0.6243759998095793,
      0.6200372429102003,
      0.622139136453429,
      0.6270281580297347
    ],
    "val_ric_mediator": [
      0.3658425366040246,
      0.3969816886318787,
      0.3918090930937137,
      0.43036723874256005,
      0.32431881229727927,
      0.40979456698369926,
      0.3676091424768264,
      0.41203785983612135,
      0.37724091077339417,
      0.3762628786139466
    ],
    "val_ric_outcome": [
      0.3414905101870024,
      0.3426743027322344,
      0.3483684952200746,
      0.3326532599910533,
      0.3403173344772652,
      0.3285441700701513,
      0.3427956170385416,
      0.33398728994855464,
      0.34475434751481154,
      0.3212714687266146
    ],
    "val_ric_components": [
      3,
      3,
      3,
      3,
      3,
      3,
      3,
      3,
      3,
      3
    ],
    "val_psr": [
      -0.11485618238205425,
      -0.11485618238205425,
      -0.11485618238205425,
      -0.11485618238205425,
      -0.11485618238205425,
      -0.11485618238205425,
      -0.11485618238205425,
      -0.11485618238205425,
      -0.11485618238205425,
      -0.11485618238205425
    ],