{
  "scenario": "IM",
  "metrics": {
    "CIP": {
      "cip_score": 1.0,
      "p_value": 0.7390654066919528,
      "correlation": 0.014932837894016787,
      "n_samples": 500
    },
    "CSI": {
      "csi_score": 0.0003922490733510963,
      "r2_mediated": 0.41049819401892945,
      "r2_direct": 0.41033717648271323,
      "structure_preference": 0.0001610175362162236,
      "features_T": 64,
      "features_M": 64,
      "features_Y": 64,
      "n_samples": 500
    },
    "MBRI": {
      "mbri_score": 0.7909303841518105,
      "mi_m_y": 0.9373776327654455,
      "mi_t_y": 0.2477805602168363,
      "boundary_strength": 3.7830957929636413
    },
    "MAC": {
      "mac_score": 0.9339608656274665,
      "correlation": 0.9339608656274665,
      "p_value": 0.0,
      "n_pairs": 124750
    }
  },
  "summary": {
    "main_scores": {
      "CIP": 1.0,
      "CSI": 0.0003922490733510963,
      "MBRI": 0.7909303841518105,
      "MAC": 0.9339608656274665
    },
    "overall_score": 0.6813208747131569,
    "representation_quality": {
      "z_T": {
        "mean_norm": 4.855740070343018,
        "std_norm": 2.700221300125122,
        "mean_activation": 0.005213788710534573,
        "std_activation": 0.6944834589958191
      },
      "z_M": {
        "mean_norm": 2.2223873138427734,
        "std_norm": 0.6151184439659119,
        "mean_activation": -0.010461942292749882,
        "std_activation": 0.2880530059337616
      },
      "z_Y": {
        "mean_norm": 5.492611885070801,
        "std_norm": 3.110208749771118,
        "mean_activation": 0.0015617177123203874,
        "std_activation": 0.789006769657135
      }
    }
  },
  "representation_shapes": {
    "z_T": [
      500,
      64
    ],
    "z_M": [
      500,
      64
    ],
    "z_Y": [
      500,
      64
    ],
    "T": [
      500
    ],
    "M": [
      500
    ],
    "Y_star": [
      500
    ],
    "a_M": [
      500
    ],
    "a_Y": [
      500
    ],
    "b_style": [
      500
    ],
    "subject_id": [
      500
    ],
    "scenario": [
      500
    ]
  },
  "n_samples": 500
}