{
  "scenario": "IM",
  "metrics": {
    "CIP": {
      "cip_score": 1.0,
      "p_value": 0.09094786907641915,
      "correlation": 0.0756787980298674,
      "n_samples": 500
    },
    "CSI": {
      "csi_score": 0.09602916883256124,
      "r2_mediated": 0.5109377527223761,
      "r2_direct": 0.4618728250032696,
      "structure_preference": 0.04906492771910648,
      "features_T": 64,
      "features_M": 64,
      "features_Y": 64,
      "n_samples": 500
    },
    "MBRI": {
      "mbri_score": 0.7212647246564586,
      "mi_m_y": 0.6232202322128985,
      "mi_t_y": 0.24084562834487874,
      "boundary_strength": 2.587633458906483
    },
    "MAC": {
      "mac_score": 0.5181230533812337,
      "correlation": 0.5181230533812337,
      "p_value": 0.0,
      "n_pairs": 124750
    }
  },
  "summary": {
    "main_scores": {
      "CIP": 1.0,
      "CSI": 0.09602916883256124,
      "MBRI": 0.7212647246564586,
      "MAC": 0.5181230533812337
    },
    "overall_score": 0.5838542367175634,
    "representation_quality": {
      "z_T": {
        "mean_norm": 5.093096733093262,
        "std_norm": 2.9255073070526123,
        "mean_activation": -0.013231569901108742,
        "std_activation": 0.7340705990791321
      },
      "z_M": {
        "mean_norm": 745.0361328125,
        "std_norm": 1030.05908203125,
        "mean_activation": -6.5328240394592285,
        "std_activation": 158.77308654785156
      },
      "z_Y": {
        "mean_norm": 167.00392150878906,
        "std_norm": 230.21969604492188,
        "mean_activation": 4.677052021026611,
        "std_activation": 35.24277877807617
      }
    }
  },
  "representation_shapes": {
    "z_T": [
      500,
      64
    ],
    "z_M": [
      500,
      64
    ],
    "z_Y": [
      500,
      64
    ],
    "T": [
      500
    ],
    "M": [
      500
    ],
    "Y_star": [
      500
    ],
    "a_M": [
      500
    ],
    "a_Y": [
      500
    ],
    "b_style": [
      500
    ],
    "subject_id": [
      500
    ],
    "scenario": [
      500
    ]
  },
  "n_samples": 500
}