{
  "scenario": "IM",
  "metrics": {
    "CIP": {
      "cip_score": 1.0,
      "p_value": 0.4933973729871668,
      "correlation": 0.030699961201700716,
      "n_samples": 500
    },
    "CSI": {
      "csi_score": 0.00025262044345357427,
      "r2_mediated": 0.4067641092046802,
      "r2_direct": 0.4066613522750319,
      "structure_preference": 0.00010275692964828442,
      "features_T": 64,
      "features_M": 64,
      "features_Y": 64,
      "n_samples": 500
    },
    "MBRI": {
      "mbri_score": 0.6233030294882305,
      "mi_m_y": 0.3611142928653562,
      "mi_t_y": 0.21824160554704616,
      "boundary_strength": 1.6546536826176999
    },
    "MAC": {
      "mac_score": 0.912258383592638,
      "correlation": 0.912258383592638,
      "p_value": 0.0,
      "n_pairs": 124750
    }
  },
  "summary": {
    "main_scores": {
      "CIP": 1.0,
      "CSI": 0.00025262044345357427,
      "MBRI": 0.6233030294882305,
      "MAC": 0.912258383592638
    },
    "overall_score": 0.6339535083810806,
    "representation_quality": {
      "z_T": {
        "mean_norm": 5.163309574127197,
        "std_norm": 2.9153759479522705,
        "mean_activation": -0.017404869198799133,
        "std_activation": 0.7409852743148804
      },
      "z_M": {
        "mean_norm": 2.1110219955444336,
        "std_norm": 0.4820217490196228,
        "mean_activation": -0.022017506882548332,
        "std_activation": 0.2697722911834717
      },
      "z_Y": {
        "mean_norm": 0.9747912883758545,
        "std_norm": 0.09001148492097855,
        "mean_activation": 0.010243283584713936,
        "std_activation": 0.12193780392408371
      }
    }
  },
  "representation_shapes": {
    "z_T": [
      500,
      64
    ],
    "z_M": [
      500,
      64
    ],
    "z_Y": [
      500,
      64
    ],
    "T": [
      500
    ],
    "M": [
      500
    ],
    "Y_star": [
      500
    ],
    "a_M": [
      500
    ],
    "a_Y": [
      500
    ],
    "b_style": [
      500
    ],
    "subject_id": [
      500
    ],
    "scenario": [
      500
    ]
  },
  "n_samples": 500
}