{
  "train_metrics": {
    "train_total_loss": [
      -1629.4218409985303,
      -921039.8678710938,
      -24699106.6025,
      -293606338.32,
      -2220121416.32,
      -9182543349.76,
      -24648403066.88,
      -51383954391.04,
      -88372561428.48,
      -124435808419.84
    ],
    "train_mbr": [
      -1381.0183009314537,
      -788815.2409960937,
      -22604135.465,
      -290610878.72,
      -2407121020.8,
      -11482706933.76,
      -36050712227.84,
      -85953458954.24,
      -167297726300.16,
      -277207687004.16
    ],
    "train_mac": [
      -0.7470038609206676,
      -0.8323673242330552,
      -0.8327647858858108,
      -0.8233118200302124,
      -0.8233943647146225,
      -0.8285017073154449,
      -0.8368317800760269,
      -0.8283310157060623,
      -0.8358289778232575,
      -0.8302405649423599
    ],
    "train_align": [
      2.210768213272095,
      1.9376139545440674,
      1.905030870437622,
      1.9207519841194154,
      1.927554303407669,
      1.9685513973236084,
      1.9253479516506196,
      1.9497628843784331,
      1.9226753067970277,
      1.9192251694202422
    ],
    "train_mbr_mi_zm_y": [
      1.8797560548782348,
      1.501430503129959,
      1.5046440482139587,
      1.501251405477524,
      1.5161106288433075,
      1.5093429756164551,
      1.515101627111435,
      1.5153030204772948,
      1.4995932793617248,
      1.5126815593242646
    ],
    "train_mbr_cmi_zt_y_zm": [
      -1382.8980601903795,
      -788816.7457910157,
      -22604136.7075,
      -290610878.72,
      -2407121020.8,
      -11482706933.76,
      -36050712227.84,
      -85953458954.24,
      -167297726300.16,
      -277207687004.16
    ]
  },
  "val_metrics": {
    "val_total_loss": [
      -12357.735914963941,
      -3271399.5,
      -64494457.23076923,
      -724898417.2307693,
      -5184484253.538462,
      -21327092499.692307,
      -60694276568.61539,
      -123057618313.84616,
      -221805437558.15384,
      -330240472615.38464
    ],
    "val_mbr": [
      -12358.559457632211,
      -3271400.2884615385,
      -64494457.23076923,
      -724898417.2307693,
      -5184484253.538462,
      -21327092499.692307,
      -60694276568.61539,
      -123057618313.84616,
      -221805437558.15384,
      -330240472615.38464
    ],
    "val_mac": [
      0.8359988994773634,
      0.8352100226331401,
      0.8366051820269604,
      0.8367406545519167,
      0.8363758294497557,
      0.8359128009021517,
      0.8361366911435482,
      0.8369529252359379,
      0.8362962877114204,
      0.83676683666149
    ],
    "val_align": [
      1.662498116493225,
      1.6485116756879366,
      1.6580718847421498,
      1.6515032419791589,
      1.6494349516355074,
      1.6480637788772583,
      1.649355879196754,
      1.6455499942486103,
      1.6690608446414654,
      1.6743593491040742
    ],
    "val_mbr_mi_zm_y": [
      1.4038766164046068,
      1.3998354581686168,
      1.4002687839361339,
      1.4036785547549908,
      1.4010066160788903,
      1.4022550582885742,
      1.401563273026393,
      1.4029392508360057,
      1.4033856667005098,
      1.4010960918206434
    ],
    "val_mbr_cmi_zt_y_zm": [
      -12359.963228665865,
      -3271401.653846154,
      -64494457.23076923,
      -724898417.2307693,
      -5184484253.538462,
      -21327092499.692307,
      -60694276568.61539,
      -123057618313.84616,
      -221805437558.15384,
      -330240472615.38464
    ],
    "val_cip": [
      1.0,
      1.0,
      1.0,
      1.0,
      0.0,
      0.0,
      1.0,
      0.0,
      0.0,
      0.0
    ],
    "val_csi": [
      0.25,
      0.25,
      0.25,
      0.25,
      0.25,
      0.25,
      0.25,
      0.25,
      0.25,
      0.25
    ],
    "val_csi_structure_preference_rf": [
      -0.08278426718380061,
      -0.11297400147219226,
      -0.11553856165039635,
      -0.11634008593856279,
      -0.13094328242651027,
      -0.08961122307393561,
      -0.10122256676418524,
      -0.091027111575548,
      -0.10427493717820822,
      -0.11142664945207381
    ],
    "val_csi_r2_mediated_rf": [
      -0.01642136141935089,
      -0.023829610406002177,
      -0.030242173495103105,
      -0.03547755125250684,
      -0.07563078037220104,
      -0.01517863705715595,
      -0.015095893462741044,
      -0.022022020181462872,
      -0.01408220064204557,
      -0.07016595465190467
    ],
    "val_csi_r2_direct_rf": [
      0.06636290576444971,
      0.08914439106619008,
      0.08529638815529324,
      0.08086253468605596,
      0.055312502054309216,
      0.07443258601677966,
      0.0861266733014442,
      0.06900509139408513,
      0.09019273653616265,
      0.04126069480016913
    ],
    "val_csi_r2_m_only_rf": [
      0.9011040088718066,
      0.909290110121202,
      0.9095901856524095,
      0.9077708429841631,
      0.9089220676897556,
      0.905884038919238,
      0.9093948573584013,
      0.8982728114472791,
      0.9108073523683157,
      0.9067611505927843
    ],
    "val_csi_r2_perm_rf": [
      0.0692522278411828,
      0.04529912638603603,
      0.08892636207963905,
      0.09777975242213312,
      0.06329771089552164,
      0.09399073677884656,
      0.061921807965949614,
      0.06549403231640931,
      0.051943901259272895,
      0.058692838888314856
    ],
    "val_csi_csi_score_linear": [
      0.5,
      0.25,
      1.0,
      0.5,
      0.75,
      0.75,
      0.5,
      1.0,
      0.5,
      0.5
    ],
    "val_csi_structure_preference_linear": [
      -0.005824307600657108,
      0.0724714808166027,
      -0.09692150354385376,
      -0.009207675854365105,
      -0.013619040449460385,
      0.010418951511383057,
      0.011563440163930405,
      0.008582393328348759,
      0.010667334000269535,
      -0.027902662754058838
    ],
    "val_csi_r2_mediated_linear": [
      -0.7017800509929657,
      -1.3834462352097034,
      -1.7820373550057411,
      -1.3634599149227142,
      -0.7406717911362648,
      -0.795468250910441,
      -1.4787104924519856,
      -0.5695922275384268,
      -0.9538623690605164,
      -0.7410885890324911
    ],
    "val_csi_r2_direct_linear": [
      -0.6959557433923086,
      -1.4559177160263062,
      -1.6851158514618874,
      -1.3542522390683491,
      -0.7270527506868044,
      -0.8058872024218241,
      -1.490273932615916,
      -0.5781746208667755,
      -0.9645297030607859,
      -0.7131859262784322
    ],
    "val_csi_r2_m_only_linear": [
      0.8593424359957377,
      0.8738287687301636,
      0.8748174905776978,
      0.8721585671106974,
      0.8725700378417969,
      0.8665322661399841,
      0.8751585880915324,
      0.8590318957964579,
      0.8769525686899821,
      0.8674281040827433
    ],
    "val_csi_r2_perm_linear": [
      -0.712767481803894,
      -1.3360038263102372,
      -1.832463482187854,
      -1.3541405068503485,
      -0.746045352684127,
      -0.8135843641228147,
      -1.477094699939092,
      -0.5887266099452972,
      -0.9543577035268148,
      -0.7438956465986041
    ],
    "val_mbri": [
      0.6887271408930645,
      0.6780367360816633,
      0.6805057001421815,
      0.6826952379942917,
      0.6277302132820018,
      0.6443358057559002,
      0.677303265646712,
      0.639359834104052,
      0.6342686102540059,
      0.6278697250730488
    ],
    "val_ric_score": [
      0.43987886288052636,
      0.4374212600328833,
      0.43622718253987514,
      0.4373742943408398,
      0.43949893068298534,
      0.4392121355890983,
      0.4361364732566077,
      0.44323057985339126,
      0.43686256364806303,
      0.438485944145328
    ],
    "val_ric_treatment": [
      0.6193024309193649,
      0.6141507362141797,
      0.6126945836788561,
      0.6146915990227243,
      0.6205701331405145,
      0.6156146198376812,
      0.6124275386756893,
      0.6263546381157524,
      0.6170956552306435,
      0.6205522448524555
    ],