{
  "train_metrics": {
    "train_total_loss": [
      0.8435107772052288,
      0.1365538211353123,
      0.0604167899210006,
      0.037834109379909935,
      0.028412577970884742,
      0.021127211740240456,
      0.014004946218337864,
      0.011987131824716925,
      0.007284963415004313,
      0.005248632289003581
    ],
    "train_contrastive_loss": [
      0.8435107772052288,
      0.1365538211353123,
      0.0604167899210006,
      0.037834109379909935,
      0.028412577970884742,
      0.021127211740240456,
      0.014004946218337864,
      0.011987131824716925,
      0.007284963415004313,
      0.005248632289003581
    ],
    "train_z_I_M_vs_z_M_loss": [
      0.15745218761265278,
      0.024857073849998416,
      0.013757504342938773,
      0.009758555495645851,
      0.007288921957369894,
      0.004603349296667147,
      0.0028144742190488615,
      0.0025457289299447437,
      0.0013218554526247318,
      0.0009559097640158143
    ],
    "train_z_I_M_vs_z_Y_loss": [
      1.529569374024868,
      0.24825056824833155,
      0.10707607500255108,
      0.06590966377407312,
      0.04953623413108289,
      0.03765107430517674,
      0.02519541821908206,
      0.02142853485303931,
      0.013248071385314688,
      0.009541354828397743
    ]
  },
  "val_metrics": {
    "val_contrastive_loss": [
      0.3647817957859773,
      0.1527430462436034,
      0.09599591290148404,
      0.08183408270661648,
      0.07555637487138693,
      0.06323911192325446,
      0.06491221559162323,
      0.06412868696050002,
      0.030165600447127454,
      0.029186290115691148
    ],
    "val_total_loss": [
      0.3647817957859773,
      0.1527430462436034,
      0.09599591290148404,
      0.08183408270661648,
      0.07555637487138693,
      0.06323911192325446,
      0.06491221559162323,
      0.06412868696050002,
      0.030165600447127454,
      0.029186290115691148
    ],
    "val_z_I_M_vs_z_M_loss": [
      0.2620380543745481,
      0.12333275463718635,
      0.07854096333567913,
      0.06748447581552543,
      0.0643517142161727,
      0.05629249239483705,
      0.05304996941525202,
      0.05559083715511056,
      0.025815040535795,
      0.02565681103330392
    ],
    "val_z_I_M_vs_z_Y_loss": [
      0.46752553948989284,
      0.18215333699033812,
      0.11345086103448501,
      0.09618369160363308,
      0.08676103244607265,
      0.0701857294099262,
      0.07677446037101057,
      0.07266653715991057,
      0.0345161605017403,
      0.032715769663739666
    ],
    "val_cip": [
      0.0,
      0.0,
      1.0,
      0.0,
      1.0,
      1.0,
      1.0,
      1.0,
      0.0,
      0.0
    ],
    "val_csi": [
      0.25,
      0.25,
      0.25,
      0.25,
      0.25,
      0.25,
      0.25,
      0.25,
      0.25,
      0.25
    ],
    "val_csi_structure_preference_rf": [
      -0.15680666502684562,
      -0.11845424328103893,
      -0.09985734789909473,
      -0.10482149682033642,
      -0.09853474574052468,
      -0.05214509349134766,
      -0.08019550308407442,
      -0.08947266277090554,
      -0.04586582497888614,
      -0.044976437719521145
    ],
    "val_csi_r2_mediated_rf": [
      -0.35507152502807654,
      -0.33888298948842754,
      -0.37470596395535855,
      -0.37171811503983965,
      -0.3837862085132178,
      -0.3392675572724461,
      -0.34235798202947526,
      -0.38666427271670806,
      -0.32428878945394307,
      -0.30925474192949637
    ],
    "val_csi_r2_direct_rf": [
      -0.19826486000123092,
      -0.22042874620738862,
      -0.2748486160562638,
      -0.2668966182195032,
      -0.28525146277269314,
      -0.28712246378109846,
      -0.26216247894540085,
      -0.2971916099458025,
      -0.27842296447505693,
      -0.2642783042099752
    ],
    "val_csi_r2_m_only_rf": [
      0.8436571161118059,
      0.8316105125704185,
      0.7706011974813957,
      0.7726415523183553,
      0.7600967024790185,
      0.738867833812932,
      0.7173740257394611,
      0.7177441417526103,
      0.6921417606992774,
      0.6607632680360305
    ],
    "val_csi_r2_perm_rf": [
      -0.07378409005852986,
      -0.08574671153282522,
      -0.11821333595940071,
      -0.12165217102827053,
      -0.12865683372203376,
      -0.12211136903546622,
      -0.12229692230085094,
      -0.1435002063899458,
      -0.13487808579083135,
      -0.12118776767777856
    ],
    "val_csi_csi_score_linear": [
      0.75,
      0.5,
      1.0,
      1.0,
      0.5,
      1.0,
      0.5,
      0.25,
      1.0,
      0.5
    ],
    "val_csi_structure_preference_linear": [
      -0.39949767788251234,
      -0.4293288091818491,
      -0.37441502014795924,
      -0.18995249271392822,
      -0.3144794901212056,
      -0.4221818645795187,
      -0.33586118618647254,
      -0.7452553311983745,
      -0.13613009452819824,
      -0.5323048233985903
    ],
    "val_csi_r2_mediated_linear": [
      -1.811581552028656,
      -1.3216879566510518,
      -1.8178828557332356,
      -0.8387654821077982,
      -1.4920806487401326,
      -1.1861862540245056,
      -1.32892245054245,
      -2.2506781419118247,
      -1.620532711346944,
      -2.208733340104421
    ],
    "val_csi_r2_direct_linear": [
      -1.4120838741461437,
      -0.8923591474692026,
      -1.4434678355852764,
      -0.64881298939387,
      -1.177601158618927,
      -0.7640043894449869,
      -0.9930612643559774,
      -1.5054228107134502,
      -1.4844026168187459,
      -1.6764285167058308
    ],
    "val_csi_r2_m_only_linear": [
      0.8393356204032898,
      0.9229735533396403,
      0.9265644351641337,
      0.939894417921702,
      0.9363434116045634,
      0.928972582022349,
      0.9268121918042501,
      0.9363710880279541,
      0.9299125075340271,
      0.9237377444903055
    ],
    "val_csi_r2_perm_linear": [
      -1.892615560028288,
      -1.2659325930807326,
      -1.9167167676819696,
      -0.9330808288521237,
      -1.4763700101110668,
      -1.4453802307446797,
      -1.3355232344733343,
      -1.886756181716919,
      -1.9806405107180278,
      -2.1429779330889382
    ],
    "val_mbri": [
      0.47111924304210423,
      0.4489737650895944,
      0.3994264167355918,
      0.40994073826990535,
      0.3994345447753971,
      0.4708510500709117,
      0.38654379232107194,
      0.40555805309127463,
      0.44001425177226416,
      0.31875601210705684
    ],
    "val_mac": [
      0.506911012542779,
      0.43835879864520455,
      0.3061971235093928,
      0.2985128294922743,
      0.29176478073019835,
      0.3380833534704552,
      0.33283235652865445,
      0.2631097624862071,
      0.26636203782095763,
      0.27171894671159735
    ],
    "val_ric_score": [
      0.3714570578143037,
      0.3588804246549602,
      0.34369061837983433,
      0.34232015907416463,
      0.3419700040766021,
      0.3500314444971478,
      0.34364303825228476,
      0.34397537871078904,
      0.3429139348387334,
      0.3420543021069889
    ],
    "val_ric_treatment": [
      0.6237314737483912,
      0.6234296686701989,
      0.6258073715848053,
      0.632049015623943,
      0.6257662494356471,
      0.6342915031755172,
      0.628080202040269,
      0.6304623129644933,
      0.6358799332070207,
      0.6310609653783877
    ],
    "val_ric_mediator": [
      0.26676338437685165,
      0.24568242323774672,
      0.21790440905888242,
      0.21188825243908635,
      0.21677738788367118,
      0.22650912302235296,
      0.21818101990971184,
      0.21266522777029576,
      0.212175955099433,
      0.2133719322930254
    ],
    "val_ric_outcome": [
      0.2238763153176682,
      0.20752918205693488,
      0.18736007449581538,
      0.18302320915946457,
      0.18336637491048818,
      0.1892937072935734,
      0.1846678928068733,
      0.1887985953975781,
      0.18068591620974647,
      0.1817300086495535
    ],
    "val_ric_components": [
      3,
      3,
      3,
      3,
      3,
      3,
      3,
      3,
      3,
      3
    ],