{
  "scenario": "IM",
  "metrics": {
    "CIP": {
      "cip_score": 0.0,
      "p_value": 0.03512001221919574,
      "correlation": 0.09425274282693863,
      "n_samples": 500
    },
    "CSI": {
      "csi_score": 1.0,
      "csi_score_rf": 1.0,
      "r2_mediated_rf": -0.14542329057814277,
      "r2_direct_rf": 0.047946360329698644,
      "r2_m_only_rf": 0.9996825070262965,
      "structure_preference_rf": -0.19336965090784142,
      "r2_perm_rf": -0.22726721552073506,
      "csi_score_linear": 0.25,
      "r2_mediated_linear": 0.08074270933866501,
      "r2_direct_linear": 0.09052042663097382,
      "r2_m_only_linear": 0.9996414581934611,
      "structure_preference_linear": -0.009777717292308807,
      "r2_perm_linear": 0.16389917706449827,
      "features_T": 64,
      "features_M": 64,
      "features_Y": 64,
      "n_samples": 500,
      "cv_splits": 3,
      "perm_samples": 3
    },
    "MBRI": {
      "mbri_score": 0.6080899160419818,
      "mi_m_y": 0.3283282135477057,
      "mi_t_y": 0.21160543574527008,
      "boundary_strength": 1.5516056895007613
    },
    "MAC": {
      "mac_score": 0.5028331839081164,
      "correlation": 0.5028331839081164,
      "p_value": 0.0,
      "n_pairs": 124750
    },
    "RIC": {
      "treatment": 0.592277170469442,
      "mi_treatment": 1.4162903751108267,
      "h_treatment": 2.391262807015668,
      "mediator": 0.29386373706268826,
      "mi_mediator": 0.6864685070396345,
      "h_mediator": 2.3360095769644307,
      "outcome": 0.2628254681964963,
      "mi_outcome": 0.6284730095592808,
      "h_outcome": 2.391218062859725,
      "ric_score": 0.3829887919095422,
      "ric_components": 3
    },
    "PSR": {
      "psr_score": -0.342441194105144,
      "interaction_information": -0.12357975489346273,
      "mi_t_y": 0.3608787640645783,
      "h_t": 2.391262807015668,
      "h_m": 2.3360095769644307,
      "h_y": 2.391218062859725
    },
    "MNI": {
      "mni_score": 1.0,
      "mi_total": 0.09479469809335415,
      "mi_conditional": 0.0,
      "mi_joint": 0.7021472842350744,
      "mi_mediator": 1.3094998251709513
    }
  },
  "summary": {
    "main_scores": {
      "CIP": 0.0,
      "CSI": 1.0,
      "MBRI": 0.6080899160419818,
      "MAC": 0.5028331839081164,
      "RIC": 0.3829887919095422,
      "PSR": -0.342441194105144,
      "MNI": 1.0
    },
    "overall_score": 0.4502100996792138,
    "representation_quality": {
      "z_T": {
        "mean_norm": 5.298830986022949,
        "std_norm": 3.3276560306549072,
        "mean_activation": -0.011076964437961578,
        "std_activation": 0.782055139541626
      },
      "z_M": {
        "mean_norm": 68.59940338134766,
        "std_norm": 135.36280822753906,
        "mean_activation": -1.096015453338623,
        "std_activation": 18.93743324279785
      },
      "z_Y": {
        "mean_norm": 13.485413551330566,
        "std_norm": 26.25412368774414,
        "mean_activation": 0.6089605093002319,
        "std_activation": 3.6387712955474854
      }
    }
  },
  "representation_shapes": {
    "z_T": [
      500,
      64
    ],
    "z_M": [
      500,
      64
    ],
    "z_Y": [
      500,
      64
    ],
    "T": [
      500
    ],
    "M": [
      500
    ],
    "Y_star": [
      500
    ],
    "a_M": [
      500
    ],
    "a_Y": [
      500
    ],
    "b_style": [
      500
    ],
    "subject_id": [
      500
    ],
    "scenario": [
      500
    ]
  },
  "n_samples": 500
}