{
  "train_metrics": {
    "train_total_loss": [
      -46495.319728366136,
      -7975366.2903125,
      -182536255.1
    ],
    "train_mbr": [
      -31796.368554822206,
      -5664174.08,
      -134207103.12
    ],
    "train_mac": [
      -0.591017809510231,
      -0.5856370773911476,
      -0.5802086271345616
    ],
    "train_align": [
      2.5588532185554502,
      2.493314893245697,
      2.5209514331817626
    ],
    "train_ci": [
      -60.62365127488971,
      -697.926852722168,
      -1183.8209651184081
    ],
    "train_mbr_mi_zm_y": [
      2.017040102481842,
      1.8419483244419097,
      1.8546921002864838
    ],
    "train_mbr_cmi_zt_y_zm": [
      -31798.385609571524,
      -5664175.976875,
      -134207103.4
    ]
  },
  "val_metrics": {
    "val_total_loss": [
      -239314.7704326923,
      -23057485.769230768,
      -494061270.15384614
    ],
    "val_mbr": [
      -199018.64663461538,
      -19212576.230769232,
      -411714781.53846157
    ],
    "val_mac": [
      0.6027726186522635,
      0.5961769919780308,
      0.5950129697950497
    ],
    "val_align": [
      2.090889123769907,
      2.111152795644907,
      2.1167822984548716
    ],
    "val_ci": [
      -246.5845683171199,
      -1197.7181103046123,
      -1751.2196749173677
    ],
    "val_mbr_mi_zm_y": [
      1.7268813023200402,
      1.7261012975986187,
      1.7293411493301392
    ],
    "val_mbr_cmi_zt_y_zm": [
      -199020.37379807694,
      -19212578.230769232,
      -411714781.53846157
    ],
    "val_cip": [
      0.0,
      0.0,
      0.0
    ],
    "val_csi": [
      0.25,
      0.25,
      0.75
    ],
    "val_csi_structure_preference_rf": [
      -0.08361659115069553,
      -0.07352670352896945,
      -0.05880877742210719
    ],
    "val_csi_r2_mediated_rf": [
      0.08892975849814544,
      0.08036582285768151,
      0.11495384296634459
    ],
    "val_csi_r2_direct_rf": [
      0.17254634964884097,
      0.15389252638665096,
      0.17376262038845178
    ],
    "val_csi_r2_m_only_rf": [
      0.9439463003197139,
      0.9347429735817828,
      0.9449594919924054
    ],
    "val_csi_r2_perm_rf": [
      0.10713703624526068,
      0.10239924770126142,
      0.1130932449843861
    ],
    "val_csi_csi_score_linear": [
      0.5,
      0.5,
      0.25
    ],
    "val_csi_structure_preference_linear": [
      0.0037309229373931885,
      -0.005019724369049072,
      -0.05521911382675171
    ],
    "val_csi_r2_mediated_linear": [
      -0.38699307044347125,
      -0.4587942560513814,
      -0.9624180048704147
    ],
    "val_csi_r2_direct_linear": [
      -0.39072399338086444,
      -0.45377453168233234,
      -0.907198891043663
    ],
    "val_csi_r2_m_only_linear": [
      0.9205355445543925,
      0.9058767159779867,
      0.9186974962552389
    ],
    "val_csi_r2_perm_linear": [
      -0.3819050656424628,
      -0.45118003090222675,
      -0.8562199837631649
    ],
    "val_mbri": [
      0.5132677147176623,
      0.5144094101303099,
      0.5191843192312923
    ],
    "val_ric_score": [
      0.4074057391835775,
      0.4094699728421341,
      0.40796698109040247
    ],
    "val_ric_treatment": [
      0.6107845389625886,
      0.6130464270287348,
      0.6117349621433732
    ],
    "val_ric_mediator": [
      0.31374525383002433,
      0.3121051112772403,
      0.31356263218442143
    ],
    "val_ric_outcome": [
      0.29768742475811955,
      0.3032583802204272,
      0.2986033489434128
    ],
    "val_ric_components": [
      3,
      3,
      3
    ],
    "val_psr": [
      -0.3556465423751463,
      -0.3556465423751463,
      -0.3556465423751463
    ],
    "val_psr_interaction": [
      -0.1705506703801447,
      -0.1705506703801447,
      -0.1705506703801447
    ],
    "val_mni": [
      1.0,
      1.0,
      1.0
    ],
    "val_mni_conditional": [
      0.0,
      0.0,
      0.0
    ],
    "val_y_gate_mean": [
      0.5177531242370605,
      0.5181039571762085,
      0.5184572339057922
    ],
    "val_y_gate_std": [
      0.10623481124639511,
      0.10782482475042343,
      0.11028683930635452
    ],
    "val_struct_score": [
      0.3453999328826224,
      0.3449156903679041,
      0.41664538967737114
    ]
  },
  "best_metric": -494061270.15384614,
  "total_steps": 300,
  "total_epochs": 3
}