{
  "scenario": "IM",
  "metrics": {
    "CIP": {
      "cip_score": 1.0,
      "p_value": 0.06451650215999993,
      "correlation": 0.13097263872623444,
      "n_samples": 200
    },
    "CSI": {
      "csi_score": 1.0,
      "csi_score_rf": 1.0,
      "r2_mediated_rf": -0.17949986116282793,
      "r2_direct_rf": 0.0322250156756012,
      "r2_m_only_rf": 0.998660867554733,
      "structure_preference_rf": -0.21172487683842914,
      "r2_perm_rf": -0.3642583171181313,
      "csi_score_linear": 0.25,
      "r2_mediated_linear": -1.3493608434995015,
      "r2_direct_linear": -1.3301480213801067,
      "r2_m_only_linear": 0.9998854398727417,
      "structure_preference_linear": -0.01921282211939479,
      "r2_perm_linear": -0.12464311056666899,
      "features_T": 64,
      "features_M": 64,
      "features_Y": 64,
      "n_samples": 200,
      "cv_splits": 3,
      "perm_samples": 3
    },
    "MBRI": {
      "mbri_score": 0.6257841299824677,
      "mi_m_y": 0.4286020575590668,
      "mi_t_y": 0.25630193850940725,
      "boundary_strength": 1.6722543860931103
    },
    "MAC": {
      "mac_score": 0.531865578677269,
      "correlation": 0.531865578677269,
      "p_value": 0.0,
      "n_pairs": 19900
    },
    "RIC": {
      "treatment": 0.5959538099439343,
      "mi_treatment": 1.395261375604162,
      "h_treatment": 2.341224011598963,
      "mediator": 0.2968849807760215,
      "mi_mediator": 0.6608820949254424,
      "h_mediator": 2.226054313118591,
      "outcome": 0.294833448889315,
      "mi_outcome": 0.6717093236249649,
      "h_outcome": 2.2782670121286017,
      "ric_score": 0.3958907465364236,
      "ric_components": 3
    },
    "PSR": {
      "psr_score": -0.20955338454765352,
      "interaction_information": -0.10388770399229141,
      "mi_t_y": 0.49575770019914334,
      "h_t": 2.341224011598963,
      "h_m": 2.226054313118591,
      "h_y": 2.2782670121286017
    },
    "MNI": {
      "mni_score": 1.0,
      "mi_total": 0.09280400909631707,
      "mi_conditional": 0.0,
      "mi_joint": 0.6132774175017766,
      "mi_mediator": 1.1337507573154995
    }
  },
  "summary": {
    "main_scores": {
      "CIP": 1.0,
      "CSI": 1.0,
      "MBRI": 0.6257841299824677,
      "MAC": 0.531865578677269,
      "RIC": 0.3958907465364236,
      "PSR": -0.20955338454765352,
      "MNI": 1.0
    },
    "overall_score": 0.6205695815212152,
    "representation_quality": {
      "z_T": {
        "mean_norm": 5.149588108062744,
        "std_norm": 3.0499486923217773,
        "mean_activation": -0.0047144414857029915,
        "std_activation": 0.7481124401092529
      },
      "z_M": {
        "mean_norm": 175.79248046875,
        "std_norm": 365.4388122558594,
        "mean_activation": -3.223323106765747,
        "std_activation": 50.58772659301758
      },
      "z_Y": {
        "mean_norm": 34.9139518737793,
        "std_norm": 72.5265121459961,
        "mean_activation": 1.4548927545547485,
        "std_activation": 9.95584774017334
      }
    }
  },
  "representation_shapes": {
    "z_T": [
      200,
      64
    ],
    "z_M": [
      200,
      64
    ],
    "z_Y": [
      200,
      64
    ],
    "T": [
      200
    ],
    "M": [
      200
    ],
    "Y_star": [
      200
    ],
    "a_M": [
      200
    ],
    "a_Y": [
      200
    ],
    "b_style": [
      200
    ],
    "subject_id": [
      200
    ],
    "scenario": [
      200
    ]
  },
  "n_samples": 200
}