{
  "train_metrics": {
    "train_total_loss": [
      0.6501858878135681,
      -7716.856661849022,
      -7167297.0840625
    ],
    "train_mac": [
      -0.6851912331581116,
      -0.7745854163169861,
      -0.6465460956096649
    ],
    "train_align": [
      2.525946865081787,
      2.2388479232788088,
      2.415402956008911
    ],
    "train_ci": [
      -0.4472373780608177,
      -4690.584925100803,
      -2140581.45796875
    ]
  },
  "val_metrics": {
    "val_total_loss": [
      2.816235899925232,
      -28421.6982421875,
      -2070426.0625
    ],
    "val_mac": [
      0.774837204049646,
      0.711890746510676,
      0.6491805531347938
    ],
    "val_align": [
      3.8008414208889008,
      1.615394577383995,
      1.6432183235883713
    ],
    "val_ci": [
      -0.36149969696998596,
      -28422.712646484375,
      -2070427.125
    ],
    "val_cip": [
      1.0,
      0.0,
      0.0
    ],
    "val_csi": [
      0.75,
      1.0,
      0.25
    ],
    "val_csi_structure_preference_rf": [
      0.12963087406545715,
      0.015436921991800606,
      -0.10785308811476749
    ],
    "val_csi_r2_mediated_rf": [
      -0.11410855048635966,
      -0.06817227588078949,
      -0.3297870463241909
    ],
    "val_csi_r2_direct_rf": [
      -0.24373942455181682,
      -0.0836091978725901,
      -0.22193395820942344
    ],
    "val_csi_r2_m_only_rf": [
      0.4905787369999392,
      0.7340950454430898,
      0.7753271349907594
    ],
    "val_csi_r2_perm_rf": [
      -0.11915239181928723,
      -0.16715827461933852,
      -0.2033882521864888
    ],
    "val_csi_csi_score_linear": [
      0.25,
      0.25,
      1.0
    ],
    "val_csi_structure_preference_linear": [
      -867.6742477416992,
      -4.123817761739247,
      3.3415015538533908
    ],
    "val_csi_r2_mediated_linear": [
      -1705.3191452026367,
      -1960.3841239611309,
      -318.09866364796954
    ],
    "val_csi_r2_direct_linear": [
      -837.6448974609375,
      -1956.2603061993916,
      -321.44016520182294
    ],
    "val_csi_r2_m_only_linear": [
      0.10121695697307587,
      0.5772414008776346,
      0.8049400846163431
    ],
    "val_csi_r2_perm_linear": [
      -1019.1433654361302,
      -1954.808099137412,
      -321.22425015767413
    ],
    "val_mbri": [
      0.4801267206987591,
      0.4706864428272254,
      0.5283919578300583
    ],
    "val_ric_score": [
      0.44915650229484605,
      0.446588619333121,
      0.4483441060921096
    ],
    "val_ric_treatment": [
      0.5383787752673004,
      0.5318905289445439,
      0.5347819899367823
    ],
    "val_ric_mediator": [
      0.39828754858630927,
      0.4218349311080693,
      0.4099240273176939
    ],
    "val_ric_outcome": [
      0.41080318303092844,
      0.3860403979467498,
      0.4003263010218527
    ],
    "val_ric_components": [
      3,
      3,
      3
    ],
    "val_psr": [
      0.27856787101350905,
      0.27856787101350905,
      0.27856787101350905
    ],
    "val_psr_interaction": [
      0.12562933425213707,
      0.12562933425213707,
      0.12562933425213707
    ],
    "val_mni": [
      1.0,
      1.0,
      1.0
    ],
    "val_mni_conditional": [
      0.0,
      0.0,
      0.0
    ],
    "val_y_gate_mean": [
      0.49251678586006165,
      0.4856586754322052,
      0.4857192933559418
    ],
    "val_y_gate_std": [
      0.09302832931280136,
      0.11615140736103058,
      0.1255813091993332
    ],
    "val_struct_score": [
      0.6760983282938229,
      0.5582476685263617,
      0.4506406411529244
    ]
  },
  "best_metric": -2070426.0625,
  "total_steps": 75,
  "total_epochs": 3
}