{
  "train_metrics": {
    "train_total_loss": [
      1.1118807154893875,
      0.6704218912124634,
      0.45945706352591514,
      0.27786328017711637,
      0.21466737743467093,
      0.1871506679430604,
      0.1974152520298958,
      0.14722275508567692,
      0.16370736150071025,
      0.14175486277788876
    ],
    "train_Y_star_mse": [
      1.1118807154893875,
      0.6704218912124634,
      0.45945706352591514,
      0.27786328017711637,
      0.21466737743467093,
      0.1871506679430604,
      0.1974152520298958,
      0.14722275508567692,
      0.16370736150071025,
      0.14175486277788876
    ],
    "train_Y_star_mae": [
      0.8111617085337639,
      0.6308491730690002,
      0.5158884370326996,
      0.3876537896692753,
      0.3469064502418041,
      0.31750143483281135,
      0.32172215819358824,
      0.2856775379180908,
      0.29273627445101735,
      0.281614914983511
    ]
  },
  "val_metrics": {
    "val_Y_star_mse": [
      0.36564936202306014,
      0.2094418194431525,
      0.0772711570159747,
      0.03972138278186321,
      0.018169788285516776,
      0.07005977501662877,
      0.04212179414641399,
      0.04512183310893866,
      0.06257568299770355,
      0.04248993628873275
    ],
    "val_Y_star_mae": [
      0.47233768839102525,
      0.3481990030178657,
      0.21622251203426948,
      0.14629922749904486,
      0.10767023265361786,
      0.1892070798919751,
      0.12758570680251488,
      0.15214469455755675,
      0.1807338297367096,
      0.14669812470674515
    ],
    "val_total_loss": [
      0.36564936202306014,
      0.2094418194431525,
      0.0772711570159747,
      0.03972138278186321,
      0.018169788285516776,
      0.07005977501662877,
      0.04212179414641399,
      0.04512183310893866,
      0.06257568299770355,
      0.04248993628873275
    ],
    "val_cip": [
      0.0,
      1.0,
      1.0,
      1.0,
      0.0,
      1.0,
      1.0,
      0.0,
      0.0,
      0.0
    ],
    "val_csi": [
      0.25,
      0.25,
      0.75,
      0.5,
      1.0,
      0.75,
      0.5,
      0.75,
      0.75,
      0.25
    ],
    "val_csi_structure_preference_rf": [
      0.04098379845389156,
      0.060812169460784146,
      0.09727121237519709,
      0.0486820155921762,
      0.07908882471296769,
      0.08770774559269381,
      0.03924515722842371,
      0.07490780928494468,
      0.05475261286980915,
      0.02666873909652006
    ],
    "val_csi_r2_mediated_rf": [
      0.03457411536295457,
      -0.004257236769758682,
      0.07553093908853731,
      0.04746191773209607,
      0.08991180331080711,
      0.09132691647053633,
      0.06732100066570613,
      0.1123938694736617,
      0.12483051204828965,
      0.06560048151951443
    ],
    "val_csi_r2_direct_rf": [
      -0.006409683090936987,
      -0.06506940623054283,
      -0.02174027328665978,
      -0.001220097860080126,
      0.01082297859783943,
      0.0036191708778425106,
      0.02807584343728242,
      0.037486060188717016,
      0.07007789917848051,
      0.038931742422994374
    ],
    "val_csi_r2_m_only_rf": [
      0.6013637431780231,
      0.5465379163426948,
      0.5386409966041188,
      0.5046361326671184,
      0.4834231882400169,
      0.501441707792921,
      0.5077806283860439,
      0.5303636886930402,
      0.526444879899259,
      0.4901164143689108
    ],
    "val_csi_r2_perm_rf": [
      0.09602591023562174,
      0.07804481449040813,
      0.07467819817444889,
      0.09018469443000138,
      0.04246348779095552,
      0.07517077611074434,
      0.116394705050755,
      0.1171683344175407,
      0.12797330247181926,
      0.10165305085564331
    ],
    "val_csi_csi_score_linear": [
      1.0,
      0.75,
      1.0,
      1.0,
      0.75,
      1.0,
      1.0,
      1.0,
      0.75,
      0.75
    ],
    "val_csi_structure_preference_linear": [
      -0.020340919494628906,
      -0.07728864997625351,
      0.10824891924858093,
      -0.10023776690165209,
      -0.07271869480609894,
      -0.001755356788635254,
      -0.07313269376754761,
      0.05016296108563739,
      -0.15820049246152235,
      0.05614273250102997
    ],
    "val_csi_r2_mediated_linear": [
      -0.8963715632756551,
      -0.3303866634766261,
      -0.8712250391642252,
      -1.3378611008326213,
      -0.3521934946378072,
      -0.24241194128990173,
      -0.6158689260482788,
      -0.44838667909304303,
      -1.2002797921498616,
      -0.7022497902313868
    ],
    "val_csi_r2_direct_linear": [
      -0.8760306437810262,
      -0.2530980135003726,
      -0.9794739584128062,
      -1.2376233339309692,
      -0.27947479983170825,
      -0.24065658450126648,
      -0.5427362322807312,
      -0.4985496401786804,
      -1.0420792996883392,
      -0.7583925227324168
    ],
    "val_csi_r2_m_only_linear": [
      0.26884231468041736,
      0.19977673391501108,
      0.28805993994077045,
      0.17991919443011284,
      0.31355119744936627,
      0.18387541423241296,
      0.3239592909812927,
      0.25899483760197956,
      0.383875052134196,
      0.20570217942198118
    ],
    "val_csi_r2_perm_linear": [
      -0.9620442920260959,
      -0.44460529668463594,
      -0.9881631367736392,
      -1.6166083481576707,
      -0.4212962057855394,
      -0.39910288486215806,
      -0.7611060738563538,
      -0.4681982861624823,
      -1.1809198525216844,
      -0.8211042516761355
    ],
    "val_mbri": [
      0.5123773604166417,
      0.5803126239730191,
      0.527139931143165,
      0.5595775803523598,
      0.5890547190392417,
      0.634398046088706,
      0.5788947669711171,
      0.6330035379309108,
      0.6737749166230227,
      0.6620166371938802
    ],
    "val_mac": [
      0.6244883529940823,
      0.6664830354204052,
      0.6821342967823459,
      0.689310410132472,
      0.6421933022864573,
      0.6222423508058321,
      0.6610076760974624,
      0.692934893135372,
      0.6792501159532706,
      0.6808723029936594
    ],
    "val_ric_score": [
      0.4324547932694344,
      0.44766703983416223,
      0.48144081394185584,
      0.5065963077700719,
      0.5077416472718995,
      0.516915777510155,
      0.5290940496945594,
      0.5281871671257256,
      0.5267682593141583,
      0.5294253721863926
    ],
    "val_ric_treatment": [
      0.617766289911437,
      0.627401622503152,
      0.6295712024477774,
      0.624340065445647,
      0.6295835661759925,
      0.6322736588911223,
      0.6363640638973092,
      0.6301125708757805,
      0.6296009849287963,
      0.6349621288967353
    ],
    "val_ric_mediator": [
      0.29250352824724096,
      0.30702720062686434,
      0.29636925465781555,
      0.32420173732139557,
      0.29881905177403484,
      0.30769933278613487,
      0.297259283204346,
      0.30340823533375516,
      0.31506493293526894,
      0.3209265183314779
    ],
    "val_ric_outcome": [
      0.38709456164962525,
      0.4085722963724704,
      0.5183819847199747,
      0.5712471205431732,
      0.5948223238656714,
      0.6107743408532078,
      0.6536588019820233,
      0.6510406951676408,
      0.6356388600784095,
      0.6323874693309648
    ],
    "val_ric_components": [
      3,
      3,
      3,
      3,
      3,
      3,
      3,
      3,
      3,
      3
    ],
    "val_psr": [
      -0.3556465423751463,
      -0.3556465423751463,
      -0.3556465423751463,
      -0.3556465423751463,
      -0.3556465423751463,
      -0.3556465423751463,
      -0.3556465423751463,
      -0.3556465423751463,
      -0.3556465423751463,
      -0.3556465423751463
    ],
    "val_psr_interaction": [
      -0.1705506703801447,
      -0.1705506703801447,
      -0.1705506703801447,
      -0.1705506703801447,
      -0.1705506703801447,
      -0.1705506703801447,
      -0.1705506703801447,
      -0.1705506703801447,
      -0.1705506703801447,
      -0.1705506703801447
    ],
    "val_mni": [
      1.0,
      1.0,
      1.0,
      1.0,
      1.0,
      1.0,
      1.0,
      1.0,
      1.0,
      1.0
    ],