{
  "train_metrics": {
    "train_total_loss": [
      -530187.4616592372,
      -1804595478.585,
      -218978769182.72,
      -8444615753728.0,
      -154784237218693.12,
      -1380307282931220.5,
      -6847777723666924.0,
      -2.4522917646906164e+16,
      -6.416283941648466e+16,
      -1.3725875803319698e+17
    ],
    "train_mbr": [
      -1672.8160061997175,
      -43027.73834472656,
      -132949.94484375,
      -310305.156875,
      -608153.054375,
      -1052958.2,
      -1614744.57625,
      -2356994.53375,
      -3105717.5625,
      -3902176.1525
    ],
    "train_mac": [
      -0.5994536784291268,
      -0.6238328230381012,
      -0.597719591408968,
      -0.5724861299991608,
      -0.5738482922315598,
      -0.5749428126215935,
      -0.5652608965337277,
      -0.5802432249486447,
      -0.5722773456573487,
      -0.5664738768339157
    ],
    "train_align": [
      2.564776396751404,
      2.795175755023956,
      2.981100182533264,
      3.061101429462433,
      3.1320511054992677,
      3.1652489423751833,
      3.173206534385681,
      3.241781222820282,
      3.2521815633773805,
      3.301033673286438
    ],
    "train_ci": [
      -60308.71227752194,
      -205251912.87625,
      -24906315473.28,
      -960477890478.08,
      -15872339992903.68,
      -138030728284733.44,
      -684777772668682.2,
      -2452291774085857.5,
      -6416283944332820.0,
      -1.3725875790434796e+16
    ],
    "train_mbr_mi_zm_y": [
      2.01060995221138,
      2.178411418199539,
      2.553836603164673,
      2.8079406142234804,
      3.0384252715110778,
      3.1707638669013978,
      3.1819708585739135,
      3.2320476579666138,
      3.3022715616226197,
      3.2743946385383604
    ],
    "train_mbr_cmi_zt_y_zm": [
      -1674.8266104098036,
      -43029.916884765626,
      -132952.498359375,
      -310307.96546875,
      -608156.0925,
      -1052961.370625,
      -1614747.75875,
      -2356997.765,
      -3105720.8675,
      -3902179.4275
    ],
    "train_style": [
      1.8267330437898637,
      2.672513563632965,
      4.510391170978546,
      7.078173832893372,
      9.200219606161118,
      9.699685566425323
    ],
    "train_ib": [
      0.033734291549772026,
      0.07067758619785308,
      0.12320399798452854,
      0.19725370183587074,
      0.27826831459999085,
      0.36855062931776045
    ],
    "train_decor": [
      0.0006092358547903131,
      0.0006066017631383147,
      0.0006150257878471166,
      0.0006150637942482718,
      0.0006120108898903709,
      0.0006081082602031529
    ],
    "train_adv_t": [
      1.0722474411129952,
      1.4180200284719466,
      1.3371420907974243,
      0.9912498170137405,
      1.0835535755753518,
      1.1817857900261879
    ]
  },
  "val_metrics": {
    "val_total_loss": [
      -733734.4350961539,
      -2374817526.1538463,
      -186908303360.0,
      -6381462860091.077,
      -100873272537403.08,
      -747639868288078.8,
      -2420638173505378.5,
      -7770339549219289.0,
      -2.6612514353416664e+16,
      -3.9803673427211816e+16
    ],
    "val_mbr": [
      -5936.7141676682695,
      -85615.95853365384,
      -187055.30739182694,
      -456521.18028846156,
      -954194.4326923077,
      -1625695.201923077,
      -1852996.2884615385,
      -2624205.605769231,
      -4853600.471153846,
      -4550471.605769231
    ],
    "val_mac": [
      0.5919786045504254,
      0.6162671500129764,
      0.5873028270176384,
      0.5811801075687849,
      0.602088584667839,
      0.5861669657948282,
      0.5725402272424243,
      0.5865987632054817,
      0.5704236917584916,
      0.55756718437904
    ],
    "val_align": [
      2.292088132638198,
      2.4987715849509606,
      2.6160460985623875,
      2.743121101306035,
      2.753157166334299,
      2.8900203704833984,
      2.765928470171415,
      2.889480544970586,
      3.040827145943275,
      3.0038626194000244
    ],
    "val_ci": [
      -363305.64182692306,
      -1187357390.7692308,
      -93454039985.23077,
      -3190731157819.077,
      -50436636268701.54,
      -373819934144039.4,
      -1210319086752689.2,
      -3885169774609644.5,
      -1.3306257176708332e+16,
      -1.9901836713605908e+16
    ],
    "val_mbr_mi_zm_y": [
      1.869262090096107,
      2.1732569382740903,
      2.515158699109004,
      2.7434491102512064,
      2.897070811345027,
      2.9922651327573337,
      2.9843963292928843,
      3.137131012403048,
      3.176817380464994,
      3.2137894447033224
    ],
    "val_mbr_cmi_zt_y_zm": [
      -5938.583364633413,
      -85618.13236177884,
      -187057.8251201923,
      -456523.9194711539,
      -954197.3221153846,
      -1625698.2067307692,
      -1852999.2692307692,
      -2624208.706730769,
      -4853603.663461538,
      -4550474.817307692
    ],
    "val_cip": [
      1.0,
      1.0,
      1.0,
      1.0,
      1.0,
      1.0,
      1.0,
      1.0,
      1.0,
      1.0
    ],
    "val_csi": [
      0.75,
      1.0,
      1.0,
      1.0,
      1.0,
      1.0,
      1.0,
      1.0,
      1.0,
      1.0
    ],
    "val_csi_structure_preference_rf": [
      -0.08777671164975759,
      -0.208361472968712,
      -0.1438038832746587,
      -0.12351762900579663,
      -0.1018578000468621,
      -0.12629477613378853,
      -0.20041064435744804,
      -0.18279340533524713,
      -0.14552009439522634,
      -0.1599287838059329
    ],
    "val_csi_r2_mediated_rf": [
      0.16387878256111466,
      0.09501874622803785,
      0.11662967006234476,
      0.11600319814192395,
      0.18938899778650473,
      0.16831955124683828,
      0.09911814256260958,
      0.12985224020049352,
      0.1393103973359775,
      0.11676478621358917
    ],
    "val_csi_r2_direct_rf": [
      0.25165549421087224,
      0.30338021919674985,
      0.26043355333700346,
      0.23952082714772058,
      0.2912467978333668,
      0.2946143273806268,
      0.29952878692005763,
      0.31264564553574065,
      0.28483049173120384,
      0.27669357001952205
    ],
    "val_csi_r2_m_only_rf": [
      0.9721380395234975,
      0.9978335970253426,
      0.997388816402486,
      0.9983829457053505,
      0.9984065138132768,
      0.9983091301542264,
      0.9980817921357111,
      0.9979916595564532,
      0.9979304794107255,
      0.9969973339888828
    ],
    "val_csi_r2_perm_rf": [
      0.14337282200021653,
      -0.057460021830642714,
      -0.035794781061134394,
      -0.1608803897020348,
      0.015212663981181707,
      -0.10872614447988686,
      -0.09371452207340251,
      -0.18498425063764726,
      -0.07580518610258911,
      -0.13765374821928092
    ],
    "val_csi_csi_score_linear": [
      0.75,
      0.75,
      0.25,
      0.5,
      0.25,
      0.25,
      0.25,
      0.25,
      0.25,
      0.25
    ],
    "val_csi_structure_preference_linear": [
      -0.005571415647864342,
      0.016876639643063157,
      0.1800710757573445,
      0.059408277273178094,
      -0.14450732121864962,
      -0.04884415088842309,
      -0.13149573219319177,
      -0.043013026316960634,
      -0.15092025200525927,
      -0.0017363515992959155
    ],
    "val_csi_r2_mediated_linear": [
      -0.19319841638207436,
      -0.19998255372047424,
      -1.4864855358997981,
      -0.04958229263623556,
      -0.7253975992401441,
      -0.5879943976178765,
      -0.6646344891438881,
      -0.5425711373488108,
      -0.8602845420440038,
      -0.20669778312246004
    ],
    "val_csi_r2_direct_linear": [
      -0.18762700073421001,
      -0.2168591933635374,
      -1.6665566116571426,
      -0.10899056990941365,
      -0.5808902780214945,
      -0.5391502467294534,
      -0.5331387569506963,
      -0.49955811103185016,
      -0.7093642900387446,
      -0.20496143152316412
    ],