{
  "scenario": "IM",
  "metrics": {
    "CIP": {
      "cip_score": 0.0,
      "p_value": 3.3796319402251444e-07,
      "correlation": 0.22573523223400116,
      "n_samples": 500
    },
    "CSI": {
      "csi_score": 1.0,
      "csi_score_rf": 1.0,
      "r2_mediated_rf": 0.10556417349733949,
      "r2_direct_rf": 0.24253954457736226,
      "r2_m_only_rf": 0.9997289354147276,
      "structure_preference_rf": -0.13697537108002278,
      "r2_perm_rf": -0.20253039323772593,
      "csi_score_linear": 0.75,
      "r2_mediated_linear": 0.2874711851278941,
      "r2_direct_linear": 0.28644337753454846,
      "r2_m_only_linear": 0.9993067979812622,
      "structure_preference_linear": 0.001027807593345642,
      "r2_perm_linear": 0.2931722419129477,
      "features_T": 64,
      "features_M": 64,
      "features_Y": 64,
      "n_samples": 500,
      "cv_splits": 3,
      "perm_samples": 3
    },
    "MBRI": {
      "mbri_score": 0.5643871295726711,
      "mi_m_y": 0.43988502545029107,
      "mi_t_y": 0.3395179707510595,
      "boundary_strength": 1.2956162865872558
    },
    "MAC": {
      "mac_score": 0.5076411660403555,
      "correlation": 0.5076411660403555,
      "p_value": 0.0,
      "n_pairs": 124750
    },
    "RIC": {
      "treatment": 0.60248742813196,
      "mi_treatment": 1.4407057846113553,
      "h_treatment": 2.391262807015668,
      "mediator": 0.3522696087846017,
      "mi_mediator": 0.8274946530652909,
      "h_mediator": 2.349037864485703,
      "outcome": 0.2767658224206267,
      "mi_outcome": 0.6864856351048634,
      "h_outcome": 2.4803844142789035,
      "ric_score": 0.41050761977906275,
      "ric_components": 3
    },
    "PSR": {
      "psr_score": 0.29458479055161174,
      "interaction_information": 0.1523424313275079,
      "mi_t_y": 0.5171428947239463,
      "h_t": 2.391262807015668,
      "h_m": 2.349037864485703,
      "h_y": 2.4803844142789035
    },
    "MNI": {
      "mni_score": 1.0,
      "mi_total": 0.1548295475832484,
      "mi_conditional": 0.0,
      "mi_joint": 1.0545672301227098,
      "mi_mediator": 1.9543048876478017
    }
  },
  "summary": {
    "main_scores": {
      "CIP": 0.0,
      "CSI": 1.0,
      "MBRI": 0.5643871295726711,
      "MAC": 0.5076411660403555,
      "RIC": 0.41050761977906275,
      "PSR": 0.29458479055161174,
      "MNI": 1.0
    },
    "overall_score": 0.5395886722776716,
    "representation_quality": {
      "z_T": {
        "mean_norm": 5.440782070159912,
        "std_norm": 3.416156053543091,
        "mean_activation": -0.017328541725873947,
        "std_activation": 0.8028563857078552
      },
      "z_M": {
        "mean_norm": 90.62482452392578,
        "std_norm": 156.22239685058594,
        "mean_activation": -1.7429847717285156,
        "std_activation": 22.508283615112305
      },
      "z_Y": {
        "mean_norm": 16.975175857543945,
        "std_norm": 29.129613876342773,
        "mean_activation": 0.6760837435722351,
        "std_activation": 4.1597723960876465
      }
    }
  },
  "representation_shapes": {
    "z_T": [
      500,
      64
    ],
    "z_M": [
      500,
      64
    ],
    "z_Y": [
      500,
      64
    ],
    "T": [
      500
    ],
    "M": [
      500
    ],
    "Y_star": [
      500
    ],
    "a_M": [
      500
    ],
    "a_Y": [
      500
    ],
    "b_style": [
      500
    ],
    "subject_id": [
      500
    ],
    "scenario": [
      500
    ]
  },
  "n_samples": 500
}