{
  "scenario": "IM",
  "metrics": {
    "CIP": {
      "cip_score": 1.0,
      "p_value": 0.05552182061662865,
      "correlation": 0.13561856746673584,
      "n_samples": 200
    },
    "CSI": {
      "csi_score": 0.75,
      "csi_score_rf": 0.75,
      "r2_mediated_rf": -0.13770222412455088,
      "r2_direct_rf": 0.07958708441498494,
      "r2_m_only_rf": 0.9989027481455578,
      "structure_preference_rf": -0.21728930853953582,
      "r2_perm_rf": -0.18828340367628227,
      "csi_score_linear": 0.25,
      "r2_mediated_linear": -0.7030498658617338,
      "r2_direct_linear": -0.6698527634143829,
      "r2_m_only_linear": 0.9987273613611857,
      "structure_preference_linear": -0.03319710244735086,
      "r2_perm_linear": -0.5612323946423,
      "features_T": 64,
      "features_M": 64,
      "features_Y": 64,
      "n_samples": 200,
      "cv_splits": 3,
      "perm_samples": 3
    },
    "MBRI": {
      "mbri_score": 0.6021580134743282,
      "mi_m_y": 0.4842584179235159,
      "mi_t_y": 0.3199464603074722,
      "boundary_strength": 1.5135607448900377
    },
    "MAC": {
      "mac_score": 0.5873855076491641,
      "correlation": 0.5873855076491641,
      "p_value": 0.0,
      "n_pairs": 19900
    },
    "RIC": {
      "treatment": 0.5887742428362029,
      "mi_treatment": 1.3784524006268595,
      "h_treatment": 2.341224011598963,
      "mediator": 0.3523593890670964,
      "mi_mediator": 0.7819063712624008,
      "h_mediator": 2.2190592673263945,
      "outcome": 0.3109851473568252,
      "mi_outcome": 0.6586213011366244,
      "h_outcome": 2.1178545137111295,
      "ric_score": 0.4173729264200415,
      "ric_components": 3
    },
    "PSR": {
      "psr_score": -0.17871113858147022,
      "interaction_information": -0.08668235768398702,
      "mi_t_y": 0.48504171800388685,
      "h_t": 2.341224011598963,
      "h_m": 2.2190592673263945,
      "h_y": 2.1178545137111295
    },
    "MNI": {
      "mni_score": 1.0,
      "mi_total": 0.10767789198229812,
      "mi_conditional": 0.0,
      "mi_joint": 0.7431894417391725,
      "mi_mediator": 1.3787008756864392
    }
  },
  "summary": {
    "main_scores": {
      "CIP": 1.0,
      "CSI": 0.75,
      "MBRI": 0.6021580134743282,
      "MAC": 0.5873855076491641,
      "RIC": 0.4173729264200415,
      "PSR": -0.17871113858147022,
      "MNI": 1.0
    },
    "overall_score": 0.5968864727088662,
    "representation_quality": {
      "z_T": {
        "mean_norm": 4.7534403800964355,
        "std_norm": 2.913470983505249,
        "mean_activation": -0.052556704729795456,
        "std_activation": 0.6949227452278137
      },
      "z_M": {
        "mean_norm": 35.85954284667969,
        "std_norm": 66.52268981933594,
        "mean_activation": 1.1123136281967163,
        "std_activation": 9.38082504272461
      },
      "z_Y": {
        "mean_norm": 10.251230239868164,
        "std_norm": 18.76717185974121,
        "mean_activation": 0.08308205008506775,
        "std_activation": 2.6717641353607178
      }
    }
  },
  "representation_shapes": {
    "z_T": [
      200,
      64
    ],
    "z_M": [
      200,
      64
    ],
    "z_Y": [
      200,
      64
    ],
    "T": [
      200
    ],
    "M": [
      200
    ],
    "Y_star": [
      200
    ],
    "a_M": [
      200
    ],
    "a_Y": [
      200
    ],
    "b_style": [
      200
    ],
    "subject_id": [
      200
    ],
    "scenario": [
      200
    ]
  },
  "n_samples": 200
}