{
  "scenario": "IM",
  "metrics": {
    "CIP": {
      "cip_score": 0.0,
      "p_value": 4.470049402499168e-05,
      "correlation": 0.5438290238380432,
      "n_samples": 50
    },
    "CSI": {
      "csi_score": 0.75,
      "csi_score_rf": 0.75,
      "r2_mediated_rf": 0.1365038698058063,
      "r2_direct_rf": 0.2598085318608536,
      "r2_m_only_rf": 0.9549434029882736,
      "structure_preference_rf": -0.12330466205504731,
      "r2_perm_rf": 0.13574753818417068,
      "csi_score_linear": 1.0,
      "r2_mediated_linear": -79.86662483215332,
      "r2_direct_linear": -86.28259785970052,
      "r2_m_only_linear": 0.8207797805468241,
      "structure_preference_linear": 6.415973027547196,
      "r2_perm_linear": -86.6773321363661,
      "features_T": 64,
      "features_M": 64,
      "features_Y": 64,
      "n_samples": 50,
      "cv_splits": 3,
      "perm_samples": 3
    },
    "MBRI": {
      "mbri_score": 0.4908955790464875,
      "mi_m_y": 0.7967909362291539,
      "mi_t_y": 0.8263463771438446,
      "boundary_strength": 0.9642335812505392
    },
    "MAC": {
      "mac_score": 0.457588803873915,
      "correlation": 0.457588803873915,
      "p_value": 2.0004045650383605e-64,
      "n_pairs": 1225
    },
    "RIC": {
      "treatment": 0.5791552186126756,
      "mi_treatment": 1.0267783544330966,
      "h_treatment": 1.7728897463811475,
      "mediator": 0.40077039538272446,
      "mi_mediator": 0.7264868563907438,
      "h_mediator": 1.8127258419107164,
      "outcome": 0.40031098654648484,
      "mi_outcome": 0.6926215609518276,
      "h_outcome": 1.7302087132906838,
      "ric_score": 0.460078866847295,
      "ric_components": 3
    },
    "PSR": {
      "psr_score": 0.36546119429523527,
      "interaction_information": 0.23504220723372615,
      "mi_t_y": 0.6431386174583804,
      "h_t": 1.7728897463811475,
      "h_m": 1.8127258419107164,
      "h_y": 1.7302087132906838
    },
    "MNI": {
      "mni_score": 1.0,
      "mi_total": 0.14550707315605382,
      "mi_conditional": 0.0,
      "mi_joint": 0.48380142585832614,
      "mi_mediator": 0.8220957785605985
    }
  },
  "summary": {
    "main_scores": {
      "CIP": 0.0,
      "CSI": 0.75,
      "MBRI": 0.4908955790464875,
      "MAC": 0.457588803873915,
      "RIC": 0.460078866847295,
      "PSR": 0.36546119429523527,
      "MNI": 1.0
    },
    "overall_score": 0.5034320634375619,
    "representation_quality": {
      "z_T": {
        "mean_norm": 4.582250118255615,
        "std_norm": 1.9722180366516113,
        "mean_activation": -0.02675786428153515,
        "std_activation": 0.6230072975158691
      },
      "z_M": {
        "mean_norm": 5.814338207244873,
        "std_norm": 5.142307758331299,
        "mean_activation": -0.057602886110544205,
        "std_activation": 0.9685484170913696
      },
      "z_Y": {
        "mean_norm": 1.186478853225708,
        "std_norm": 0.8192842602729797,
        "mean_activation": 0.03901240602135658,
        "std_activation": 0.1759595423936844
      }
    }
  },
  "representation_shapes": {
    "z_T": [
      50,
      64
    ],
    "z_M": [
      50,
      64
    ],
    "z_Y": [
      50,
      64
    ],
    "T": [
      50
    ],
    "M": [
      50
    ],
    "Y_star": [
      50
    ],
    "a_M": [
      50
    ],
    "a_Y": [
      50
    ],
    "b_style": [
      50
    ],
    "subject_id": [
      50
    ],
    "scenario": [
      50
    ]
  },
  "n_samples": 50
}