{
  "scenario": "IM",
  "metrics": {
    "CIP": {
      "cip_score": 1.0,
      "p_value": 0.1975788223045062,
      "correlation": 0.09149159491062164,
      "n_samples": 200
    },
    "CSI": {
      "csi_score": 0.25,
      "csi_score_rf": 0.25,
      "r2_mediated_rf": -0.24054224506927616,
      "r2_direct_rf": -0.07037732011652327,
      "r2_m_only_rf": 0.8284654748714303,
      "structure_preference_rf": -0.17016492495275287,
      "r2_perm_rf": -0.025348993225045174,
      "csi_score_linear": 0.75,
      "r2_mediated_linear": -0.9814188083012899,
      "r2_direct_linear": -0.8531991839408875,
      "r2_m_only_linear": 0.7372902035713196,
      "structure_preference_linear": -0.12821962436040246,
      "r2_perm_linear": -1.1784571210543315,
      "features_T": 64,
      "features_M": 64,
      "features_Y": 64,
      "n_samples": 200,
      "cv_splits": 3,
      "perm_samples": 3
    },
    "MBRI": {
      "mbri_score": 0.4661324186333295,
      "mi_m_y": 0.308272450401855,
      "mi_t_y": 0.35306847637677574,
      "boundary_strength": 0.8731236638120209
    },
    "MAC": {
      "mac_score": 0.6409064815209966,
      "correlation": 0.6409064815209966,
      "p_value": 0.0,
      "n_pairs": 19900
    },
    "RIC": {
      "treatment": 0.6098433708050721,
      "mi_treatment": 1.4277799491417187,
      "h_treatment": 2.341224011598963,
      "mediator": 0.37454981079712985,
      "mi_mediator": 0.8311482324702167,
      "h_mediator": 2.2190592673263945,
      "outcome": 0.40662573983815914,
      "mi_outcome": 0.8611741625736302,
      "h_outcome": 2.1178545137111295,
      "ric_score": 0.46367297381345374,
      "ric_components": 3
    },
    "PSR": {
      "psr_score": -0.17871113858147022,
      "interaction_information": -0.08668235768398702,
      "mi_t_y": 0.48504171800388685,
      "h_t": 2.341224011598963,
      "h_m": 2.2190592673263945,
      "h_y": 2.1178545137111295
    },
    "MNI": {
      "mni_score": 1.0,
      "mi_total": 0.10986407391518631,
      "mi_conditional": 0.0,
      "mi_joint": 0.28648868104852526,
      "mi_mediator": 0.46311328818186426
    }
  },
  "summary": {
    "main_scores": {
      "CIP": 1.0,
      "CSI": 0.25,
      "MBRI": 0.4661324186333295,
      "MAC": 0.6409064815209966,
      "RIC": 0.46367297381345374,
      "PSR": -0.17871113858147022,
      "MNI": 1.0
    },
    "overall_score": 0.5202858193409015,
    "representation_quality": {
      "z_T": {
        "mean_norm": 4.173296928405762,
        "std_norm": 2.2951419353485107,
        "mean_activation": 0.0723106786608696,
        "std_activation": 0.5909399390220642
      },
      "z_M": {
        "mean_norm": 3.32786226272583,
        "std_norm": 0.5174059271812439,
        "mean_activation": -0.03662118315696716,
        "std_activation": 0.4193846881389618
      },
      "z_Y": {
        "mean_norm": 1.2326997518539429,
        "std_norm": 0.4452211856842041,
        "mean_activation": 0.00482136569917202,
        "std_activation": 0.16375872492790222
      }
    }
  },
  "representation_shapes": {
    "z_T": [
      200,
      64
    ],
    "z_M": [
      200,
      64
    ],
    "z_Y": [
      200,
      64
    ],
    "T": [
      200
    ],
    "M": [
      200
    ],
    "Y_star": [
      200
    ],
    "a_M": [
      200
    ],
    "a_Y": [
      200
    ],
    "b_style": [
      200
    ],
    "subject_id": [
      200
    ],
    "scenario": [
      200
    ]
  },
  "n_samples": 200
}