{
  "train_metrics": {
    "train_total_loss": [
      0.4605585253238678,
      -10746.616449105739,
      -8033105.190625
    ],
    "train_mac": [
      -0.6779445016384125,
      -0.7515658497810364,
      -0.626127599477768
    ],
    "train_align": [
      2.5166832113265993,
      2.3023351526260374,
      2.526593952178955
    ],
    "train_ci": [
      -0.6160502660274506,
      -6671.022412481308,
      -2399163.25578125
    ]
  },
  "val_metrics": {
    "val_total_loss": [
      2.628316104412079,
      -40680.33447265625,
      -3068360.28125
    ],
    "val_mac": [
      0.7491075973619464,
      0.687421846389453,
      0.6257527089139081
    ],
    "val_align": [
      3.7364163994789124,
      1.6370452046394348,
      1.7181451246142387
    ],
    "val_ci": [
      -0.5141530334949493,
      -40681.39794921875,
      -3068361.53125
    ],
    "val_cip": [
      1.0,
      0.0,
      0.0
    ],
    "val_csi": [
      0.5,
      1.0,
      1.0
    ],
    "val_csi_structure_preference_rf": [
      -0.018473603809719553,
      0.015091620734649286,
      0.058494784653779136
    ],
    "val_csi_r2_mediated_rf": [
      0.04154913619629166,
      0.10343512561029637,
      0.16088832714455573
    ],
    "val_csi_r2_direct_rf": [
      0.06002274000601121,
      0.08834350487564709,
      0.10239354249077659
    ],
    "val_csi_r2_m_only_rf": [
      0.5444794279363072,
      0.7612209382353715,
      0.8420982058240846
    ],
    "val_csi_r2_perm_rf": [
      0.05857324865080308,
      -0.09726660555810245,
      -0.05411100650445919
    ],
    "val_csi_csi_score_linear": [
      0.25,
      0.5,
      0.25
    ],
    "val_csi_structure_preference_linear": [
      -148.06492074330652,
      -0.29141298929850024,
      -1.1426256497701388
    ],
    "val_csi_r2_mediated_linear": [
      -493.8621298472087,
      -30.832788308461506,
      -285.2218262354533
    ],
    "val_csi_r2_direct_linear": [
      -345.79720910390216,
      -30.541375319163006,
      -284.07920058568317
    ],
    "val_csi_r2_m_only_linear": [
      0.24935479710499445,
      0.7057060201962789,
      0.8451572060585022
    ],
    "val_csi_r2_perm_linear": [
      -370.87120670742456,
      -30.62434074613783,
      -284.0104359520806
    ],
    "val_mbri": [
      0.51788433694119,
      0.501194529106696,
      0.5089120341886136
    ],
    "val_ric_score": [
      0.4630579313334365,
      0.4733174186789846,
      0.4312939834426568
    ],
    "val_ric_treatment": [
      0.539416731297,
      0.5416594037994568,
      0.5367111185629257
    ],
    "val_ric_mediator": [
      0.4004787946970977,
      0.45261054390621286,
      0.35729777854746986
    ],
    "val_ric_outcome": [
      0.44927826800621196,
      0.4256823083312841,
      0.3998730532175747
    ],
    "val_ric_components": [
      3,
      3,
      3
    ],
    "val_psr": [
      0.6349447137941061,
      0.6349447137941061,
      0.6349447137941061
    ],
    "val_psr_interaction": [
      0.3848867990984788,
      0.3848867990984788,
      0.3848867990984788
    ],
    "val_mni": [
      1.0,
      1.0,
      1.0
    ],
    "val_mni_conditional": [
      0.0,
      0.0,
      0.0
    ],
    "val_y_gate_mean": [
      0.4925415515899658,
      0.48626214265823364,
      0.48579734563827515
    ],
    "val_y_gate_std": [
      0.0929071307182312,
      0.11149341613054276,
      0.12871792912483215
    ],
    "val_struct_score": [
      0.6949992256329541,
      0.6138397868527485,
      0.6001290629056121
    ]
  },
  "best_metric": -3068360.28125,
  "total_steps": 75,
  "total_epochs": 3
}