{
  "scenario": "IM",
  "metrics": {
    "CIP": {
      "cip_score": 0.0,
      "p_value": 0.0020015995845603734,
      "correlation": 0.21724188327789307,
      "n_samples": 200
    },
    "CSI": {
      "csi_score": 0.25,
      "csi_score_rf": 0.25,
      "r2_mediated_rf": -0.20511007357341737,
      "r2_direct_rf": -0.0003370515608667977,
      "r2_m_only_rf": 0.8510425674910925,
      "structure_preference_rf": -0.20477302201255057,
      "r2_perm_rf": 0.020072686926027778,
      "csi_score_linear": 0.5,
      "r2_mediated_linear": -1.4090605974197388,
      "r2_direct_linear": -1.3913780450820923,
      "r2_m_only_linear": 0.7394740382830302,
      "structure_preference_linear": -0.017682552337646484,
      "r2_perm_linear": -1.3916592796643574,
      "features_T": 64,
      "features_M": 64,
      "features_Y": 64,
      "n_samples": 200,
      "cv_splits": 3,
      "perm_samples": 3
    },
    "MBRI": {
      "mbri_score": 0.5942258977535081,
      "mi_m_y": 0.34243189079928876,
      "mi_t_y": 0.2338336105051907,
      "boundary_strength": 1.464425389554653
    },
    "MAC": {
      "mac_score": 0.8847654724005295,
      "correlation": 0.8847654724005295,
      "p_value": 0.0,
      "n_pairs": 19900
    },
    "RIC": {
      "treatment": 0.5849880141864121,
      "mi_treatment": 1.369587991160703,
      "h_treatment": 2.341224011598963,
      "mediator": 0.5755545949518901,
      "mi_mediator": 1.277189763535827,
      "h_mediator": 2.2190592673263945,
      "outcome": 0.34402931273618587,
      "mi_outcome": 0.7286040362675621,
      "h_outcome": 2.1178545137111295,
      "ric_score": 0.5015239739581627,
      "ric_components": 3
    },
    "PSR": {
      "psr_score": -0.17871113858147022,
      "interaction_information": -0.08668235768398702,
      "mi_t_y": 0.48504171800388685,
      "h_t": 2.341224011598963,
      "h_m": 2.2190592673263945,
      "h_y": 2.1178545137111295
    },
    "MNI": {
      "mni_score": 1.0,
      "mi_total": 0.08776629009345438,
      "mi_conditional": 0.0,
      "mi_joint": 0.3951487642807489,
      "mi_mediator": 0.7025312606626457
    }
  },
  "summary": {
    "main_scores": {
      "CIP": 0.0,
      "CSI": 0.25,
      "MBRI": 0.5942258977535081,
      "MAC": 0.8847654724005295,
      "RIC": 0.5015239739581627,
      "PSR": -0.17871113858147022,
      "MNI": 1.0
    },
    "overall_score": 0.4359720293615329,
    "representation_quality": {
      "z_T": {
        "mean_norm": 5.023467540740967,
        "std_norm": 3.3399734497070312,
        "mean_activation": -0.00011420845839893445,
        "std_activation": 0.7540582418441772
      },
      "z_M": {
        "mean_norm": 3.3924920558929443,
        "std_norm": 1.8988122940063477,
        "mean_activation": -0.0041633783839643,
        "std_activation": 0.48594915866851807
      },
      "z_Y": {
        "mean_norm": 0.9357917904853821,
        "std_norm": 0.41593649983406067,
        "mean_activation": 0.002336799865588546,
        "std_activation": 0.12798680365085602
      }
    }
  },
  "representation_shapes": {
    "z_T": [
      200,
      64
    ],
    "z_M": [
      200,
      64
    ],
    "z_Y": [
      200,
      64
    ],
    "T": [
      200
    ],
    "M": [
      200
    ],
    "Y_star": [
      200
    ],
    "a_M": [
      200
    ],
    "a_Y": [
      200
    ],
    "b_style": [
      200
    ],
    "subject_id": [
      200
    ],
    "scenario": [
      200
    ]
  },
  "n_samples": 200
}