{
  "train_metrics": {
    "train_total_loss": [
      -5.284276275634766,
      -5457241.255823059,
      -919614997.52
    ],
    "train_mac": [
      -0.7172745827585458,
      -0.6334846901893616,
      -0.5502711522579193
    ],
    "train_align": [
      2.3750871634483337,
      2.5257889556884767,
      2.7991569900512694
    ],
    "train_ci": [
      -4.349623795673251,
      -1759113.3577270508,
      -274651766.92
    ]
  },
  "val_metrics": {
    "val_total_loss": [
      -213.03095027378626,
      -2855703.6473214286,
      -1470489266.2857144
    ],
    "val_mac": [
      0.6443401149653837,
      0.5020013317949917,
      0.560406518859648
    ],
    "val_align": [
      1.8906585659299577,
      2.0538773366383145,
      2.3531422444752286
    ],
    "val_ci": [
      -214.3322307041713,
      -2855705.2589285714,
      -1470489266.2857144
    ],
    "val_cip": [
      0.0,
      1.0,
      1.0
    ],
    "val_csi": [
      0.5,
      1.0,
      1.0
    ],
    "val_csi_structure_preference_rf": [
      -0.024668537113652245,
      -0.06503841516782087,
      0.03383061422658118
    ],
    "val_csi_r2_mediated_rf": [
      -0.0168790552886145,
      -0.05660447913145191,
      0.22492062583953723
    ],
    "val_csi_r2_direct_rf": [
      0.007789481825037743,
      0.00843393603636896,
      0.19109001161295605
    ],
    "val_csi_r2_m_only_rf": [
      0.7538256540645897,
      0.9058116233452819,
      0.9915307250067182
    ],
    "val_csi_r2_perm_rf": [
      -0.022527754837999178,
      -0.19718750725854606,
      -0.5186945065540293
    ],
    "val_csi_csi_score_linear": [
      0.5,
      0.75,
      1.0
    ],
    "val_csi_structure_preference_linear": [
      -17.80013338724774,
      -14.537211736043275,
      -0.8160187403360997
    ],
    "val_csi_r2_mediated_linear": [
      -307.4961687723796,
      -299.880339940389,
      -13.236613909403482
    ],
    "val_csi_r2_direct_linear": [
      -289.69603538513184,
      -285.3431282043457,
      -12.420595169067383
    ],
    "val_csi_r2_m_only_linear": [
      -24.02290980021159,
      -4.174325327078502,
      0.9443526069323221
    ],
    "val_csi_r2_perm_linear": [
      -390.07789823744025,
      -349.5492858886719,
      -23.576292779710556
    ],
    "val_mbri": [
      0.5048757774022862,
      0.46776652199486296,
      0.5197499798748138
    ],
    "val_ric_score": [
      0.44536258085504676,
      0.40634286432594563,
      0.42843969562384737
    ],
    "val_ric_treatment": [
      0.5861459456905547,
      0.5684749353734352,
      0.5567464773986528
    ],
    "val_ric_mediator": [
      0.3854524551582524,
      0.3070588744154219,
      0.4048541720635576
    ],
    "val_ric_outcome": [
      0.36448934171633335,
      0.34349478318897964,
      0.3237184374093316
    ],
    "val_ric_components": [
      3,
      3,
      3
    ],
    "val_psr": [
      0.1570924565432829,
      0.1570924565432829,
      0.1570924565432829
    ],
    "val_psr_interaction": [
      0.09451620096341973,
      0.09451620096341973,
      0.09451620096341973
    ],
    "val_mni": [
      1.0,
      1.0,
      1.0
    ],
    "val_mni_conditional": [
      0.0,
      0.0,
      0.0
    ],
    "val_y_gate_mean": [
      0.4871646463871002,
      0.48995181918144226,
      0.48350924253463745
    ],
    "val_y_gate_std": [
      0.1057734414935112,
      0.1276855766773224,
      0.23060815036296844
    ],
    "val_struct_score": [
      0.46452441853799986,
      0.6476004535227261,
      0.6665269501287988
    ]
  },
  "best_metric": -1470489266.2857144,
  "total_steps": 150,
  "total_epochs": 3
}