{
  "scenario": "IM",
  "metrics": {
    "CIP": {
      "cip_score": 1.0,
      "p_value": 0.8868498565000693,
      "correlation": 0.0063793472945690155,
      "n_samples": 500
    },
    "CSI": {
      "csi_score": 1.0,
      "csi_score_rf": 1.0,
      "r2_mediated_rf": 0.02685509222625702,
      "r2_direct_rf": 0.1729916178610876,
      "r2_m_only_rf": 0.9994017347019856,
      "structure_preference_rf": -0.1461365256348306,
      "r2_perm_rf": -0.23848794117828032,
      "csi_score_linear": 0.5,
      "r2_mediated_linear": 0.16183247417211533,
      "r2_direct_linear": 0.16094415386517844,
      "r2_m_only_linear": 0.9992822607358297,
      "structure_preference_linear": 0.0008883203069368906,
      "r2_perm_linear": 0.20439761380354562,
      "features_T": 64,
      "features_M": 64,
      "features_Y": 64,
      "n_samples": 500,
      "cv_splits": 3,
      "perm_samples": 3
    },
    "MBRI": {
      "mbri_score": 0.7677584521907822,
      "mi_m_y": 0.38876619773141396,
      "mi_t_y": 0.1175990385541566,
      "boundary_strength": 3.3058617608830376
    },
    "MAC": {
      "mac_score": 0.5664390350977583,
      "correlation": 0.5664390350977583,
      "p_value": 0.0,
      "n_pairs": 124750
    },
    "RIC": {
      "treatment": 0.585869211684803,
      "mi_treatment": 1.4009672615361506,
      "h_treatment": 2.391262807015668,
      "mediator": 0.3490543280286874,
      "mi_mediator": 0.792484527732531,
      "h_mediator": 2.2703758716232176,
      "outcome": 0.28622803707343436,
      "mi_outcome": 0.5523777658399448,
      "h_outcome": 1.9298520460312103,
      "ric_score": 0.4070505255956416,
      "ric_components": 3
    },
    "PSR": {
      "psr_score": -0.10259568661936115,
      "interaction_information": -0.03213047731278973,
      "mi_t_y": 0.31317571304919056,
      "h_t": 2.391262807015668,
      "h_m": 2.2703758716232176,
      "h_y": 1.9298520460312103
    },
    "MNI": {
      "mni_score": 1.0,
      "mi_total": 0.09986375835637515,
      "mi_conditional": 0.0,
      "mi_joint": 0.9897340067635308,
      "mi_mediator": 1.8796043582495514
    }
  },
  "summary": {
    "main_scores": {
      "CIP": 1.0,
      "CSI": 1.0,
      "MBRI": 0.7677584521907822,
      "MAC": 0.5664390350977583,
      "RIC": 0.4070505255956416,
      "PSR": -0.10259568661936115,
      "MNI": 1.0
    },
    "overall_score": 0.6626646180378316,
    "representation_quality": {
      "z_T": {
        "mean_norm": 5.378830909729004,
        "std_norm": 3.250016212463379,
        "mean_activation": -0.019594620913267136,
        "std_activation": 0.7853129506111145
      },
      "z_M": {
        "mean_norm": 79.89136505126953,
        "std_norm": 146.1610565185547,
        "mean_activation": -0.6440995931625366,
        "std_activation": 20.811330795288086
      },
      "z_Y": {
        "mean_norm": 17.98396873474121,
        "std_norm": 33.30828094482422,
        "mean_activation": 0.6645200252532959,
        "std_activation": 4.684754371643066
      }
    }
  },
  "representation_shapes": {
    "z_T": [
      500,
      64
    ],
    "z_M": [
      500,
      64
    ],
    "z_Y": [
      500,
      64
    ],
    "T": [
      500
    ],
    "M": [
      500
    ],
    "Y_star": [
      500
    ],
    "a_M": [
      500
    ],
    "a_Y": [
      500
    ],
    "b_style": [
      500
    ],
    "subject_id": [
      500
    ],
    "scenario": [
      500
    ]
  },
  "n_samples": 500
}