{
  "train_metrics": {
    "train_total_loss": [
      0.6683519637584686,
      -7428.788597381115,
      -6779484.600625
    ],
    "train_mac": [
      -0.6801311731338501,
      -0.7683059668540955,
      -0.6404519581794739
    ],
    "train_align": [
      2.5413986110687254,
      2.2556560134887693,
      2.4679412508010863
    ],
    "train_ci": [
      -0.44418489634990693,
      -4516.571169679165,
      -2024757.54734375
    ]
  },
  "val_metrics": {
    "val_total_loss": [
      2.9077935814857483,
      -32265.4658203125,
      -2064179.625
    ],
    "val_mac": [
      0.7586801702736559,
      0.7031027419124256,
      0.6443071910656596
    ],
    "val_align": [
      3.8715187907218933,
      1.7054950892925262,
      1.6914196461439133
    ],
    "val_ci": [
      -0.3562566339969635,
      -32266.5732421875,
      -2064180.78125
    ],
    "val_cip": [
      0.0,
      0.0,
      0.0
    ],
    "val_csi": [
      0.25,
      1.0,
      1.0
    ],
    "val_csi_structure_preference_rf": [
      0.021967504814447647,
      0.02086300764370473,
      0.032649298028792614
    ],
    "val_csi_r2_mediated_rf": [
      -0.17235973315948458,
      -0.06757790823464077,
      -0.1127661616701529
    ],
    "val_csi_r2_direct_rf": [
      -0.19432723797393223,
      -0.0884409158783455,
      -0.1454154596989455
    ],
    "val_csi_r2_m_only_rf": [
      0.4283453343281361,
      0.7296584501105049,
      0.7560725752448633
    ],
    "val_csi_r2_perm_rf": [
      -0.04245752593525486,
      -0.15985107501740156,
      -0.3348946659618018
    ],
    "val_csi_csi_score_linear": [
      0.25,
      0.75,
      0.25
    ],
    "val_csi_structure_preference_linear": [
      -171.23165257771802,
      6.305686155954845,
      -22.91412115097046
    ],
    "val_csi_r2_mediated_linear": [
      -1726.372299194336,
      -1296.87730328242,
      -102.48762965202332
    ],
    "val_csi_r2_direct_linear": [
      -1555.140646616618,
      -1303.1829894383748,
      -79.57350850105286
    ],
    "val_csi_r2_m_only_linear": [
      0.06988337480773528,
      0.4926507771015167,
      0.7722025314966837
    ],
    "val_csi_r2_perm_linear": [
      -1326.1923984951443,
      -1327.4717299673293,
      -80.00856569078233
    ],
    "val_mbri": [
      0.4728519128000096,
      0.468696486438145,
      0.5158879070796645
    ],
    "val_ric_score": [
      0.4474416832659927,
      0.44353577082461326,
      0.42927725712322634
    ],
    "val_ric_treatment": [
      0.5367727038583118,
      0.5303444827918001,
      0.5355784501069533
    ],
    "val_ric_mediator": [
      0.3884318670776334,
      0.41609244927322847,
      0.37337327660623554
    ],
    "val_ric_outcome": [
      0.417120478862033,
      0.3841703804088113,
      0.3788800446564902
    ],
    "val_ric_components": [
      3,
      3,
      3
    ],
    "val_psr": [
      0.27856787101350905,
      0.27856787101350905,
      0.27856787101350905
    ],
    "val_psr_interaction": [
      0.12562933425213707,
      0.12562933425213707,
      0.12562933425213707
    ],
    "val_mni": [
      1.0,
      1.0,
      1.0
    ],
    "val_mni_conditional": [
      0.0,
      0.0,
      0.0
    ],
    "val_y_gate_mean": [
      0.4921913146972656,
      0.48472270369529724,
      0.4848831593990326
    ],
    "val_y_gate_std": [
      0.09349991381168365,
      0.11925333738327026,
      0.12435862421989441
    ],
    "val_struct_score": [
      0.4582202339075953,
      0.5562718385983847,
      0.5525771751831513
    ]
  },
  "best_metric": -2064179.625,
  "total_steps": 75,
  "total_epochs": 3
}