{
  "train_metrics": {
    "train_total_loss": [
      -55129.365206047296,
      -120402690.2134375,
      -15193319279.68,
      -567504419348.48,
      -10223280142417.92,
      -82758116311040.0,
      -407795556061020.2,
      -1456834192825385.0,
      -3975199845798379.5,
      -8569637253016453.0
    ],
    "train_mac": [
      -0.7214438265562058,
      -0.6133370193839073,
      -0.5750426980853081,
      -0.5792177978157997,
      -0.5693074524402618,
      -0.5599209117889404,
      -0.5516412802040577,
      -0.5436454847455024,
      -0.5476090186834335,
      -0.5304561996459961
    ],
    "train_align": [
      2.9348255825042724,
      3.2710298752784728,
      3.552029993534088,
      3.867843596935272,
      4.055009460449218,
      4.022412841320038,
      4.255141904354096,
      4.337160010337829,
      4.513563868999481,
      4.621468369960785
    ],
    "train_ci": [
      -16574.783618173635,
      -35959408.99421875,
      -4537629319.68,
      -169490592901.12,
      -3053279860490.24,
      -24716498509496.32,
      -121792021617704.95,
      -435097388596592.6,
      -1187231244589465.5,
      -2559403681623572.5
    ]
  },
  "val_metrics": {
    "val_total_loss": [
      -85967.01532451923,
      -304161128.0,
      -17690131377.23077,
      -458116469681.2308,
      -8637828744428.308,
      -96778308046532.92,
      -280648591706584.62,
      -563993910524691.8,
      -2336598094149159.5,
      -4488541420408517.0
    ],
    "val_mac": [
      0.6794221275137402,
      0.6129160820623388,
      0.5871374842434035,
      0.5704796922898109,
      0.566753643827988,
      0.5923040529332806,
      0.5690206513842844,
      0.5533235875508675,
      0.5570220873668897,
      0.5578908642699271
    ],
    "val_align": [
      2.329588459088252,
      2.5824395143068752,
      2.426236473597013,
      2.849227162507864,
      2.65571482364948,
      4.405624756446252,
      3.6316148317777195,
      2.684162350801321,
      3.1985775507413425,
      4.609549925877498
    ],
    "val_ci": [
      -85968.65474759616,
      -304161128.0,
      -17690131377.23077,
      -458116469681.2308,
      -8637828744428.308,
      -96778308046532.92,
      -280648591706584.62,
      -563993910524691.8,
      -2336598094149159.5,
      -4488541420408517.0
    ],
    "val_cip": [
      0.0,
      1.0,
      0.0,
      0.0,
      0.0,
      1.0,
      0.0,
      1.0,
      0.0,
      1.0
    ],
    "val_csi": [
      0.75,
      1.0,
      1.0,
      1.0,
      1.0,
      1.0,
      1.0,
      1.0,
      1.0,
      1.0
    ],
    "val_csi_structure_preference_rf": [
      -0.0731702513163065,
      -0.13145319290701285,
      -0.187616492002293,
      -0.16692900849319536,
      -0.13401662849239088,
      -0.06922848486755068,
      -0.15776689677379677,
      -0.1533370775142247,
      -0.10497363310741123,
      -0.18723827580165414
    ],
    "val_csi_r2_mediated_rf": [
      0.14786408358638348,
      0.18320041900206663,
      0.15034058328312946,
      0.14677202771878495,
      0.22201204568207278,
      0.23173658353313054,
      0.20832281824020218,
      0.1126760414850244,
      0.20332549468415514,
      0.09506415756357212
    ],
    "val_csi_r2_direct_rf": [
      0.22103433490268998,
      0.3146536119090795,
      0.33795707528542246,
      0.3137010362119803,
      0.35602867417446366,
      0.3009650684006812,
      0.36608971501399895,
      0.2660131189992491,
      0.3082991277915664,
      0.28230243336522626
    ],
    "val_csi_r2_m_only_rf": [
      0.9264971999736732,
      0.9978279268302682,
      0.9974891431932181,
      0.9973398312061884,
      0.9980353937294741,
      0.9986202586902517,
      0.9975325643354411,
      0.9961230941501439,
      0.997152561942597,
      0.996441710495441
    ],
    "val_csi_r2_perm_rf": [
      0.11865394428959908,
      -0.019047537763859923,
      -0.09037754829627968,
      -0.19278300480383903,
      -0.270179075569372,
      -0.3612700359577901,
      -0.13901954644162257,
      -0.23236185755072633,
      -0.1955438033108539,
      -0.1753953000328635
    ],
    "val_csi_csi_score_linear": [
      0.5,
      1.0,
      1.0,
      1.0,
      1.0,
      1.0,
      1.0,
      1.0,
      1.0,
      1.0
    ],
    "val_csi_structure_preference_linear": [
      1.4473994572938853e-05,
      5.96394141514911e-05,
      -6.656348705291748e-05,
      -0.00010683139165240663,
      -0.00013813376426696777,
      -0.0004585882027943744,
      2.6668111483219015e-05,
      0.0001112520694732666,
      -0.00018080572287237917,
      -2.5088588396726674e-05
    ],
    "val_csi_r2_mediated_linear": [
      0.31213026245435077,
      0.4044097562630971,
      0.39712095260620117,
      0.40163278579711914,
      0.4042191455761592,
      0.40221474568049115,
      0.4058479716380437,
      0.39244770507017773,
      0.4140302340189616,
      0.4007518192132314
    ],
    "val_csi_r2_direct_linear": [
      0.31211578845977783,
      0.4043501168489456,
      0.3971875160932541,
      0.40173961718877155,
      0.40435727934042615,
      0.4026733338832855,
      0.4058213035265605,
      0.39233645300070447,
      0.414211039741834,
      0.4007769078016281
    ],
    "val_csi_r2_m_only_linear": [
      0.9445849061012268,
      0.9984517693519592,
      0.9995059172312418,
      0.9997241894404093,
      0.9998872478802999,
      0.999937117099762,
      0.9999176661173502,
      0.9998893141746521,
      0.9999362627665201,
      0.9999191761016846
    ],
    "val_csi_r2_perm_linear": [
      0.31225983632935417,
      0.39631174173620015,
      0.3271790266864829,
      0.39296876721911955,
      0.38603585213422775,
      0.3396871557666195,
      0.3209839045173592,
      0.2298488368590673,
      0.2794650126662519,
      0.2678849879238341
    ],
    "val_mbri": [
      0.6405254720495727,
      0.613160954993152,
      0.5873430922415801,
      0.582477954659748,
      0.5828540403882274,
      0.5956580454152679,
      0.6204994776523044,
      0.5873168393095519,
      0.5793127286081475,
      0.5837626373573085
    ],
    "val_ric_score": [
      0.46121800599269563,
      0.44454902399606805,
      0.43008122148145095,
      0.4238651024714415,
      0.42596192541352557,
      0.4409859461302125,
      0.43292344505630354,
      0.4057454408373284,
      0.41887948846753825,
      0.42712317123950605
    ],
    "val_ric_treatment": [
      0.6404374040319502,
      0.6329495696605801,
      0.6336021849765607,
      0.6315833345674641,
      0.62197506995733,
      0.6202854311390337,
      0.630033658717476,
      0.630013079850055,
      0.634338462700666,
      0.6350481667139066
    ],
    "val_ric_mediator": [
      0.4060356114856658,
      0.39778270895834983,
      0.3597753048198592,
      0.36275579113716,
      0.3696720212851172,
      0.41239588413749556,
      0.380163434553886,
      0.31597480232193065,
      0.3506233022358019,
      0.35967508586831254
    ],
    "val_ric_outcome": [
      0.3371810024604712,
      0.30291479336927424,
      0.296866174647933,
      0.2772561817097003,
      0.2862386849981293,
      0.2902765231141081,
      0.28857324189754857,
      0.27124844033999945,
      0.271676700466147,
      0.286646261136299
    ],
    "val_ric_components": [
      3,
      3,
      3,
      3,
      3,
      3,
      3,
      3,
      3,
      3
    ],
    "val_psr": [
      -0.3556465423751463,
      -0.3556465423751463,
      -0.3556465423751463,
      -0.3556465423751463,
      -0.3556465423751463,
      -0.3556465423751463,
      -0.3556465423751463,
      -0.3556465423751463,
      -0.3556465423751463,
      -0.3556465423751463
    ],