{
  "scenario": "IM",
  "metrics": {
    "CIP": {
      "cip_score": 1.0,
      "p_value": 0.8337826832991504,
      "correlation": 0.009408213198184967,
      "n_samples": 500
    },
    "CSI": {
      "csi_score": 1.0,
      "csi_score_rf": 1.0,
      "r2_mediated_rf": -0.06978132666458746,
      "r2_direct_rf": 0.09103481691106251,
      "r2_m_only_rf": 0.9995547403587429,
      "structure_preference_rf": -0.16081614357564997,
      "r2_perm_rf": -0.20632049913998382,
      "csi_score_linear": 0.25,
      "r2_mediated_linear": -0.025324116150538128,
      "r2_direct_linear": -0.034470791618029274,
      "r2_m_only_linear": 0.9993201891581217,
      "structure_preference_linear": 0.009146675467491146,
      "r2_perm_linear": 0.15561331394645903,
      "features_T": 64,
      "features_M": 64,
      "features_Y": 64,
      "n_samples": 500,
      "cv_splits": 3,
      "perm_samples": 3
    },
    "MBRI": {
      "mbri_score": 0.679757081898946,
      "mi_m_y": 0.3437860626922592,
      "mi_t_y": 0.16196233633037316,
      "boundary_strength": 2.122629552371385
    },
    "MAC": {
      "mac_score": 0.5481830041807653,
      "correlation": 0.5481830041807653,
      "p_value": 0.0,
      "n_pairs": 124750
    },
    "RIC": {
      "treatment": 0.5840324112536217,
      "mi_treatment": 1.3965749889627883,
      "h_treatment": 2.391262807015668,
      "mediator": 0.3224055193973409,
      "mi_mediator": 0.7554818818443501,
      "h_mediator": 2.343265959070693,
      "outcome": 0.2775412693550997,
      "mi_outcome": 0.6000706911919862,
      "h_outcome": 2.162095351840501,
      "ric_score": 0.3946597333353541,
      "ric_components": 3
    },
    "PSR": {
      "psr_score": -0.3601252787961738,
      "interaction_information": -0.1162991354647378,
      "mi_t_y": 0.3229407717600452,
      "h_t": 2.391262807015668,
      "h_m": 2.343265959070693,
      "h_y": 2.162095351840501
    },
    "MNI": {
      "mni_score": 1.0,
      "mi_total": 0.09620364402753333,
      "mi_conditional": 0.0,
      "mi_joint": 0.7637702048809221,
      "mi_mediator": 1.4313366971214043
    }
  },
  "summary": {
    "main_scores": {
      "CIP": 1.0,
      "CSI": 1.0,
      "MBRI": 0.679757081898946,
      "MAC": 0.5481830041807653,
      "RIC": 0.3946597333353541,
      "PSR": -0.3601252787961738,
      "MNI": 1.0
    },
    "overall_score": 0.6089249343741273,
    "representation_quality": {
      "z_T": {
        "mean_norm": 5.384145736694336,
        "std_norm": 3.274333953857422,
        "mean_activation": -0.018312640488147736,
        "std_activation": 0.7874882817268372
      },
      "z_M": {
        "mean_norm": 70.64322662353516,
        "std_norm": 137.96656799316406,
        "mean_activation": -0.9730606079101562,
        "std_activation": 19.35064697265625
      },
      "z_Y": {
        "mean_norm": 15.038961410522461,
        "std_norm": 29.302072525024414,
        "mean_activation": 0.6063007712364197,
        "std_activation": 4.07211446762085
      }
    }
  },
  "representation_shapes": {
    "z_T": [
      500,
      64
    ],
    "z_M": [
      500,
      64
    ],
    "z_Y": [
      500,
      64
    ],
    "T": [
      500
    ],
    "M": [
      500
    ],
    "Y_star": [
      500
    ],
    "a_M": [
      500
    ],
    "a_Y": [
      500
    ],
    "b_style": [
      500
    ],
    "subject_id": [
      500
    ],
    "scenario": [
      500
    ]
  },
  "n_samples": 500
}