{
  "train_metrics": {
    "train_total_loss": [
      -177339141.96078512,
      -366576388532.224,
      -42989605047762.945,
      -1648070672850616.2,
      -3.631020384420731e+16,
      -4.412721881778487e+17,
      -2.8559561102297733e+18,
      -7.863123521290719e+18,
      -8.137282811624061e+18,
      -8.442108171749377e+18,
      -1.1837463645486914e+19,
      -1.3800220262452546e+19,
      -1.3869727965880359e+19,
      -1.3775298703310074e+19,
      -1.3799475360916914e+19,
      -1.3881050167076174e+19,
      -1.3849399757300408e+19,
      -1.3741292587672775e+19,
      -1.387208714839766e+19,
      -1.3845631306540532e+19,
      -1.3793665310578303e+19,
      -1.3737158267821687e+19,
      -1.3821496509540385e+19,
      -1.392988466156352e+19,
      -1.3909103320052507e+19,
      -1.3731828618302507e+19,
      -1.375506778171797e+19
    ],
    "train_mac": [
      -0.640955153465271,
      -0.5763279035687446,
      -0.5574889207482338,
      -0.5514827421307564,
      -0.5478549539446831,
      -0.5479406878352165,
      -0.5428358837962151,
      -0.5603732015490532,
      -0.5324444501996041,
      -0.5077935026288033,
      -0.5151913835704327,
      -0.5280024988800287,
      -0.5337122133374215,
      -0.5292415676712989,
      -0.531888297021389,
      -0.5225771915614605,
      -0.5282057452499866,
      -0.5265947049260139,
      -0.5318479688167572,
      -0.5358591227880679,
      -0.5338976420760154,
      -0.5281301760673522,
      -0.5250191083103418,
      -0.5308810756206512,
      -0.5365348591804504,
      -0.5265032514929772,
      -0.5306354395747185
    ],
    "train_align": [
      2.4657076301574707,
      2.7732251930236815,
      2.9657579412460326,
      3.09433705329895,
      3.3019731483459474,
      3.3059641914367677,
      3.3046267910003664,
      3.2934266700744628,
      3.281374186515808,
      3.2983655996322634,
      3.2968262968063353,
      3.2995237216949462,
      3.302494644165039,
      3.3061204109191893,
      3.3049139003753663,
      3.295014355659485,
      3.314546522140503,
      3.2968852291107176,
      3.2943692417144774,
      3.2984140605926515,
      3.301297561645508,
      3.296120174407959,
      3.2843333520889284,
      3.2969185161590575,
      3.3133450689315795,
      3.3140283536911013,
      3.295307504653931
    ],
    "train_ci": [
      -54241128.90062237,
      -112121395975.68,
      -13148840692154.367,
      -504080430127906.8,
      -1.1105872835757736e+16,
      -1.3496792281653654e+17,
      -8.73525398170327e+17,
      -2.405022291208589e+18,
      -2.4888769116382976e+18,
      -2.582111077087203e+18,
      -2.739623615335905e+18,
      -2.782124856326807e+18,
      -2.796137608655277e+18,
      -2.777100668180254e+18,
      -2.781974676782348e+18,
      -2.7984201612594355e+18,
      -2.792039447343579e+18,
      -2.7702450284631173e+18,
      -2.796613219452302e+18,
      -2.791279730988274e+18,
      -2.780803384637464e+18,
      -2.769411553019531e+18,
      -2.7864141501428076e+18,
      -2.8082651949716116e+18,
      -2.8040756790870523e+18,
      -2.768337095413461e+18,
      -2.7730221078623447e+18
    ],
    "train_mbr": [
      -2055.8267464599608,
      -2067.7954670410154,
      -2085.648169921875,
      -2078.556767211914,
      -2047.123989501953,
      -2081.497024536133,
      -2069.9390279541017,
      -2055.838547363281,
      -2080.929533691406,
      -2075.5775025634766,
      -2062.391136230469,
      -2039.3223546142578,
      -2069.2901092529296,
      -2085.768552978516,
      -2094.565135986328,
      -2049.0538955078123,
      -2076.3632616577147
    ],
    "train_decor": [
      0.0005402488457038998,
      0.0005413650160771794,
      0.0005407622326165437,
      0.0005535220125457272,
      0.0005495546362362802,
      0.0005446174975950271,
      0.0005517168653314002,
      0.0005482311968808062,
      0.0005444835443049669,
      0.0005381886822870001,
      0.0005529993771924638,
      0.0005512136064935476,
      0.0005443444247357547,
      0.0005573935878346674,
      0.0005575843603583052,
      0.0005307384053012356,
      0.0005510144983418286
    ],
    "train_mbr_mi_zm_y": [
      0.0,
      0.0,
      0.0,
      0.0,
      0.0,
      0.0,
      0.0,
      0.0,
      0.0,
      0.0,
      0.0,
      0.0,
      0.0,
      0.0,
      0.0,
      0.0,
      0.0
    ],
    "train_mbr_cmi_zt_y_zm": [
      -2055.8267464599608,
      -2067.7954670410154,
      -2085.648169921875,
      -2078.556767211914,
      -2047.123989501953,
      -2081.497024536133,
      -2069.9390279541017,
      -2055.838547363281,
      -2080.929533691406,
      -2075.5775025634766,
      -2062.391136230469,
      -2039.3223546142578,
      -2069.2901092529296,
      -2085.768552978516,
      -2094.565135986328,
      -2049.0538955078123,
      -2076.3632616577147
    ]
  },
  "val_metrics": {
    "val_total_loss": [
      -388975727.625,
      -746373594624.0,
      -49863146575872.0,
      -1698322486788096.0,
      -5.866568714865869e+16,
      -4.317252292832133e+17,
      -2.1835324554058138e+18,
      -3.1609387276105155e+18,
      -2.8116995758222213e+18,
      -3.1135852174497546e+18,
      -3.251375451465056e+18,
      -3.787309305217155e+18,
      -3.281387958690644e+18,
      -2.8065636786257265e+18,
      -3.7694699663534326e+18,
      -2.5411246017279427e+18,
      -3.742004568544772e+18,
      -2.2255773190140723e+18,
      -3.0213240075940004e+18,
      -2.926843983810265e+18,
      -2.6349828414856233e+18,
      -3.333919526520619e+18,
      -2.9670662043609334e+18,
      -3.1892998918514934e+18,
      -3.0647810530937405e+18,
      -3.4746657798304563e+18,
      -2.9617863103327764e+18
    ],
    "val_mac": [
      0.6110160478907233,
      0.6144709063959837,
      0.5833201634282342,
      0.5846030564255082,
      0.6117217735062555,
      0.5726091471238854,
      0.5694671205887241,
      0.5901825155700533,
      0.5649072207833354,
      0.5418879127948849,
      0.5577317879461308,
      0.5634392257796447,
      0.5583898299171627,
      0.5550336488950776,
      0.5652003462096173,
      0.5511707387393128,
      0.564491958547669,
      0.5475371452500777,
      0.5569999032055389,
      0.5590918239922122,
      0.5544213417590376,
      0.5602418053877,
      0.5539118958031723,
      0.560184138507379,
      0.5566934751616172,
      0.5609247287167045,
      0.5582302475707124
    ],
    "val_align": [
      2.2164801098406315,
      2.514881446957588,
      2.5861373841762543,
      2.8912802785634995,
      3.035205937922001,
      3.0232275798916817,
      3.0297296941280365,
      3.0544147565960884,
      2.980990521609783,
      3.100481491535902,
      3.0333730541169643,
      3.0320394337177277,
      3.003334194421768,
      2.9897251799702644,
      3.0200945511460304,
      3.049785640090704,
      3.0155750922858715,
      3.040753796696663,
      3.0657991841435432,
      3.0727828703820705,
      3.007067583501339,
      3.028424058109522,
      3.065735448151827,
      3.025910411030054,
      3.0322748199105263,
      3.023683838546276,
      3.077418550848961
    ],
    "val_ci": [
      -388975727.625,
      -746373594624.0,
      -49863146575872.0,
      -1698322486788096.0,
      -5.866568714865869e+16,
      -4.317252292832133e+17,
      -2.1835324554058138e+18,
      -3.1609387276105155e+18,
      -2.8116995758222213e+18,
      -3.1135852174497546e+18,
      -3.251375451465056e+18,
      -3.787309305217155e+18,
      -3.281387958690644e+18,
      -2.8065636786257265e+18,
      -3.7694699663534326e+18,
      -2.5411246017279427e+18,
      -3.742004568544772e+18,
      -2.2255773190140723e+18,
      -3.0213240075940004e+18,
      -2.926843983810265e+18,
      -2.6349828414856233e+18,
      -3.333919526520619e+18,
      -2.9670662043609334e+18,
      -3.1892998918514934e+18,
      -3.0647810530937405e+18,
      -3.4746657798304563e+18,
      -2.9617863103327764e+18
    ],