{
  "train_metrics": {
    "train_total_loss": [
      -163823099.35767907
    ],
    "train_mac": [
      -0.6489127434492111
    ],
    "train_align": [
      2.614785845756531
    ],
    "train_ci": [
      -48927330.39074275
    ]
  },
  "val_metrics": {
    "val_total_loss": [
      -362708834.625
    ],
    "val_mac": [
      0.6189130735440866
    ],
    "val_align": [
      2.4357746988534927
    ],
    "val_ci": [
      -362708834.75
    ],
    "val_cip": [
      1.0
    ],
    "val_csi": [
      0.25
    ],
    "val_csi_structure_preference_rf": [
      -0.23340483375472013
    ],
    "val_csi_r2_mediated_rf": [
      -0.16431154498584896
    ],
    "val_csi_r2_direct_rf": [
      0.06909328876887116
    ],
    "val_csi_r2_m_only_rf": [
      0.9981540167031905
    ],
    "val_csi_r2_perm_rf": [
      -0.13329074071741784
    ],
    "val_csi_csi_score_linear": [
      1.0
    ],
    "val_csi_structure_preference_linear": [
      -0.0008493860562642785
    ],
    "val_csi_r2_mediated_linear": [
      0.25696205099423725
    ],
    "val_csi_r2_direct_linear": [
      0.2578114370505015
    ],
    "val_csi_r2_m_only_linear": [
      0.9965175787607828
    ],
    "val_csi_r2_perm_linear": [
      0.19725720253255632
    ],
    "val_mbri": [
      0.7103656379605785
    ],
    "val_ric_score": [
      0.4655585269507754
    ],
    "val_ric_treatment": [
      0.6135109692976872
    ],
    "val_ric_mediator": [
      0.4055804376044234
    ],
    "val_ric_outcome": [
      0.3775841739502155
    ],
    "val_ric_components": [
      3
    ],
    "val_psr": [
      0.5420173581178448
    ],
    "val_psr_interaction": [
      0.23195219727730443
    ],
    "val_mni": [
      1.0
    ],
    "val_mni_conditional": [
      0.0
    ],
    "val_y_gate_mean": [
      0.4909543991088867
    ],
    "val_y_gate_std": [
      0.21041089296340942
    ],
    "val_struct_score": [
      0.6552649423676122
    ]
  },
  "best_metric": -362708834.625,
  "total_steps": 250,
  "total_epochs": 1
}