{
  "train_metrics": {
    "train_total_loss": [
      -730661.343150893,
      -198521162.618,
      -6112515479.552,
      -65176482418.688,
      -439920050896.896,
      -2126753934082.048,
      -7100499248545.792,
      -17632857048481.793,
      -34528068705976.32,
      -57437687245701.12
    ],
    "train_mac": [
      -0.8739735699892044,
      -0.8959152512550353,
      -0.896364841222763,
      -0.8930204026699066,
      -0.8943265798091888,
      -0.8932209122180939,
      -0.896613597869873,
      -0.8958730466365814,
      -0.8962293395996094,
      -0.8954348564147949
    ],
    "train_align": [
      1.9792764768600464,
      1.9118146767616273,
      1.8904859385490418,
      1.8824995002746583,
      1.8976838192939758,
      1.8982500567436218,
      1.9190410413742065,
      1.8792553253173827,
      1.8929472088813781,
      1.9006329674720763
    ],
    "train_ci": [
      -259152.84542760387,
      -62865057.964,
      -1935608060.288,
      -20638986473.472,
      -139306443538.432,
      -673464477155.328,
      -2248466055036.928,
      -5583675046494.208,
      -10933765062787.072,
      -18188395725455.36
    ]
  },
  "val_metrics": {
    "val_total_loss": [
      -1407508.67578125,
      -241544399.0,
      -5373260704.0,
      -46543214336.0,
      -287860008448.0,
      -1236724865024.0,
      -3688156127232.0,
      -7933689217024.0,
      -14480319119360.0,
      -21899065491456.0
    ],
    "val_mac": [
      0.9101658206347806,
      0.9097809370553612,
      0.909416830478165,
      0.9105172247785335,
      0.9104973833287935,
      0.9095839013583631,
      0.9094814439909497,
      0.9097389405348946,
      0.9105074272635421,
      0.9113701869143515
    ],
    "val_align": [
      1.5882936725392938,
      1.5923622557893395,
      1.6057179514318705,
      1.5936437658965588,
      1.5858730655163527,
      1.596562996506691,
      1.6109985876828432,
      1.5937289809808135,
      1.604904885403812,
      1.5853531016036868
    ],
    "val_ci": [
      -1407509.388671875,
      -241544399.0,
      -5373260704.0,
      -46543214336.0,
      -287860008448.0,
      -1236724865024.0,
      -3688156127232.0,
      -7933689217024.0,
      -14480319119360.0,
      -21899065491456.0
    ],
    "val_cip": [
      1.0,
      1.0,
      1.0,
      1.0,
      1.0,
      1.0,
      1.0,
      1.0,
      1.0,
      1.0
    ],
    "val_csi": [
      7.650879159005573e-05,
      4.7143075478537655e-06,
      1.9038673796006914e-05,
      1.8259546810025176e-05,
      9.149678875833506e-05,
      0.00025156559325870365,
      0.0,
      1.0816352476236486e-05,
      0.0002411376619950639,
      1.1786916282163486e-05
    ],
    "val_csi_structure_preference": [
      2.8732481627047335e-05,
      1.7899481727923217e-06,
      7.156175870770554e-06,
      6.814672656063614e-06,
      3.472926688680156e-05,
      9.761753279607932e-05,
      -3.069913081799047e-06,
      4.101430044034515e-06,
      9.051105155355454e-05,
      4.343876389367729e-06
    ],
    "val_csi_r2_mediated": [
      0.3755448364810124,
      0.37968421759144944,
      0.3758757541332242,
      0.373211489143975,
      0.3795681505121439,
      0.38804007945431523,
      0.3815507132319624,
      0.3791879058162493,
      0.3753501249232785,
      0.36853374414316376
    ],
    "val_csi_r2_direct": [
      0.37551610399938534,
      0.37968242764327664,
      0.37586859795735345,
      0.37320467447131894,
      0.3795334212452571,
      0.38794246192151915,
      0.3815537831450442,
      0.37918380438620525,
      0.37525961387172496,
      0.3685294002667744
    ],
    "val_mbri": [
      0.6115120940692595,
      0.6734907035937183,
      0.6384702080857471,
      0.6380122602149021,
      0.659577787098862,
      0.6264862489260301,
      0.6487993659212308,
      0.6307931078120769,
      0.6365319471124727,
      0.6148126167103098
    ],
    "val_y_gate_mean": [
      1.0,
      1.0,
      1.0,
      1.0,
      1.0,
      1.0,
      1.0,
      1.0,
      1.0,
      1.0
    ],
    "val_y_gate_std": [
      0.0,
      0.0,
      0.0,
      0.0,
      0.0,
      0.0,
      0.0,
      0.0,
      0.0,
      0.0
    ]
  },
  "best_metric": -21899065491456.0,
  "total_steps": 2500,
  "total_epochs": 10
}