{
  "train_metrics": {
    "train_total_loss": [
      -253291.09001904668,
      -57549416.718,
      -1456279223.488,
      -12457174739.968,
      -55764480622.592,
      -165866245849.088,
      -352786411421.696,
      -607720167833.6,
      -899594705960.96,
      -1288258556526.592
    ],
    "train_mac": [
      -0.8994278796911239,
      -0.9210076365470886,
      -0.9203334174156189,
      -0.9198161957263946,
      -0.9208324098587036,
      -0.9229569914340973,
      -0.9218750126361847,
      -0.9207578730583191,
      -0.919562246799469,
      -0.9209683964252472
    ],
    "train_align": [
      1.9065602045059205,
      1.829184365272522,
      1.8225597624778747,
      1.820005346775055,
      1.827956593990326,
      1.8098305468559266,
      1.8340429911613465,
      1.8336214623451232,
      1.838517144203186,
      1.8429255208969115
    ],
    "train_ci": [
      -192605.11741850633,
      -49482527.957,
      -1443099012.544,
      -16465572878.336,
      -114467682975.744,
      -505751650762.752,
      -1581178942652.416,
      -3775757938589.696,
      -7451220878819.328,
      -12599390124376.064
    ]
  },
  "val_metrics": {
    "val_total_loss": [
      -1153065.373046875,
      -184680038.5,
      -3858945536.0,
      -36890979136.0,
      -218030596352.0,
      -907877140480.0,
      -2460376010752.0,
      -5338788003840.0,
      -9943906271232.0,
      -16239050653696.0
    ],
    "val_mac": [
      0.930241614594344,
      0.9302527521368964,
      0.9306169045250025,
      0.9310160028652137,
      0.9307421363324803,
      0.928410647180066,
      0.9303010181816198,
      0.9298360995057151,
      0.929762345018087,
      0.930415640771437
    ],
    "val_align": [
      1.5757804475724697,
      1.5877476334571838,
      1.584096521139145,
      1.5743210390210152,
      1.5459568183869123,
      1.5904583223164082,
      1.580957256257534,
      1.5614597219973803,
      1.590721344575286,
      1.6014214027673006
    ],
    "val_ci": [
      -1153066.044921875,
      -184680038.5,
      -3858945536.0,
      -36890979136.0,
      -218030596352.0,
      -907877140480.0,
      -2460376010752.0,
      -5338788003840.0,
      -9943906271232.0,
      -16239050653696.0
    ],
    "val_cip": [
      1.0,
      1.0,
      1.0,
      1.0,
      1.0,
      1.0,
      1.0,
      1.0,
      1.0,
      1.0
    ],
    "val_csi": [
      0.0,
      6.8599015544213875e-06,
      4.898892417161678e-05,
      0.0,
      3.100659783756836e-05,
      0.001327042242327299,
      0.0,
      0.0,
      0.00013450701501420024,
      0.0
    ],
    "val_mbri": [
      0.757040749826061,
      0.7609275146161897,
      0.7725556625796379,
      0.7687039527641578,
      0.7668672615362646,
      0.7602028454444295,
      0.7633001125401796,
      0.7559010417520323,
      0.7598069696148326,
      0.7788045347864446
    ]
  },
  "best_metric": -16239050653696.0,
  "total_steps": 2500,
  "total_epochs": 10
}