{
  "train_metrics": {
    "train_total_loss": [
      -142676.96048734427,
      -1496628918.185,
      -158270216171.52
    ],
    "train_mbr": [
      -19.942047498822213,
      -9823.123329772949,
      -40211.56826171875
    ],
    "train_mac": [
      -0.6695325621962547,
      -0.5980932614207268,
      -0.5628137524425983
    ],
    "train_align": [
      2.382388195991516,
      2.729120752811432,
      3.0096346879005433
    ],
    "train_ci": [
      -30977.765276480503,
      -179615134.5903125,
      -18994506947.84
    ],
    "train_mbr_mi_zm_y": [
      2.032128598690033,
      2.3043118274211882,
      2.6956288385391236
    ],
    "train_mbr_cmi_zt_y_zm": [
      -21.974175952449443,
      -9825.427620849609,
      -40214.263828125
    ]
  },
  "val_metrics": {
    "val_total_loss": [
      -637445.9927884615,
      -1588085864.6153846,
      -188908070754.46155
    ],
    "val_mbr": [
      -157.71387158907376,
      -20763.15723947378,
      -74410.78816105769
    ],
    "val_mac": [
      0.6584004747357491,
      0.5437961230492846,
      0.5572239670722293
    ],
    "val_align": [
      2.0717600217232337,
      2.6064439553480883,
      2.83963183256296
    ],
    "val_ci": [
      -318628.7560096154,
      -794030475.6923077,
      -94453990242.46153
    ],
    "val_mbr_mi_zm_y": [
      1.9057564185215876,
      2.3802644289456882,
      2.811582216849694
    ],
    "val_mbr_cmi_zt_y_zm": [
      -159.61962685218225,
      -20765.537408682016,
      -74413.59990985577
    ],
    "val_cip": [
      0.0,
      0.0,
      0.0
    ],
    "val_csi": [
      0.25,
      0.25,
      0.25
    ],
    "val_csi_structure_preference_rf": [
      -0.30369528313237504,
      -0.25472217598162394,
      -0.21530980151103613
    ],
    "val_csi_r2_mediated_rf": [
      -0.4528910868380476,
      -0.404404292288298,
      -0.30889950631299146
    ],
    "val_csi_r2_direct_rf": [
      -0.14919580370567254,
      -0.14968211630667408,
      -0.09358970480195532
    ],
    "val_csi_r2_m_only_rf": [
      0.9622424050469233,
      0.9977701115154991,
      0.9993373484160166
    ],
    "val_csi_r2_perm_rf": [
      -0.06441798606743333,
      -0.2172076475888464,
      -0.1468107374098166
    ],
    "val_csi_csi_score_linear": [
      1.0,
      1.0,
      0.5
    ],
    "val_csi_structure_preference_linear": [
      -0.0019819835821786036,
      -0.053515203297138214,
      -0.08037625749905897
    ],
    "val_csi_r2_mediated_linear": [
      -1.1312331159909566,
      -0.4931064173579216,
      -1.0132104655106862
    ],
    "val_csi_r2_direct_linear": [
      -1.129251132408778,
      -0.4395912140607834,
      -0.9328342080116272
    ],
    "val_csi_r2_m_only_linear": [
      0.9447135527928671,
      0.99700927734375,
      0.9993362625439962
    ],
    "val_csi_r2_perm_linear": [
      -1.1631061136722565,
      -0.8250354727109274,
      -1.075575936378704
    ],
    "val_mbri": [
      0.5800139844660236,
      0.5125601340517258,
      0.5140823376217598
    ],
    "val_ric_score": [
      0.42623331177888213,
      0.4274797396840111,
      0.43297127494534055
    ],
    "val_ric_treatment": [
      0.6173683291144878,
      0.6169305548800648,
      0.6184099520066846
    ],
    "val_ric_mediator": [
      0.36321518121333846,
      0.4050181132589543,
      0.42663404514981224
    ],
    "val_ric_outcome": [
      0.2981164250088202,
      0.2604905509130142,
      0.2538698276795248
    ],
    "val_ric_components": [
      3,
      3,
      3
    ],
    "val_psr": [
      -0.3556465423751463,
      -0.3556465423751463,
      -0.3556465423751463
    ],
    "val_psr_interaction": [
      -0.1705506703801447,
      -0.1705506703801447,
      -0.1705506703801447
    ],
    "val_mni": [
      1.0,
      1.0,
      1.0
    ],
    "val_mni_conditional": [
      0.0,
      0.0,
      0.0
    ],
    "val_y_gate_mean": [
      0.5432522296905518,
      0.5485904812812805,
      0.5530880093574524
    ],
    "val_y_gate_std": [
      0.17499011754989624,
      0.2446732074022293,
      0.2974104583263397
    ],
    "val_struct_score": [
      0.36557160408650125,
      0.3397413506299821,
      0.3426615767520262
    ]
  },
  "best_metric": -188908070754.46155,
  "total_steps": 300,
  "total_epochs": 3
}