{
  "train_metrics": {
    "train_total_loss": [
      2.7573724460601805,
      2.579411940574646,
      2.528156805038452,
      2.4985174465179445,
      2.4989574122428895,
      2.4726116943359373,
      2.4723870372772216,
      2.469327791929245,
      2.452408673763275,
      2.434399788379669
    ],
    "train_contrastive_loss": [
      2.7573724460601805,
      2.579411940574646,
      2.528156805038452,
      2.4985174465179445,
      2.4989574122428895,
      2.4726116943359373,
      2.4723870372772216,
      2.469327791929245,
      2.452408673763275,
      2.434399788379669
    ],
    "train_z_T_vs_z_M_loss": [
      2.7171065855026244,
      2.578673527240753,
      2.530310208797455,
      2.499036490917206,
      2.5063149189949034,
      2.4735764598846437,
      2.47168555021286,
      2.468205087184906,
      2.4536988377571105,
      2.4349065256118774
    ],
    "train_z_T_vs_z_Y_loss": [
      2.797638328075409,
      2.5801503610610963,
      2.5260033917427065,
      2.4979984188079833,
      2.4915999007225036,
      2.4716469502449034,
      2.473088524341583,
      2.47045049905777,
      2.4511185002326967,
      2.4338930153846743
    ]
  },
  "val_metrics": {
    "val_contrastive_loss": [
      2.5675982328561635,
      2.538524682705219,
      2.5202677800105167,
      2.534539516155536,
      2.4873272455655613,
      2.5168577340932994,
      2.5154004463782678,
      2.7075657844543457,
      2.517436357644888,
      2.5308840641608605
    ],
    "val_total_loss": [
      2.5675982328561635,
      2.538524682705219,
      2.5202677800105167,
      2.534539516155536,
      2.4873272455655613,
      2.5168577340932994,
      2.5154004463782678,
      2.7075657844543457,
      2.517436357644888,
      2.5308840641608605
    ],
    "val_z_T_vs_z_M_loss": [
      2.6035031905541053,
      2.5658810138702393,
      2.5334480909200816,
      2.5311126158787656,
      2.489094239014846,
      2.527366968301626,
      2.512329046542828,
      2.7060768054081845,
      2.529078190143292,
      2.5274091500502367
    ],
    "val_z_T_vs_z_Y_loss": [
      2.531693311838003,
      2.5111684065598707,
      2.507087524120624,
      2.5379664164323072,
      2.4855602521162767,
      2.506348573244535,
      2.518471809533926,
      2.7090548001802883,
      2.505794561826266,
      2.534359014951266
    ],
    "val_cip": [
      0.0,
      1.0,
      0.0,
      1.0,
      0.0,
      0.0,
      0.0,
      0.0,
      0.0,
      0.0
    ],
    "val_csi": [
      0.25,
      0.25,
      0.25,
      0.25,
      0.25,
      0.25,
      0.25,
      0.25,
      0.25,
      0.25
    ],
    "val_csi_structure_preference_rf": [
      -0.004268238753318845,
      -0.08262965353164782,
      -0.10686929482978888,
      -0.16741380990175125,
      -0.16795489090856922,
      -0.14816260148539917,
      -0.17605320813714634,
      -0.14239255719425617,
      -0.12879874986833523,
      -0.16148657657549292
    ],
    "val_csi_r2_mediated_rf": [
      0.05562017977793166,
      0.020471687120841492,
      -0.04199932536025277,
      -0.14507136490935812,
      -0.21566416422052218,
      -0.07657239878806615,
      -0.1419418880201987,
      -0.013909623003112657,
      -0.07805957145995744,
      -0.06766199798525716
    ],
    "val_csi_r2_direct_rf": [
      0.05988841853125051,
      0.10310134065248931,
      0.06486996946953612,
      0.022342444992393132,
      -0.04770927331195295,
      0.07159020269733302,
      0.034111320116947653,
      0.1284829341911435,
      0.05073917840837777,
      0.09382457859023575
    ],
    "val_csi_r2_m_only_rf": [
      0.7151128594158016,
      0.8978878085550059,
      0.9389165491130221,
      0.9366691235338326,
      0.9460567502689491,
      0.9504153933862987,
      0.9664653140079844,
      0.969958504573472,
      0.9567663415680802,
      0.9673915993724981
    ],
    "val_csi_r2_perm_rf": [
      0.10641395001911318,
      0.13309876072933352,
      0.08802283836050812,
      0.03800528377573105,
      0.007183774458889559,
      0.05727452129772897,
      0.02317015923381986,
      0.06674135747977498,
      0.0395570482935356,
      0.02971490621344343
    ],
    "val_csi_csi_score_linear": [
      1.0,
      1.0,
      1.0,
      1.0,
      1.0,
      0.75,
      0.75,
      1.0,
      0.5,
      1.0
    ],
    "val_csi_structure_preference_linear": [
      0.005869726339976011,
      0.0342294077078501,
      -0.0012911775459845676,
      -0.06765473882357281,
      -0.06401697794596362,
      -0.3094747066497803,
      -0.07942774891853333,
      -0.02860371768474579,
      -0.9120958000421524,
      -0.08038253585497535
    ],
    "val_csi_r2_mediated_linear": [
      -0.28486063083012897,
      -0.8115080495675405,
      -0.27294334520896274,
      -0.49904511372248334,
      -1.1044024229049683,
      -3.718261996905009,
      -0.41967499256134033,
      -0.2161195104320844,
      -7.749333421389262,
      -0.5606316725413004
    ],
    "val_csi_r2_direct_linear": [
      -0.290730357170105,
      -0.8457374572753906,
      -0.2716521676629782,
      -0.4313903748989105,
      -1.0403854449590046,
      -3.4087872902552285,
      -0.340247243642807,
      -0.18751579274733862,
      -6.83723762134711,
      -0.4802491366863251
    ],
    "val_csi_r2_m_only_linear": [
      0.5489472250143687,
      0.8774836460749308,
      0.9555548230806986,
      0.9590872128804525,
      0.964105228583018,
      0.9607124328613281,
      0.9799176057179769,
      0.9872347315152487,
      0.9761046568552653,
      0.9835233489672343
    ],
    "val_csi_r2_perm_linear": [
      -0.4450318482187059,
      -0.9168588717778524,
      -0.4433531893624199,
      -0.5872768892182244,
      -1.2441678576999242,
      -3.725639647907681,
      -0.47503361768192714,
      -0.3903236967097554,
      -6.297569692134857,
      -0.6204469799995422
    ],
    "val_mbri": [
      0.5769418598678773,
      0.6314667343581434,
      0.6472234520171072,
      0.6207790564660898,
      0.6117184783551701,
      0.6432699427554512,
      0.610499667356205,
      0.5879687961246144,
      0.6063305481826975,
      0.5958604046636546
    ],
    "val_mac": [
      0.749624458163716,
      0.8476518807466848,
      0.8525669916256765,
      0.8366869466701846,
      0.8461962830677542,
      0.8927715338213335,
      0.8476339594662902,
      0.8101996590054507,
      0.8584216920121037,
      0.8519717857531468
    ],
    "val_ric_score": [
      0.4246386564153937,
      0.43536878952954067,
      0.4238894101216937,
      0.42487410844800166,
      0.42884966172308664,
      0.4459744054089221,
      0.43663701597764243,
      0.4363832130317394,
      0.43301301895902394,
      0.43213937223185644
    ],
    "val_ric_treatment": [
      0.6235740956946714,
      0.6245097944590132,
      0.6170804327848982,
      0.6294267360995727,
      0.6344911082738754,
      0.636761918186135,
      0.6275100320726453,
      0.6348355132546869,
      0.6273501251180124,
      0.6321025910572565
    ],
    "val_ric_mediator": [
      0.32485611532749065,
      0.379894441649376,
      0.3830481169732844,
      0.37837861654474036,
      0.3819975688557406,
      0.4173342429613839,
      0.4149207199865294,
      0.39964848176078066,
      0.40073003904466015,
      0.39615179044224763
    ],
    "val_ric_outcome": [
      0.3254857582240191,
      0.3017021324802328,
      0.2715396806068983,
      0.2668169726996919,
      0.27006030803964404,
      0.2838270550792475,
      0.2674802958737525,
      0.27466564407975047,
      0.2709588927143993,
      0.26816373519606496
    ],
    "val_ric_components": [
      3,
      3,
      3,
      3,
      3,
      3,
      3,
      3,
      3,
      3
    ],