{
  "scenario": "IM",
  "metrics": {
    "CIP": {
      "cip_score": 0.0,
      "p_value": 2.407000270709184e-11,
      "correlation": 0.7801969647407532,
      "n_samples": 50
    },
    "CSI": {
      "csi_score": 1.0,
      "csi_score_rf": 1.0,
      "r2_mediated_rf": 0.25279995513881653,
      "r2_direct_rf": 0.339003194868624,
      "r2_m_only_rf": 0.9481112008222133,
      "structure_preference_rf": -0.08620323972980748,
      "r2_perm_rf": 0.07880715630577269,
      "csi_score_linear": 0.75,
      "r2_mediated_linear": -80.28274281819661,
      "r2_direct_linear": -82.03403218587239,
      "r2_m_only_linear": 0.8204369147618612,
      "structure_preference_linear": 1.7512893676757812,
      "r2_perm_linear": -90.46828630235461,
      "features_T": 64,
      "features_M": 64,
      "features_Y": 64,
      "n_samples": 50,
      "cv_splits": 3,
      "perm_samples": 3
    },
    "MBRI": {
      "mbri_score": 0.509395207820196,
      "mi_m_y": 0.8869432217268871,
      "mi_t_y": 0.8542259196718759,
      "boundary_strength": 1.0383005138553667
    },
    "MAC": {
      "mac_score": 0.44909731592473856,
      "correlation": 0.44909731592473856,
      "p_value": 7.635768400254528e-62,
      "n_pairs": 1225
    },
    "RIC": {
      "treatment": 0.5773797456688483,
      "mi_treatment": 1.0236306366382533,
      "h_treatment": 1.7728897463811475,
      "mediator": 0.3859083310982328,
      "mi_mediator": 0.6995460082494869,
      "h_mediator": 1.8127258419107164,
      "outcome": 0.3984361390867125,
      "mi_outcome": 0.6981564787104557,
      "h_outcome": 1.7522418431380118,
      "ric_score": 0.45390807195126454,
      "ric_components": 3
    },
    "PSR": {
      "psr_score": 0.29404307599721285,
      "interaction_information": 0.1911966391615758,
      "mi_t_y": 0.650233434380846,
      "h_t": 1.7728897463811475,
      "h_m": 1.8127258419107164,
      "h_y": 1.7522418431380118
    },
    "MNI": {
      "mni_score": 1.0,
      "mi_total": 0.149223664300056,
      "mi_conditional": 0.0,
      "mi_joint": 0.4700623399580202,
      "mi_mediator": 0.7909010156159844
    }
  },
  "summary": {
    "main_scores": {
      "CIP": 0.0,
      "CSI": 1.0,
      "MBRI": 0.509395207820196,
      "MAC": 0.44909731592473856,
      "RIC": 0.45390807195126454,
      "PSR": 0.29404307599721285,
      "MNI": 1.0
    },
    "overall_score": 0.5294919530990588,
    "representation_quality": {
      "z_T": {
        "mean_norm": 4.5844950675964355,
        "std_norm": 1.9770563840866089,
        "mean_activation": -0.02812652289867401,
        "std_activation": 0.6234445571899414
      },
      "z_M": {
        "mean_norm": 5.527501106262207,
        "std_norm": 4.726130485534668,
        "mean_activation": -0.05033952370285988,
        "std_activation": 0.9076704382896423
      },
      "z_Y": {
        "mean_norm": 1.1281790733337402,
        "std_norm": 0.7348612546920776,
        "mean_activation": 0.037301983684301376,
        "std_activation": 0.16411489248275757
      }
    }
  },
  "representation_shapes": {
    "z_T": [
      50,
      64
    ],
    "z_M": [
      50,
      64
    ],
    "z_Y": [
      50,
      64
    ],
    "T": [
      50
    ],
    "M": [
      50
    ],
    "Y_star": [
      50
    ],
    "a_M": [
      50
    ],
    "a_Y": [
      50
    ],
    "b_style": [
      50
    ],
    "subject_id": [
      50
    ],
    "scenario": [
      50
    ]
  },
  "n_samples": 50
}