{
  "train_metrics": {
    "train_total_loss": [
      -164250836.60083163,
      -292303592745.984,
      -36749893680758.78
    ],
    "train_mac": [
      -0.6181790515184402,
      -0.5393885654807091,
      -0.523185216665268
    ],
    "train_align": [
      2.7701384172439574,
      3.035060824394226,
      3.352209796905518
    ],
    "train_ci": [
      -49055077.43613951,
      -87299248242.176,
      -10975705272549.377
    ]
  },
  "val_metrics": {
    "val_total_loss": [
      -508578655.0,
      -493869977216.0,
      -38108513222656.0
    ],
    "val_mac": [
      0.582323433084518,
      0.531060485720207,
      0.5096722229018721
    ],
    "val_align": [
      2.744591895490885,
      3.055125117301941,
      3.0028745532035828
    ],
    "val_ci": [
      -508578655.0,
      -493869977216.0,
      -38108513222656.0
    ],
    "val_cip": [
      1.0,
      1.0,
      1.0
    ],
    "val_csi": [
      0.25,
      0.25,
      1.0
    ],
    "val_csi_structure_preference_rf": [
      -0.19860224333736276,
      -0.2232298162257142,
      -0.20520164922152492
    ],
    "val_csi_r2_mediated_rf": [
      -0.11035168656414555,
      -0.1270109815347403,
      -0.15167209329512568
    ],
    "val_csi_r2_direct_rf": [
      0.08825055677321719,
      0.09621883469097388,
      0.05352955592639924
    ],
    "val_csi_r2_m_only_rf": [
      0.9976182346524721,
      0.9994885263711576,
      0.9996220248959219
    ],
    "val_csi_r2_perm_rf": [
      -0.05395000977987439,
      -0.08907386176915694,
      -0.22796587583001637
    ],
    "val_csi_csi_score_linear": [
      1.0,
      0.25,
      0.25
    ],
    "val_csi_structure_preference_linear": [
      -0.0012572556734085083,
      9.240085879960724e-05,
      -0.0018529308338960104
    ],
    "val_csi_r2_mediated_linear": [
      0.21666773408651352,
      0.16250998402635256,
      0.20937754834691683
    ],
    "val_csi_r2_direct_linear": [
      0.21792498975992203,
      0.16241758316755295,
      0.21123047918081284
    ],
    "val_csi_r2_m_only_linear": [
      0.9960266351699829,
      0.9990387757619222,
      0.9996251662572225
    ],
    "val_csi_r2_perm_linear": [
      0.18186233285814524,
      0.21293207673200718,
      0.26192657070027464
    ],
    "val_mbri": [
      0.6880750240994689,
      0.6806352346815128,
      0.6337613099129418
    ],
    "val_ric_score": [
      0.42779627846541407,
      0.3969944241748509,
      0.39490074305703476
    ],
    "val_ric_treatment": [
      0.610137697788183,
      0.5948707606625381,
      0.6025417591809775
    ],
    "val_ric_mediator": [
      0.3940404039884078,
      0.3335912426527588,
      0.306372612314557
    ],
    "val_ric_outcome": [
      0.27921073361965143,
      0.2625212692092559,
      0.2757878576755697
    ],
    "val_ric_components": [
      3,
      3,
      3
    ],
    "val_psr": [
      -0.5605223643340984,
      -0.5605223643340984,
      -0.5605223643340984
    ],
    "val_psr_interaction": [
      -0.20433661335756081,
      -0.20433661335756081,
      -0.20433661335756081
    ],
    "val_mni": [
      1.0,
      1.0,
      1.0
    ],
    "val_mni_conditional": [
      0.0,
      0.0,
      0.0
    ],
    "val_y_gate_mean": [
      0.4845197796821594,
      0.4881085753440857,
      0.4883553683757782
    ],
    "val_y_gate_std": [
      0.21901024878025055,
      0.2519179880619049,
      0.2529647648334503
    ],
    "val_struct_score": [
      0.48395319590218605,
      0.47116682574892466,
      0.5682588445053929
    ]
  },
  "best_metric": -38108513222656.0,
  "total_steps": 750,
  "total_epochs": 3
}