{
  "train_metrics": {
    "train_total_loss": [
      -77470.88724648773,
      -228819766.995,
      -21043597075.2
    ],
    "train_mac": [
      -0.7007271412760019,
      -0.5994329863786697,
      -0.5724362631142139
    ],
    "train_align": [
      2.3943391752243044,
      2.7228866314888,
      2.8599219059944154
    ],
    "train_ci": [
      -72460.92700059504,
      -238232056.15,
      -27517268488.96
    ]
  },
  "val_metrics": {
    "val_total_loss": [
      -386842.17908653844,
      -1196917383.3846154,
      -70163286173.53847
    ],
    "val_mac": [
      0.5723007460286691,
      0.5653373791644789,
      0.5199840487277277
    ],
    "val_align": [
      1.9972760952436006,
      2.3446176052093506,
      2.388218641281128
    ],
    "val_ci": [
      -386843.55528846156,
      -1196917383.3846154,
      -70163286173.53847
    ],
    "val_cip": [
      1.0,
      0.0,
      0.0
    ],
    "val_csi": [
      1.0,
      1.0,
      1.0
    ],
    "val_csi_structure_preference_rf": [
      -0.07686912461609616,
      -0.11205772278057624,
      -0.07053093143425282
    ],
    "val_csi_r2_mediated_rf": [
      0.22352249610789862,
      0.28827857667430107,
      0.25885618211063416
    ],
    "val_csi_r2_direct_rf": [
      0.3003916207239948,
      0.4003362994548773,
      0.329387113544887
    ],
    "val_csi_r2_m_only_rf": [
      0.945912025177131,
      0.997593797646528,
      0.9946095046250693
    ],
    "val_csi_r2_perm_rf": [
      0.19381813687939933,
      0.03290669835674518,
      0.01570792984700492
    ],
    "val_csi_csi_score_linear": [
      1.0,
      0.75,
      0.25
    ],
    "val_csi_structure_preference_linear": [
      0.002752246664992186,
      0.012236828605333969,
      -0.005070989330609649
    ],
    "val_csi_r2_mediated_linear": [
      -0.518324571972092,
      -0.08377096553643544,
      -0.14061762889226279
    ],
    "val_csi_r2_direct_linear": [
      -0.5210768186370842,
      -0.09600779414176941,
      -0.13554663956165314
    ],
    "val_csi_r2_m_only_linear": [
      0.9170315663019816,
      0.9950835704803467,
      0.9973950584729513
    ],
    "val_csi_r2_perm_linear": [
      -0.5773999411612749,
      -0.13469881067673364,
      -0.0009110531666212581
    ],
    "val_mbri": [
      0.5712819226374507,
      0.5115914341627907,
      0.50535634992006
    ],
    "val_ric_score": [
      0.44329619579252527,
      0.45374255408434516,
      0.43077763962031085
    ],
    "val_ric_treatment": [
      0.6270191675721172,
      0.6285821382158115,
      0.6279822643506575
    ],
    "val_ric_mediator": [
      0.34161096819206666,
      0.38266055539331384,
      0.32323279518754866
    ],
    "val_ric_outcome": [
      0.3612584516133921,
      0.34998496864391,
      0.34111785932272637
    ],
    "val_ric_components": [
      3,
      3,
      3
    ],
    "val_psr": [
      0.213862575283044,
      0.213862575283044,
      0.213862575283044
    ],
    "val_psr_interaction": [
      0.1398661317548413,
      0.1398661317548413,
      0.1398661317548413
    ],
    "val_mni": [
      1.0,
      1.0,
      1.0
    ],
    "val_mni_conditional": [
      0.0,
      0.0,
      0.0
    ],
    "val_y_gate_mean": [
      0.486480712890625,
      0.482844740152359,
      0.483417272567749
    ],
    "val_y_gate_std": [
      0.12361864000558853,
      0.21792583167552948,
      0.22796757519245148
    ],
    "val_struct_score": [
      0.6858202056773842,
      0.5349334203849513,
      0.5242829447930204
    ]
  },
  "best_metric": -70163286173.53847,
  "total_steps": 300,
  "total_epochs": 3
}