{
  "train_metrics": {
    "train_total_loss": [
      -39486.11130619228,
      -298973010.3628125,
      -25942639970.56,
      -716716052807.68,
      -8835864727388.16,
      -61056807275069.44,
      -284987362377728.0,
      -860745170000281.6,
      -2165501457250386.0,
      -4098078811818557.5
    ],
    "train_mac": [
      -0.7207275635004043,
      -0.5720685477554798,
      -0.5384086166322232,
      -0.5440048387646675,
      -0.530082385390997,
      -0.5072553324699401,
      -0.5086193003272638,
      -0.49911186944693325,
      -0.5044218027871102,
      -0.5224650871753692
    ],
    "train_align": [
      2.3139871442317963,
      2.499507179260254,
      2.9486965489387513,
      3.2402362513542173,
      3.468241710662842,
      3.5299174547195435,
      3.5924900197982788,
      3.6034702706336974,
      3.5746309566497803,
      3.5541043043136598
    ],
    "train_ci": [
      -36763.847733239905,
      -294738054.023125,
      -30935657688.32,
      -1105634995486.72,
      -19261064250654.72,
      -180673778286592.0,
      -1029517004777717.8,
      -3652503728533012.5,
      -1.0113721911969054e+16,
      -2.193577126425264e+16
    ]
  },
  "val_metrics": {
    "val_total_loss": [
      -358426.10096153844,
      -1202802623.6923077,
      -111319828558.76923,
      -3598106233304.615,
      -50247783637622.16,
      -222110143192457.84,
      -3336285645499471.0,
      -4993415359697841.0,
      -1.9632534804738364e+16,
      -2.8624405014047824e+16
    ],
    "val_mac": [
      0.6896500003251417,
      0.5267047671223654,
      0.5415065426671853,
      0.5332733473803881,
      0.5324944187606842,
      0.4857017213254085,
      0.5333084489784644,
      0.4974987371591345,
      0.49377145050369614,
      0.49194265818595295
    ],
    "val_align": [
      1.9599910424305842,
      2.53204738176786,
      2.9279113916250377,
      3.290531323506282,
      3.3555057232196512,
      3.4057835248800425,
      3.2384824752807617,
      3.4048934166248026,
      3.386100072127122,
      3.34568111713116
    ],
    "val_ci": [
      -358427.3810096154,
      -1202802623.6923077,
      -111319828558.76923,
      -3598106233304.615,
      -50247783637622.16,
      -222110143192457.84,
      -3336285645499471.0,
      -4993415359697841.0,
      -1.9632534804738364e+16,
      -2.8624405014047824e+16
    ],
    "val_cip": [
      1.0,
      1.0,
      1.0,
      1.0,
      1.0,
      1.0,
      1.0,
      1.0,
      1.0,
      1.0
    ],
    "val_csi": [
      0.25,
      0.25,
      0.25,
      0.25,
      0.75,
      0.25,
      0.5,
      0.25,
      0.25,
      0.25
    ],
    "val_csi_structure_preference_rf": [
      -0.1861858815493926,
      -0.30080213252582444,
      -0.2819873830606603,
      -0.2825131909497482,
      -0.15411328512011369,
      -0.5033258713236728,
      -0.26007801499957317,
      -0.4020167233873488,
      -0.3694876126143545,
      -0.3210819021534327
    ],
    "val_csi_r2_mediated_rf": [
      -0.32843920249106545,
      -0.47227816642460746,
      -0.4003453305834926,
      -0.4327691009964945,
      -0.18145196358850238,
      -0.6940994486952939,
      -0.4015844156355735,
      -0.5381948146307852,
      -0.54144567763794,
      -0.49832287116508334
    ],
    "val_csi_r2_direct_rf": [
      -0.14225332094167284,
      -0.171476033898783,
      -0.1183579475228323,
      -0.15025591004674632,
      -0.02733867846838869,
      -0.19077357737162118,
      -0.1415064006360003,
      -0.13617809124343644,
      -0.17195806502358557,
      -0.17724096901165062
    ],
    "val_csi_r2_m_only_rf": [
      0.8841209514939624,
      0.9955116830286305,
      0.9986089279339074,
      0.9991560429882408,
      0.9993862361538658,
      0.9988619450313146,
      0.9996775267979702,
      0.9989695673086864,
      0.9988369584517075,
      0.9990093225151516
    ],
    "val_csi_r2_perm_rf": [
      -0.04447982159679372,
      -0.120643045203481,
      -0.19286166203820107,
      -0.33971057765967744,
      -0.23482109105855797,
      -0.3137722802713157,
      -0.3470810567778331,
      -0.31387378974191926,
      -0.32734897710039895,
      -0.22976354470053195
    ],
    "val_csi_csi_score_linear": [
      0.25,
      1.0,
      1.0,
      0.25,
      0.25,
      0.25,
      0.25,
      0.25,
      0.5,
      0.25
    ],
    "val_csi_structure_preference_linear": [
      -0.017504006624221802,
      -0.04199962317943573,
      0.17635476589202903,
      -0.25603964924812317,
      -0.2985000809033709,
      -1.0948930929104486,
      0.06148011485735583,
      -0.5801398555437727,
      -0.04203544060389208,
      -0.1527720888455708
    ],
    "val_csi_r2_mediated_linear": [
      -1.240070641040802,
      -0.9895736773808798,
      -1.9565795262654622,
      -1.402963250875473,
      -2.3116239110628762,
      -3.5025668988625207,
      -1.502532531817754,
      -4.238937119642894,
      -2.0050418376922607,
      -1.0757069786389668
    ],
    "val_csi_r2_direct_linear": [
      -1.2225666344165802,
      -0.947574054201444,
      -2.132934292157491,
      -1.1469236016273499,
      -2.0131238301595054,
      -2.407673805952072,
      -1.5640126466751099,
      -3.658797264099121,
      -1.9630063970883687,
      -0.922934889793396
    ],
    "val_csi_r2_m_only_linear": [
      0.8159927924474081,
      0.9919553796450297,
      0.9984411001205444,
      0.9993316332499186,
      0.9996654589970907,
      0.9997044801712036,
      0.9998642206192017,
      0.9997199376424154,
      0.9997421900431315,
      0.9998237490653992
    ],
    "val_csi_r2_perm_linear": [
      -1.216140581501855,
      -1.2288819038205678,
      -2.1002201636632285,
      -0.7892975674735175,
      -1.3137790030903285,
      -1.155807765821616,
      -0.8794520133071475,
      -0.5371743080516657,
      -1.1785208384195964,
      -0.33676837120826036
    ],
    "val_mbri": [
      0.6437944016923047,
      0.5383489170249807,
      0.5593440773304443,
      0.5140947143547806,
      0.6163817709223579,
      0.4990194204264689,
      0.5746261233412252,
      0.5397222069221393,
      0.573352316602026,
      0.5514998160328167
    ],
    "val_ric_score": [
      0.431798384705355,
      0.4283896941110359,
      0.42436110606437016,
      0.43338808541179247,
      0.4266735133036961,
      0.39463955664512734,
      0.45232376767202326,
      0.410554531312602,
      0.4168431506315315,
      0.41313075247721387
    ],
    "val_ric_treatment": [
      0.6235592153304059,
      0.6188170778241523,
      0.6202478602908988,
      0.6280069598303047,
      0.6229674183640249,
      0.622823416112551,
      0.6283878292403432,
      0.6234731953675304,
      0.6221861591645789,
      0.6252561991400588
    ],
    "val_ric_mediator": [
      0.35302789151747693,
      0.39512011598398294,
      0.39677200254209194,
      0.4134962842586709,
      0.4013496882478031,
      0.32097214557276954,
      0.4282947984883676,
      0.3618432947421356,
      0.3795601530610332,
      0.36870988187134063
    ],
    "val_ric_outcome": [
      0.31880804726818207,
      0.27123188852497243,
      0.25606345536011976,
      0.2586610121464018,
      0.2557034332992602,
      0.2401231082500616,
      0.30028867528735914,
      0.2463471038281399,
      0.24878313966898238,
      0.2454261764202421
    ],
    "val_ric_components": [
      3,
      3,
      3,
      3,
      3,
      3,
      3,
      3,
      3,
      3
    ],
    "val_psr": [
      -0.3556465423751463,
      -0.3556465423751463,
      -0.3556465423751463,
      -0.3556465423751463,
      -0.3556465423751463,
      -0.3556465423751463,
      -0.3556465423751463,
      -0.3556465423751463,
      -0.3556465423751463,
      -0.3556465423751463
    ],