{
  "scenario": "IM",
  "metrics": {
    "CIP": {
      "cip_score": 1.0,
      "p_value": 0.23102734607372252,
      "correlation": 0.08507094532251358,
      "n_samples": 200
    },
    "CSI": {
      "csi_score": 0.25,
      "csi_score_rf": 0.25,
      "r2_mediated_rf": -0.27436662164308134,
      "r2_direct_rf": -0.03429295469571673,
      "r2_m_only_rf": 0.8862558149661864,
      "structure_preference_rf": -0.24007366694736462,
      "r2_perm_rf": -0.06085757161695943,
      "csi_score_linear": 1.0,
      "r2_mediated_linear": -1.4220715363820393,
      "r2_direct_linear": -1.340381920337677,
      "r2_m_only_linear": 0.7976324359575907,
      "structure_preference_linear": -0.08168961604436231,
      "r2_perm_linear": -1.519005278746287,
      "features_T": 64,
      "features_M": 64,
      "features_Y": 64,
      "n_samples": 200,
      "cv_splits": 3,
      "perm_samples": 3
    },
    "MBRI": {
      "mbri_score": 0.407675387992632,
      "mi_m_y": 0.24300413869993448,
      "mi_t_y": 0.35306847637677574,
      "boundary_strength": 0.6882634618389972
    },
    "MAC": {
      "mac_score": 0.39562822417932636,
      "correlation": 0.39562822417932636,
      "p_value": 0.0,
      "n_pairs": 19900
    },
    "RIC": {
      "treatment": 0.6098433708050721,
      "mi_treatment": 1.4277799491417187,
      "h_treatment": 2.341224011598963,
      "mediator": 0.26905159806960505,
      "mi_mediator": 0.5970414447758493,
      "h_mediator": 2.2190592673263945,
      "outcome": 0.3812110029290699,
      "mi_outcome": 0.8073494470417873,
      "h_outcome": 2.1178545137111295,
      "ric_score": 0.42003532393458237,
      "ric_components": 3
    },
    "PSR": {
      "psr_score": -0.17871113858147022,
      "interaction_information": -0.08668235768398702,
      "mi_t_y": 0.48504171800388685,
      "h_t": 2.341224011598963,
      "h_m": 2.2190592673263945,
      "h_y": 2.1178545137111295
    },
    "MNI": {
      "mni_score": 1.0,
      "mi_total": 0.10389837152084208,
      "mi_conditional": 0.0,
      "mi_joint": 0.3778913534613484,
      "mi_mediator": 0.6518843354018548
    }
  },
  "summary": {
    "main_scores": {
      "CIP": 1.0,
      "CSI": 0.25,
      "MBRI": 0.407675387992632,
      "MAC": 0.39562822417932636,
      "RIC": 0.42003532393458237,
      "PSR": -0.17871113858147022,
      "MNI": 1.0
    },
    "overall_score": 0.47066111393215293,
    "representation_quality": {
      "z_T": {
        "mean_norm": 4.173296928405762,
        "std_norm": 2.2951419353485107,
        "mean_activation": 0.0723106786608696,
        "std_activation": 0.5909399390220642
      },
      "z_M": {
        "mean_norm": 3.3718068599700928,
        "std_norm": 0.9476426243782043,
        "mean_activation": 0.0023618726991117,
        "std_activation": 0.43779900670051575
      },
      "z_Y": {
        "mean_norm": 1.7445300817489624,
        "std_norm": 1.258794903755188,
        "mean_activation": 0.027847258374094963,
        "std_activation": 0.2674625813961029
      }
    }
  },
  "representation_shapes": {
    "z_T": [
      200,
      64
    ],
    "z_M": [
      200,
      64
    ],
    "z_Y": [
      200,
      64
    ],
    "T": [
      200
    ],
    "M": [
      200
    ],
    "Y_star": [
      200
    ],
    "a_M": [
      200
    ],
    "a_Y": [
      200
    ],
    "b_style": [
      200
    ],
    "subject_id": [
      200
    ],
    "scenario": [
      200
    ]
  },
  "n_samples": 200
}