{
  "train_metrics": {
    "train_total_loss": [
      0.6566312181949615,
      -7841.769067339897,
      -7106686.133125
    ],
    "train_mac": [
      -0.6837470841407776,
      -0.7727709245681763,
      -0.6442901158332824
    ],
    "train_align": [
      2.5323920488357543,
      2.24648895740509,
      2.4316674661636353
    ],
    "train_ci": [
      -0.44647911995649336,
      -4773.249698038101,
      -2122479.4275
    ]
  },
  "val_metrics": {
    "val_total_loss": [
      2.867657780647278,
      -31250.697265625,
      -1745227.625
    ],
    "val_mac": [
      0.7674547143490348,
      0.7090902657963674,
      0.6418690738938315
    ],
    "val_align": [
      3.845170497894287,
      1.649084597826004,
      1.6346280686557293
    ],
    "val_ci": [
      -0.36070872843265533,
      -31251.74560546875,
      -1745228.75
    ],
    "val_cip": [
      0.0,
      0.0,
      0.0
    ],
    "val_csi": [
      0.25,
      0.75,
      0.25
    ],
    "val_csi_structure_preference_rf": [
      -0.009490096836995088,
      0.040433963050170094,
      -0.03775220920511638
    ],
    "val_csi_r2_mediated_rf": [
      -0.23089722780233624,
      -0.03792508366036759,
      -0.2498055775349937
    ],
    "val_csi_r2_direct_rf": [
      -0.22140713096534115,
      -0.07835904671053769,
      -0.2120533683298773
    ],
    "val_csi_r2_m_only_rf": [
      0.47215000486198216,
      0.7407567608543463,
      0.7462259640137469
    ],
    "val_csi_r2_perm_rf": [
      -0.044818635487767204,
      -0.11467697550934197,
      -0.20797754514489297
    ],
    "val_csi_csi_score_linear": [
      0.75,
      0.25,
      0.5
    ],
    "val_csi_structure_preference_linear": [
      -7390.660757700602,
      -22.67634129524231,
      0.8227672576904297
    ],
    "val_csi_r2_mediated_linear": [
      -18256.470748265583,
      -81.2162675857544,
      -3012.8092473347983
    ],
    "val_csi_r2_direct_linear": [
      -10865.809990564981,
      -58.539926290512085,
      -3013.6320145924888
    ],
    "val_csi_r2_m_only_linear": [
      0.06962993120153745,
      0.5726675391197205,
      0.7984919945398966
    ],
    "val_csi_r2_perm_linear": [
      -18993.61104075114,
      -58.29308536317614,
      -3007.1259075800576
    ],
    "val_mbri": [
      0.46581926157644044,
      0.4840578999847631,
      0.5046659624162108
    ],
    "val_ric_score": [
      0.44983851741296793,
      0.44296342115605875,
      0.43344911783875867
    ],
    "val_ric_treatment": [
      0.538274203331013,
      0.5284863568297413,
      0.5237062376948143
    ],
    "val_ric_mediator": [
      0.3954878001413526,
      0.4173642518272611,
      0.3854586701058555
    ],
    "val_ric_outcome": [
      0.4157535487665382,
      0.38303965481117386,
      0.3911824457156062
    ],
    "val_ric_components": [
      3,
      3,
      3
    ],
    "val_psr": [
      0.27856787101350905,
      0.27856787101350905,
      0.27856787101350905
    ],
    "val_psr_interaction": [
      0.12562933425213707,
      0.12562933425213707,
      0.12562933425213707
    ],
    "val_mni": [
      1.0,
      1.0,
      1.0
    ],
    "val_mni_conditional": [
      0.0,
      0.0,
      0.0
    ],
    "val_y_gate_mean": [
      0.4923413395881653,
      0.4853704571723938,
      0.4860799312591553
    ],
    "val_y_gate_std": [
      0.09332914650440216,
      0.11781904101371765,
      0.12092777341604233
    ],
    "val_struct_score": [
      0.45881148062170746,
      0.5235256368500998,
      0.4440788607374729
    ]
  },
  "best_metric": -1745227.625,
  "total_steps": 75,
  "total_epochs": 3
}