{
  "train_metrics": {
    "train_total_loss": [
      -10.24922020971775,
      -5543014.960792236,
      -886611837.12
    ],
    "train_mac": [
      -0.7112661953270435,
      -0.6270859098434448,
      -0.5506319826841355
    ],
    "train_align": [
      2.3809230971336364,
      2.5451184797286985,
      2.765547614097595
    ],
    "train_ci": [
      -7.090078402087093,
      -1683627.6326156617,
      -264795058.98
    ]
  },
  "val_metrics": {
    "val_total_loss": [
      -440.62306213378906,
      -3135474.2410714286,
      -1204546953.142857
    ],
    "val_mac": [
      0.6519674468776231,
      0.4998191108687494,
      0.535752190679148
    ],
    "val_align": [
      1.955657686505999,
      2.0998737130846297,
      2.172181819166456
    ],
    "val_ci": [
      -441.9800109863281,
      -3135475.8928571427,
      -1204546953.142857
    ],
    "val_cip": [
      1.0,
      1.0,
      1.0
    ],
    "val_csi": [
      1.0,
      1.0,
      1.0
    ],
    "val_csi_structure_preference_rf": [
      -0.07226527830382064,
      -0.007917718343312313,
      0.035096547079270124
    ],
    "val_csi_r2_mediated_rf": [
      0.11905405355114691,
      0.13636016904487233,
      0.38092433045044305
    ],
    "val_csi_r2_direct_rf": [
      0.19131933185496755,
      0.14427788738818464,
      0.3458277833711729
    ],
    "val_csi_r2_m_only_rf": [
      0.7981923601146167,
      0.9287935754666776,
      0.992459988382061
    ],
    "val_csi_r2_perm_rf": [
      0.05418484487913117,
      -0.21555710350497911,
      -0.5236570951783048
    ],
    "val_csi_csi_score_linear": [
      1.0,
      0.5,
      1.0
    ],
    "val_csi_structure_preference_linear": [
      -115.70784060160315,
      -0.2976798812548296,
      -24.93796730041504
    ],
    "val_csi_r2_mediated_linear": [
      -1002.3496882120768,
      -30.984976490338642,
      -124.80727926890056
    ],
    "val_csi_r2_direct_linear": [
      -886.6418476104736,
      -30.687296609083813,
      -99.86931196848552
    ],
    "val_csi_r2_m_only_linear": [
      -269.38510179519653,
      -2.1198511024316153,
      0.9503100117047628
    ],
    "val_csi_r2_perm_linear": [
      -1432.0401933458115,
      -31.39517729812198,
      -175.93169445461697
    ],
    "val_mbri": [
      0.5068380592316857,
      0.41484783308327094,
      0.5419224236485011
    ],
    "val_ric_score": [
      0.44709452020278856,
      0.41304288818735097,
      0.4364189242285161
    ],
    "val_ric_treatment": [
      0.580192679775516,
      0.5784058870568017,
      0.5787539183259134
    ],
    "val_ric_mediator": [
      0.3838266375108815,
      0.3116089426478988,
      0.3931685161476409
    ],
    "val_ric_outcome": [
      0.37726424332196806,
      0.34911383485735237,
      0.33733433821199393
    ],
    "val_ric_components": [
      3,
      3,
      3
    ],
    "val_psr": [
      0.4940423415758402,
      0.4940423415758402,
      0.4940423415758402
    ],
    "val_psr_interaction": [
      0.33117819337605736,
      0.33117819337605736,
      0.33117819337605736
    ],
    "val_mni": [
      1.0,
      1.0,
      1.0
    ],
    "val_mni_conditional": [
      0.0,
      0.0,
      0.0
    ],
    "val_y_gate_mean": [
      0.4863390326499939,
      0.48880425095558167,
      0.4853254556655884
    ],
    "val_y_gate_std": [
      0.10983259975910187,
      0.13237738609313965,
      0.22170233726501465
    ],
    "val_struct_score": [
      0.7285631954125625,
      0.688821739102173,
      0.7154479828760009
    ]
  },
  "best_metric": -1204546953.142857,
  "total_steps": 150,
  "total_epochs": 3
}