{
  "train_metrics": {
    "train_total_loss": [
      -54489.976345058974,
      -213140453.6646875,
      -21062033845.76,
      -521360659865.6,
      -4995802085457.92,
      -32970184725626.88,
      -142217232137584.62,
      -402261869865205.75,
      -878127656615280.6,
      -1569325351614546.0
    ],
    "train_mac": [
      -0.7253594788163901,
      -0.6237728488445282,
      -0.5872790342569352,
      -0.571204314827919,
      -0.554706414937973,
      -0.5564771723747254,
      -0.5462123200297355,
      -0.5571662303805351,
      -0.5401510666310787,
      -0.5502142806351185
    ],
    "train_align": [
      2.3326019513607026,
      2.675764479637146,
      2.8117990374565123,
      2.9729357242584227,
      3.149220962524414,
      3.187600111961365,
      3.3633588433265684,
      3.448834545612335,
      3.5502901577949526,
      3.6350929236412046
    ],
    "train_ci": [
      -50887.0110881925,
      -220739546.8146875,
      -27111966284.8,
      -920902926499.84,
      -13687114783784.96,
      -115073670405160.95,
      -620583241782394.9,
      -2354212670653071.5,
      -6723820130297446.0,
      -1.491831132272984e+16
    ]
  },
  "val_metrics": {
    "val_total_loss": [
      -293812.07692307694,
      -1139834838.1538463,
      -90687428923.07692,
      -5549379349582.77,
      -23590563439222.152,
      -238772541839517.53,
      -894840892676253.5,
      -4441157162742075.0,
      -8193731251243481.0,
      -1.419453589106499e+16
    ],
    "val_mac": [
      0.6039469370054442,
      0.583975262844945,
      0.5484360924284015,
      0.5843591706653585,
      0.5378123036865207,
      0.5657394797504111,
      0.5316916642399714,
      0.5343779851099298,
      0.53707150833724,
      0.5111207308617491
    ],
    "val_align": [
      2.080525673352755,
      2.4760236740112305,
      2.425478073266836,
      4.165421027403611,
      2.390624688221858,
      3.651229216502263,
      2.984436952150785,
      3.0703821915846605,
      2.71759924521813,
      3.0463819136986365
    ],
    "val_ci": [
      -293813.484375,
      -1139834838.1538463,
      -90687428923.07692,
      -5549379349582.77,
      -23590563439222.152,
      -238772541839517.53,
      -894840892676253.5,
      -4441157162742075.0,
      -8193731251243481.0,
      -1.419453589106499e+16
    ],
    "val_cip": [
      1.0,
      1.0,
      1.0,
      1.0,
      1.0,
      1.0,
      1.0,
      1.0,
      1.0,
      1.0
    ],
    "val_csi": [
      0.5,
      1.0,
      1.0,
      1.0,
      1.0,
      1.0,
      1.0,
      1.0,
      0.5,
      0.75
    ],
    "val_csi_structure_preference_rf": [
      -0.08624531358840976,
      -0.15971641691211513,
      -0.21233934895533502,
      -0.19829672499195633,
      -0.21458681968346027,
      -0.15482477599482147,
      -0.27065505328983197,
      -0.14049748842590565,
      -0.28135829890395386,
      -0.18406294696073244
    ],
    "val_csi_r2_mediated_rf": [
      0.12681655533414968,
      0.1049819898842506,
      -0.017134837362919618,
      0.04034060727722583,
      -0.01460747200660227,
      0.05198345787612635,
      -0.09513162237497753,
      0.11165691420790325,
      -0.05618504939409142,
      -0.028720812773607912
    ],
    "val_csi_r2_direct_rf": [
      0.21306186892255943,
      0.26469840679636575,
      0.1952045115924154,
      0.23863733226918216,
      0.199979347676858,
      0.20680823387094782,
      0.17552343091485442,
      0.2521544026338089,
      0.22517324950986242,
      0.15534213418712453
    ],
    "val_csi_r2_m_only_rf": [
      0.9151435363517798,
      0.9962308661603565,
      0.9973390345204711,
      0.9992307308811216,
      0.9979176383808838,
      0.9988748381449434,
      0.9984553529537185,
      0.9990362841414063,
      0.9979551946666015,
      0.9978759664419998
    ],
    "val_csi_r2_perm_rf": [
      0.14979666183439402,
      -0.015117285109892797,
      -0.15628725250057615,
      -0.22954469624502916,
      -0.1651614043157366,
      -0.26080790041408153,
      -0.17710181419075377,
      -0.1435811326221301,
      -0.09339686920728972,
      -0.12911700101013354
    ],
    "val_csi_csi_score_linear": [
      0.5,
      1.0,
      0.25,
      0.25,
      0.25,
      0.25,
      0.25,
      0.25,
      0.25,
      0.25
    ],
    "val_csi_structure_preference_linear": [
      -0.008223663394649833,
      -0.1943275978167851,
      0.02824375281731273,
      -0.8998275560637317,
      0.10439470410346985,
      -0.59686535410583,
      -0.25432502944022417,
      0.2748261441787083,
      -0.4910549558699131,
      -0.36219502737124776
    ],
    "val_csi_r2_mediated_linear": [
      -0.18807683000341058,
      -0.9690897713104883,
      -2.3430624902248383,
      -2.4924202946325145,
      -1.1414082497358322,
      -2.529782565931479,
      -1.432830694752435,
      -1.659118391573429,
      -3.5265898207823434,
      -1.761131467918555
    ],
    "val_csi_r2_direct_linear": [
      -0.17985316660876075,
      -0.7747621734937032,
      -2.371306243042151,
      -1.5925927385687828,
      -1.245802953839302,
      -1.932917211825649,
      -1.1785056653122108,
      -1.9339445357521374,
      -3.0355348649124303,
      -1.3989364405473073
    ],
    "val_csi_r2_m_only_linear": [
      0.8652956485748291,
      0.9911590615908304,
      0.9975544015566508,
      0.9994606177012125,
      0.9992767175038656,
      0.9995609521865845,
      0.9997267127037048,
      0.9996997117996216,
      0.9997645417849222,
      0.9998869299888611
    ],
    "val_csi_r2_perm_linear": [
      -0.18458107010357913,
      -1.0872927092843583,
      -1.1515650591916509,
      -0.9177379363940822,
      -0.9807284181523656,
      -0.6833968085961208,
      -0.3247999007710152,
      -0.27415691864573294,
      -0.15409289781301702,
      -0.14006903477840957
    ],
    "val_mbri": [
      0.6146298304478741,
      0.635712981554819,
      0.6027263605588321,
      0.622152318704019,
      0.5842815498238071,
      0.58877207319293,
      0.6029358273538842,
      0.5869941169123262,
      0.5950881019370188,
      0.5678158511489539
    ],
    "val_ric_score": [
      0.4340242068163942,
      0.43610336018119433,
      0.42123390351438594,
      0.4602166413786923,
      0.4195649092998752,
      0.4231508364611831,
      0.41645254997510883,
      0.4261266229148361,
      0.4199074092860071,
      0.41140622879377586
    ],
    "val_ric_treatment": [
      0.6128098254425679,
      0.6134947036697,
      0.6174495510864814,
      0.6147712244466106,
      0.6209966103275925,
      0.6208379551403932,
      0.6140861930988627,
      0.6180640652009715,
      0.6160252691705033,
      0.6128056267512633
    ],
    "val_ric_mediator": [
      0.36090622470482636,
      0.3747625942741594,
      0.34422841337337,
      0.46632265100282366,
      0.33284398319403496,
      0.36557194989457364,
      0.3481344985945899,
      0.3644969124423753,
      0.34294400330500086,
      0.33194407962779926
    ],
    "val_ric_outcome": [
      0.3283565703017883,
      0.32005278259972353,
      0.3020237460833064,
      0.2995560486866425,
      0.30485413437799813,
      0.2830426043485826,
      0.2871369582318739,
      0.2958188911011614,
      0.3007529553825173,
      0.28946898000226495
    ],
    "val_ric_components": [
      3,
      3,
      3,
      3,
      3,
      3,
      3,
      3,
      3,
      3
    ],
    "val_psr": [
      -0.6571334195002488,
      -0.6571334195002488,
      -0.6571334195002488,
      -0.6571334195002488,
      -0.6571334195002488,
      -0.6571334195002488,
      -0.6571334195002488,
      -0.6571334195002488,
      -0.6571334195002488,
      -0.6571334195002488
    ],