{
  "train_metrics": {
    "train_total_loss": [
      -32522.13753321141,
      -150094167.334375,
      -16959298232.96
    ],
    "train_mac": [
      -0.7233998923003674,
      -0.6547376921772957,
      -0.618561580479145
    ],
    "train_align": [
      2.3683252120018006,
      2.7687902307510375,
      2.914883155822754
    ],
    "train_ci": [
      -30313.97808577694,
      -164681123.3490625,
      -22630524797.44
    ]
  },
  "val_metrics": {
    "val_total_loss": [
      -240458.953125,
      -861101649.2307693,
      -83405885124.92308
    ],
    "val_mac": [
      0.6455834092257433,
      0.6461569635976149,
      0.6161825808322096
    ],
    "val_align": [
      2.0411659479141235,
      2.3673731088638306,
      2.4318998135053196
    ],
    "val_ci": [
      -240460.28846153847,
      -861101649.2307693,
      -83405885124.92308
    ],
    "val_cip": [
      1.0,
      1.0,
      1.0
    ],
    "val_csi": [
      0.75,
      1.0,
      1.0
    ],
    "val_csi_structure_preference_rf": [
      -0.06510090918698655,
      -0.11661688806586998,
      -0.06615118532335995
    ],
    "val_csi_r2_mediated_rf": [
      0.15461382897788328,
      0.22064943884630636,
      0.27232556984869755
    ],
    "val_csi_r2_direct_rf": [
      0.21971473816486983,
      0.33726632691217634,
      0.3384767551720575
    ],
    "val_csi_r2_m_only_rf": [
      0.9134307497028366,
      0.9949899779879074,
      0.9939249926310797
    ],
    "val_csi_r2_perm_rf": [
      0.1449533774759207,
      -0.0508952556151012,
      0.06966944885552746
    ],
    "val_csi_csi_score_linear": [
      0.75,
      0.5,
      0.25
    ],
    "val_csi_structure_preference_linear": [
      -0.01508895556131995,
      -0.02595317612091702,
      -0.09842721621195483
    ],
    "val_csi_r2_mediated_linear": [
      -0.7432199418544769,
      -0.35540159046649933,
      -1.4039247731367748
    ],
    "val_csi_r2_direct_linear": [
      -0.728130986293157,
      -0.3294484143455823,
      -1.30549755692482
    ],
    "val_csi_r2_m_only_linear": [
      0.875549296538035,
      0.9914713700612386,
      0.9976803859074911
    ],
    "val_csi_r2_perm_linear": [
      -0.7957847283946143,
      -0.3289119054873784,
      -0.5284057414780061
    ],
    "val_mbri": [
      0.7194222311073488,
      0.6741634956447797,
      0.7120573916005328
    ],
    "val_ric_score": [
      0.4431191781971542,
      0.45326983918898645,
      0.45566296814949575
    ],
    "val_ric_treatment": [
      0.6220244878004354,
      0.6201535262028461,
      0.6268113161346991
    ],
    "val_ric_mediator": [
      0.3658425366040246,
      0.3969816886318787,
      0.3918090930937137
    ],
    "val_ric_outcome": [
      0.3414905101870024,
      0.3426743027322344,
      0.3483684952200746
    ],
    "val_ric_components": [
      3,
      3,
      3
    ],
    "val_psr": [
      -0.11485618238205425,
      -0.11485618238205425,
      -0.11485618238205425
    ],
    "val_psr_interaction": [
      -0.05146587235173339,
      -0.05146587235173339,
      -0.05146587235173339
    ],
    "val_mni": [
      1.0,
      1.0,
      1.0
    ],
    "val_mni_conditional": [
      0.0,
      0.0,
      0.0
    ],
    "val_y_gate_mean": [
      0.4856528341770172,
      0.4863540530204773,
      0.48461952805519104
    ],
    "val_y_gate_std": [
      0.13546302914619446,
      0.2198774218559265,
      0.2419799119234085
    ],
    "val_struct_score": [
      0.6347526623068845,
      0.6655334451499038,
      0.6670066797428834
    ]
  },
  "best_metric": -83405885124.92308,
  "total_steps": 300,
  "total_epochs": 3
}