{
  "train_metrics": {
    "train_total_loss": [
      1.615338013768196,
      0.357332057505846,
      0.1481008553132415,
      0.1009093115106225,
      0.07148364432156086,
      0.054280165415257216,
      0.035677628950215874,
      0.030512650930322707,
      0.020726540035102516,
      0.01653229514369741
    ],
    "train_contrastive_loss": [
      1.615338013768196,
      0.357332057505846,
      0.1481008553132415,
      0.1009093115106225,
      0.07148364432156086,
      0.054280165415257216,
      0.035677628950215874,
      0.030512650930322707,
      0.020726540035102516,
      0.01653229514369741
    ],
    "train_z_M_vs_z_Y_loss": [
      1.615338013768196,
      0.357332057505846,
      0.1481008553132415,
      0.1009093115106225,
      0.07148364432156086,
      0.054280165415257216,
      0.035677628950215874,
      0.030512650930322707,
      0.020726540035102516,
      0.01653229514369741
    ]
  },
  "val_metrics": {
    "val_contrastive_loss": [
      0.7258411141542288,
      0.37903649646502274,
      0.21980239565555865,
      0.17798365824497664,
      0.1667937791118255,
      0.10943923747310272,
      0.14362012021816695,
      0.09210653459796539,
      0.07653743401169777,
      0.04657496168063237
    ],
    "val_total_loss": [
      0.7258411141542288,
      0.37903649646502274,
      0.21980239565555865,
      0.17798365824497664,
      0.1667937791118255,
      0.10943923747310272,
      0.14362012021816695,
      0.09210653459796539,
      0.07653743401169777,
      0.04657496168063237
    ],
    "val_z_M_vs_z_Y_loss": [
      0.7258411141542288,
      0.37903649646502274,
      0.21980239565555865,
      0.17798365824497664,
      0.1667937791118255,
      0.10943923747310272,
      0.14362012021816695,
      0.09210653459796539,
      0.07653743401169777,
      0.04657496168063237
    ],
    "val_cip": [
      0.0,
      0.0,
      0.0,
      0.0,
      0.0,
      1.0,
      0.0,
      1.0,
      0.0,
      0.0
    ],
    "val_csi": [
      0.25,
      0.25,
      0.25,
      0.25,
      0.25,
      0.25,
      0.25,
      0.25,
      0.25,
      0.25
    ],
    "val_csi_structure_preference_rf": [
      -0.180598296862533,
      -0.12383944006997666,
      -0.09975531021449069,
      -0.09485179155089538,
      -0.08393849873911297,
      -0.05602263934799939,
      -0.03231465911802045,
      -0.04736399565578869,
      -0.03406100121152014,
      -0.00039343654473367184
    ],
    "val_csi_r2_mediated_rf": [
      -0.3826554881630204,
      -0.3537511212725141,
      -0.3750566781527554,
      -0.3310861374923346,
      -0.35357559112516457,
      -0.2891653365528512,
      -0.23875498986202714,
      -0.30263822398099816,
      -0.2591735522798514,
      -0.2533993503403403
    ],
    "val_csi_r2_direct_rf": [
      -0.2020571913004874,
      -0.22991168120253747,
      -0.2753013679382647,
      -0.23623434594143924,
      -0.2696370923860516,
      -0.2331426972048518,
      -0.2064403307440067,
      -0.25527422832520946,
      -0.22511255106833125,
      -0.2530059137956066
    ],
    "val_csi_r2_m_only_rf": [
      0.89432873403537,
      0.853454934696618,
      0.7964509208249234,
      0.7598436272632575,
      0.7546109295481509,
      0.7389701930799069,
      0.7066830341959772,
      0.666521292742211,
      0.6547791866935332,
      0.6257810450534809
    ],
    "val_csi_r2_perm_rf": [
      -0.08745453124793491,
      -0.091182017469498,
      -0.11635382999264603,
      -0.1061003283401953,
      -0.12395421750351632,
      -0.10488913681818494,
      -0.09134337853912189,
      -0.11298594017890638,
      -0.10184820654791445,
      -0.1072506611375269
    ],
    "val_csi_csi_score_linear": [
      0.75,
      1.0,
      1.0,
      0.25,
      0.75,
      1.0,
      1.0,
      0.75,
      1.0,
      0.5
    ],
    "val_csi_structure_preference_linear": [
      -0.029895007610321045,
      -0.26616553465525317,
      -0.31304633617401123,
      -0.29337521394093835,
      -0.5028190016746521,
      -0.26998811960220337,
      -0.26141059398651134,
      -0.6503609418869021,
      -0.3493980666001637,
      -0.4327307244141898
    ],
    "val_csi_r2_mediated_linear": [
      -1.26365261276563,
      -1.20369819800059,
      -1.6171748638153076,
      -0.9113172888755798,
      -1.7163315614064534,
      -1.0736325979232788,
      -1.1805218855539958,
      -2.1460252602895102,
      -1.594891091187795,
      -2.0684147675832114
    ],
    "val_csi_r2_direct_linear": [
      -1.233757605155309,
      -0.9375326633453369,
      -1.3041285276412964,
      -0.6179420749346415,
      -1.2135125597318013,
      -0.8036444783210754,
      -0.9191112915674845,
      -1.4956643184026082,
      -1.2454930245876312,
      -1.6356840431690216
    ],
    "val_csi_r2_m_only_linear": [
      0.8996411363283793,
      0.9441997607549032,
      0.937700629234314,
      0.9534592827161154,
      0.9435432354609171,
      0.9317878286043803,
      0.9321624239285787,
      0.9321597814559937,
      0.9226776957511902,
      0.9147430857022604
    ],
    "val_csi_r2_perm_linear": [
      -1.4191280404726665,
      -1.3538731402821014,
      -1.7153466741244,
      -0.8840922315915426,
      -1.7004582219653661,
      -1.2991938524776034,
      -1.2605696717898052,
      -2.3756421539518566,
      -1.665219287077586,
      -1.9590335620774162
    ],
    "val_mbri": [
      0.4726624545331546,
      0.47981849832048146,
      0.46929632177611735,
      0.46695575561705244,
      0.4629024642320495,
      0.44991013106793115,
      0.4135999969785975,
      0.44276134561957714,
      0.4302744236756596,
      0.38456327775939925
    ],
    "val_mac": [
      0.6131095182683749,
      0.4612963920003205,
      0.3443055263720196,
      0.30437360823672,
      0.30633810066389683,
      0.29273550539177917,
      0.29758121218494143,
      0.20304912352996443,
      0.21908176608356247,
      0.20124258694537595
    ],
    "val_ric_score": [
      0.38491560826476207,
      0.3574717566413303,
      0.34580788573389426,
      0.3450027185615283,
      0.34019104217369533,
      0.345884146512744,
      0.34124617750071234,
      0.3370940178463149,
      0.3386430954747013,
      0.33449225080723566
    ],
    "val_ric_treatment": [
      0.6237314737483912,
      0.6234296686701989,
      0.6258073715848053,
      0.632049015623943,
      0.6257662494356471,
      0.6342915031755172,
      0.628080202040269,
      0.6304623129644933,
      0.6358799332070207,
      0.6310609653783877
    ],
    "val_ric_mediator": [
      0.3020462592043162,
      0.24615330042334113,
      0.22457960963885912,
      0.21783354211515998,
      0.21542681461121058,
      0.21923545836207572,
      0.21258245903431433,
      0.20331625046269394,
      0.20171271526074275,
      0.19730120831591466
    ],
    "val_ric_outcome": [
      0.2289690918415787,
      0.20283230083045084,
      0.1870366759780185,
      0.18512559794548195,
      0.17938006247422836,
      0.1841254780006391,
      0.18307587142755383,
      0.17750349011175737,
      0.17833663795634025,
      0.1751145787274046
    ],
    "val_ric_components": [
      3,
      3,
      3,
      3,
      3,
      3,
      3,
      3,
      3,
      3
    ],
    "val_psr": [
      -0.3556465423751463,
      -0.3556465423751463,
      -0.3556465423751463,
      -0.3556465423751463,
      -0.3556465423751463,
      -0.3556465423751463,
      -0.3556465423751463,
      -0.3556465423751463,
      -0.3556465423751463,
      -0.3556465423751463
    ],
    "val_psr_interaction": [
      -0.1705506703801447,
      -0.1705506703801447,
      -0.1705506703801447,
      -0.1705506703801447,
      -0.1705506703801447,
      -0.1705506703801447,
      -0.1705506703801447,
      -0.1705506703801447,
      -0.1705506703801447,
      -0.1705506703801447
    ],