{
  "train_metrics": {
    "train_total_loss": [
      -57364.908064844014,
      -208981377.333125,
      -19404267272.96
    ],
    "train_mac": [
      -0.7069929096847772,
      -0.5989937499165535,
      -0.5696579159796238
    ],
    "train_align": [
      2.3667092049121856,
      2.7181801795959473,
      2.8443634605407713
    ],
    "train_ci": [
      -53548.71192626975,
      -218770055.2003125,
      -26084664601.6
    ]
  },
  "val_metrics": {
    "val_total_loss": [
      -345426.55408653844,
      -856915490.4615384,
      -77612448216.61539
    ],
    "val_mac": [
      0.5849347416449182,
      0.5588008901161114,
      0.5174234053483403
    ],
    "val_align": [
      2.1355242178990292,
      2.3759669615672183,
      2.403510405467107
    ],
    "val_ci": [
      -345428.0408653846,
      -856915490.4615384,
      -77612448216.61539
    ],
    "val_cip": [
      1.0,
      0.0,
      1.0
    ],
    "val_csi": [
      0.5,
      0.5,
      1.0
    ],
    "val_csi_structure_preference_rf": [
      -0.09397517555062886,
      -0.22993568285578622,
      -0.21699332965586302
    ],
    "val_csi_r2_mediated_rf": [
      0.07501557319641801,
      -0.04853758939024345,
      -0.08595351170577437
    ],
    "val_csi_r2_direct_rf": [
      0.16899074874704686,
      0.18139809346554278,
      0.13103981795008865
    ],
    "val_csi_r2_m_only_rf": [
      0.92265677997052,
      0.9943695275935195,
      0.9920772845587696
    ],
    "val_csi_r2_perm_rf": [
      0.08309414237413164,
      -0.013478293908068909,
      -0.13740358085371815
    ],
    "val_csi_csi_score_linear": [
      0.75,
      1.0,
      0.5
    ],
    "val_csi_structure_preference_linear": [
      0.020260582367579105,
      0.1320140858491261,
      -0.03715580080946285
    ],
    "val_csi_r2_mediated_linear": [
      -0.6710213919480642,
      -0.7509475921591123,
      -0.4250137396156788
    ],
    "val_csi_r2_direct_linear": [
      -0.6912819743156433,
      -0.8829616780082384,
      -0.38785793880621594
    ],
    "val_csi_r2_m_only_linear": [
      0.8757399916648865,
      0.9855881134668986,
      0.9966933528582255
    ],
    "val_csi_r2_perm_linear": [
      -0.7343368099795448,
      -1.1628768907911662,
      -0.3943306414617432
    ],
    "val_mbri": [
      0.6213031186774423,
      0.6100163251533791,
      0.5808399610696175
    ],
    "val_ric_score": [
      0.4338648813048543,
      0.43044982720587016,
      0.41325964519642927
    ],
    "val_ric_treatment": [
      0.6173636227776584,
      0.6113763623406546,
      0.6164832811902726
    ],
    "val_ric_mediator": [
      0.3495347837574281,
      0.37028785550564514,
      0.3348938231361699
    ],
    "val_ric_outcome": [
      0.33469623737947646,
      0.30968526377131084,
      0.2884018312628454
    ],
    "val_ric_components": [
      3,
      3,
      3
    ],
    "val_psr": [
      -0.35152285992254245,
      -0.35152285992254245,
      -0.35152285992254245
    ],
    "val_psr_interaction": [
      -0.17107091557945875,
      -0.17107091557945875,
      -0.17107091557945875
    ],
    "val_mni": [
      1.0,
      1.0,
      1.0
    ],
    "val_mni_conditional": [
      0.0,
      0.0,
      0.0
    ],
    "val_y_gate_mean": [
      0.48597198724746704,
      0.48457229137420654,
      0.48449036478996277
    ],
    "val_y_gate_std": [
      0.12969644367694855,
      0.20763815939426422,
      0.23191772401332855
    ],
    "val_struct_score": [
      0.5412256973863817,
      0.39253488322183117,
      0.5942857359559779
    ]
  },
  "best_metric": -77612448216.61539,
  "total_steps": 300,
  "total_epochs": 3
}