{
  "scenario": "IM",
  "metrics": {
    "CIP": {
      "cip_score": 1.0,
      "p_value": 0.10330470876200282,
      "correlation": 0.11552853137254715,
      "n_samples": 200
    },
    "CSI": {
      "csi_score": 0.25,
      "csi_score_rf": 0.25,
      "r2_mediated_rf": -0.37712540635330954,
      "r2_direct_rf": -0.04300863120510895,
      "r2_m_only_rf": 0.9985025768966395,
      "structure_preference_rf": -0.3341167751482006,
      "r2_perm_rf": -0.2616987449641048,
      "csi_score_linear": 0.25,
      "r2_mediated_linear": -3.4023653542002044,
      "r2_direct_linear": -3.377226248383522,
      "r2_m_only_linear": 0.9997217853864034,
      "structure_preference_linear": -0.025139105816682328,
      "r2_perm_linear": -0.44701925002866333,
      "features_T": 64,
      "features_M": 64,
      "features_Y": 64,
      "n_samples": 200,
      "cv_splits": 3,
      "perm_samples": 3
    },
    "MBRI": {
      "mbri_score": 0.6664962543805025,
      "mi_m_y": 0.4699516486243362,
      "mi_t_y": 0.23515605283782143,
      "boundary_strength": 1.9984670731132488
    },
    "MAC": {
      "mac_score": 0.56520347084212,
      "correlation": 0.56520347084212,
      "p_value": 0.0,
      "n_pairs": 19900
    },
    "RIC": {
      "treatment": 0.6003859424111521,
      "mi_treatment": 1.405637990603321,
      "h_treatment": 2.341224011598963,
      "mediator": 0.34216282158300926,
      "mi_mediator": 0.7592795835899525,
      "h_mediator": 2.2190592673263945,
      "outcome": 0.3352140025505614,
      "mi_outcome": 0.7099344917130205,
      "h_outcome": 2.1178545137111295,
      "ric_score": 0.42592092218157424,
      "ric_components": 3
    },
    "PSR": {
      "psr_score": -0.17871113858147022,
      "interaction_information": -0.08668235768398702,
      "mi_t_y": 0.48504171800388685,
      "h_t": 2.341224011598963,
      "h_m": 2.2190592673263945,
      "h_y": 2.1178545137111295
    },
    "MNI": {
      "mni_score": 1.0,
      "mi_total": 0.11478008089614905,
      "mi_conditional": 0.0,
      "mi_joint": 0.6317659180258075,
      "mi_mediator": 1.148752717973542
    }
  },
  "summary": {
    "main_scores": {
      "CIP": 1.0,
      "CSI": 0.25,
      "MBRI": 0.6664962543805025,
      "MAC": 0.56520347084212,
      "RIC": 0.42592092218157424,
      "PSR": -0.17871113858147022,
      "MNI": 1.0
    },
    "overall_score": 0.5327013584032466,
    "representation_quality": {
      "z_T": {
        "mean_norm": 5.263660430908203,
        "std_norm": 3.0518710613250732,
        "mean_activation": -0.0043815369717776775,
        "std_activation": 0.7605385184288025
      },
      "z_M": {
        "mean_norm": 174.10302734375,
        "std_norm": 358.1820068359375,
        "mean_activation": 0.8603779673576355,
        "std_activation": 49.77430725097656
      },
      "z_Y": {
        "mean_norm": 37.170902252197266,
        "std_norm": 76.87963104248047,
        "mean_activation": 1.365257740020752,
        "std_activation": 10.586593627929688
      }
    }
  },
  "representation_shapes": {
    "z_T": [
      200,
      64
    ],
    "z_M": [
      200,
      64
    ],
    "z_Y": [
      200,
      64
    ],
    "T": [
      200
    ],
    "M": [
      200
    ],
    "Y_star": [
      200
    ],
    "a_M": [
      200
    ],
    "a_Y": [
      200
    ],
    "b_style": [
      200
    ],
    "subject_id": [
      200
    ],
    "scenario": [
      200
    ]
  },
  "n_samples": 200
}