{
  "train_metrics": {
    "train_total_loss": [
      -42968.925133363904,
      -184249528.94,
      -19955748240.0,
      -505968248053.76,
      -5035940300718.08,
      -31451028106772.48,
      -131285835390648.31,
      -379772192340049.94,
      -802623029803745.2,
      -1438834909647995.0
    ],
    "train_mac": [
      -0.7274934396892786,
      -0.6436958268284798,
      -0.6003473401069641,
      -0.5867706103622914,
      -0.576765486896038,
      -0.5752209833264351,
      -0.5695019206404686,
      -0.5816006441414356,
      -0.5678819705545902,
      -0.5779278972744941
    ],
    "train_align": [
      2.3456679725646974,
      2.712212543487549,
      2.885874903202057,
      3.037634189128876,
      3.2144964861869814,
      3.2834470510482787,
      3.473347935676575,
      3.5388222455978395,
      3.66955251455307,
      3.730294101238251
    ],
    "train_ci": [
      -40120.972238275295,
      -187025523.869375,
      -24626634922.24,
      -840112933027.84,
      -12844198644940.8,
      -103582125449543.69,
      -553329492429373.44,
      -2003865230471331.8,
      -5469584692074250.0,
      -1.200096113273602e+16
    ]
  },
  "val_metrics": {
    "val_total_loss": [
      -269679.79326923075,
      -943230464.0,
      -99022234545.23077,
      -5217147723145.846,
      -19235294473294.77,
      -248705027327212.3,
      -657728835783128.6,
      -3743372430802944.0,
      -6288504469565755.0,
      -1.243796893335552e+16
    ],
    "val_mac": [
      0.6279153498848312,
      0.6121856574082556,
      0.5935753003096937,
      0.6124286644960212,
      0.5807615619302701,
      0.6031127272732925,
      0.5632414168637769,
      0.5723192698514442,
      0.5595382157495293,
      0.5451064407510342
    ],
    "val_align": [
      2.077306472338163,
      2.554907963826106,
      2.5441365792201114,
      4.450071903375479,
      2.4083983531365027,
      4.036536950331468,
      2.6464200570033145,
      3.463753058360173,
      2.7773376611562877,
      3.3386550499842715
    ],
    "val_ci": [
      -269681.17908653844,
      -943230464.0,
      -99022234545.23077,
      -5217147723145.846,
      -19235294473294.77,
      -248705027327212.3,
      -657728835783128.6,
      -3743372430802944.0,
      -6288504469565755.0,
      -1.243796893335552e+16
    ],
    "val_cip": [
      0.0,
      1.0,
      1.0,
      1.0,
      1.0,
      1.0,
      1.0,
      1.0,
      1.0,
      1.0
    ],
    "val_csi": [
      0.25,
      1.0,
      1.0,
      1.0,
      1.0,
      1.0,
      1.0,
      1.0,
      1.0,
      1.0
    ],
    "val_csi_structure_preference_rf": [
      -0.08696750607966909,
      -0.09517157086485276,
      -0.09337470944966997,
      -0.14121976824694585,
      -0.16675410072460972,
      -0.14332672918987746,
      -0.1090817246016488,
      -0.14317668284130608,
      -0.14795588483734082,
      -0.2130371002040276
    ],
    "val_csi_r2_mediated_rf": [
      0.090828322509043,
      0.19110827692180712,
      0.23290460703272486,
      0.1403085719197126,
      0.06882255256128052,
      0.19374639461756563,
      0.21940244001626322,
      0.22937058453486858,
      0.13847483468238272,
      0.09590777392203076
    ],
    "val_csi_r2_direct_rf": [
      0.1777958285887121,
      0.2862798477866599,
      0.32627931648239483,
      0.28152834016665845,
      0.23557665328589025,
      0.3370731238074431,
      0.328484164617912,
      0.37254726737617466,
      0.28643071951972354,
      0.30894487412605837
    ],
    "val_csi_r2_m_only_rf": [
      0.922566763842036,
      0.9944336196249223,
      0.9967031133334663,
      0.998796119250943,
      0.9962213226421603,
      0.998560641824554,
      0.9961771037160013,
      0.9988212878954145,
      0.9970674258013861,
      0.9970592144356886
    ],
    "val_csi_r2_perm_rf": [
      0.15389476285119594,
      0.04622693187275504,
      -0.1820149164411873,
      -0.244766222005068,
      -0.12209448935878227,
      -0.2881860842244066,
      -0.07768887673688389,
      -0.018419605312003262,
      0.03227199093122942,
      -0.07619544181127937
    ],
    "val_csi_csi_score_linear": [
      0.75,
      0.25,
      0.5,
      0.25,
      0.25,
      0.25,
      0.25,
      0.25,
      0.25,
      0.25
    ],
    "val_csi_structure_preference_linear": [
      0.001195626954237583,
      -0.0271758995950222,
      -0.004246075948079436,
      -0.2679937034845352,
      -0.13725272317727422,
      0.038417359193166134,
      0.07865697393814708,
      0.04506951073805493,
      0.01560053726037336,
      -0.17836210379997874
    ],
    "val_csi_r2_mediated_linear": [
      -0.738134428858757,
      -0.9930280509094397,
      -0.141948023190101,
      -1.1167161464691162,
      -1.7065793896714847,
      -0.7843395471572876,
      -1.5221771548191707,
      -0.15977859000364938,
      -0.9316004266341528,
      -1.284391274054845
    ],
    "val_csi_r2_direct_linear": [
      -0.7393300558129946,
      -0.9658521513144175,
      -0.13770194724202156,
      -0.848722442984581,
      -1.5693266664942105,
      -0.8227569063504537,
      -1.6008341287573178,
      -0.20484810074170431,
      -0.9472009638945261,
      -1.1060291702548664
    ],
    "val_csi_r2_m_only_linear": [
      0.8783277074495951,
      0.9898184140523275,
      0.9981847206751505,
      0.9993891914685568,
      0.9991976022720337,
      0.9996743003527323,
      0.9996475776036581,
      0.9997824827829996,
      0.9998510281244913,
      0.999883790810903
    ],
    "val_csi_r2_perm_linear": [
      -0.7725675296452311,
      -0.7292883549299504,
      -0.09830174696010847,
      -0.7005484437363015,
      -0.33835098312960726,
      -0.32694029104378486,
      -0.23988059701191053,
      0.1328183494301306,
      -0.022616471681329926,
      0.12940850191646155
    ],
    "val_mbri": [
      0.6607764360148708,
      0.630787140533839,
      0.6710696892502177,
      0.6683329331921174,
      0.6172501558043447,
      0.643138386498577,
      0.6335168214579646,
      0.636057696059705,
      0.6501814655889941,
      0.6344171471285007
    ],
    "val_ric_score": [
      0.43453608388413634,
      0.43438798389376293,
      0.4345715581857476,
      0.46047749846405583,
      0.42206190999534754,
      0.43744833295662056,
      0.4250479726768516,
      0.4379997041179126,
      0.42802980766326115,
      0.41925703554463434
    ],
    "val_ric_treatment": [
      0.6138724668152792,
      0.6161482233214622,
      0.6193154975763722,
      0.6157155170187842,
      0.6208269467679681,
      0.6217077972898273,
      0.6194957892969781,
      0.6186183332143301,
      0.6126697762072573,
      0.6138893923411126
    ],
    "val_ric_mediator": [
      0.3539283426453214,
      0.364419165800675,
      0.36840731210621447,
      0.4562506273341781,
      0.3134980580268035,
      0.3895313543451815,
      0.3315235873480866,
      0.3880551506067741,
      0.34836380562457786,
      0.3430916835260101
    ],
    "val_ric_outcome": [
      0.3358074421918085,
      0.3225965625591514,
      0.3159918648746561,
      0.3094663510392052,
      0.3318607251912709,
      0.3011058472348529,
      0.32412454138549013,
      0.30732562853263357,
      0.32305584115794833,
      0.30079003076678046
    ],
    "val_ric_components": [
      3,
      3,
      3,
      3,
      3,
      3,
      3,
      3,
      3,
      3
    ],
    "val_psr": [
      -0.3556465423751463,
      -0.3556465423751463,
      -0.3556465423751463,
      -0.3556465423751463,
      -0.3556465423751463,
      -0.3556465423751463,
      -0.3556465423751463,
      -0.3556465423751463,
      -0.3556465423751463,
      -0.3556465423751463
    ],