{
  "train_metrics": {
    "train_total_loss": [
      0.6759458994865417,
      -7404.6337661266325,
      -6449957.3365625,
      -317546766.56,
      -5598323210.24,
      -46117500764.16,
      -204562087608.32,
      -696806779125.76,
      -1776266748887.04,
      -3576273022484.48
    ],
    "train_mac": [
      -0.6800858938694,
      -0.7626782512664795,
      -0.6451912021636963,
      -0.6059588420391083,
      -0.5890047359466553,
      -0.5771000862121582,
      -0.5756175225973129,
      -0.5408548176288605,
      -0.5646369963884353,
      -0.5640710920095444
    ],
    "train_align": [
      2.5463451814651488,
      2.283699984550476,
      2.5292121028900145,
      2.929392433166504,
      2.737279329299927,
      2.7581168842315673,
      2.978403663635254,
      2.9249239444732664,
      2.9429816722869875,
      3.0233898544311524
    ],
    "train_ci": [
      -0.4404541823267937,
      -4540.112579081058,
      -1926341.129375,
      -94838361.68,
      -1671992476.16,
      -13773430272.0,
      -61094413434.88,
      -208107973181.44,
      -530498965995.52,
      -1068087957258.24
    ]
  },
  "val_metrics": {
    "val_total_loss": [
      2.855094701051712,
      -21733.565673828125,
      -2462522.5,
      -99708496.0,
      -2253668752.0,
      -12299481504.0,
      -161014276096.0,
      -273931841536.0,
      -1171610583040.0,
      -1160120467456.0
    ],
    "val_mac": [
      0.7626810006221084,
      0.7056600454211047,
      0.6495818229412482,
      0.6401275746840335,
      0.6439937541084949,
      0.6474952656429619,
      0.6473020660140075,
      0.6488495039124949,
      0.6521185439918218,
      0.6422572944349028
    ],
    "val_align": [
      3.8187439143657684,
      1.6192657053470612,
      1.7517200708389282,
      1.7016995780868456,
      1.774518359452486,
      1.8142906313296407,
      3.1034958362579346,
      2.2281838338822126,
      4.310826539993286,
      2.274931877851486
    ],
    "val_ci": [
      -0.3532979339361191,
      -21734.604248046875,
      -2462523.75,
      -99708496.0,
      -2253668752.0,
      -12299481504.0,
      -161014276096.0,
      -273931841536.0,
      -1171610583040.0,
      -1160120467456.0
    ],
    "val_cip": [
      0.0,
      1.0,
      0.0,
      0.0,
      1.0,
      0.0,
      0.0,
      1.0,
      0.0,
      0.0
    ],
    "val_csi": [
      0.25,
      0.5,
      1.0,
      0.75,
      0.75,
      0.75,
      0.5,
      0.75,
      1.0,
      1.0
    ],
    "val_csi_structure_preference_rf": [
      0.14999186257401673,
      0.011041659405463172,
      0.04643748946242328,
      -0.16180621024706124,
      -0.11358249802502915,
      -0.21345962479481212,
      -0.16583502815682644,
      -0.20512630789750258,
      -0.1723615466874988,
      -0.08056347382688867
    ],
    "val_csi_r2_mediated_rf": [
      -0.19433924179371717,
      -0.11161028611597786,
      0.004161737844693518,
      -0.14646196340401332,
      -0.05645358288629365,
      -0.1274180536690652,
      -0.09653081234990508,
      -0.07800044251538828,
      -0.09034645126438401,
      0.02030954191323649
    ],
    "val_csi_r2_direct_rf": [
      -0.3443311043677339,
      -0.12265194552144103,
      -0.042275751617729763,
      0.015344246843047906,
      0.05712891513873549,
      0.08604157112574694,
      0.06930421580692135,
      0.12712586538211432,
      0.08201509542311479,
      0.10087301574012515
    ],
    "val_csi_r2_m_only_rf": [
      0.32701014134374295,
      0.6224113412886816,
      0.7784590789283107,
      0.8997795637068652,
      0.9484295479890186,
      0.9468909752311266,
      0.9646907354172335,
      0.9639101909358999,
      0.9728502952236053,
      0.9640696983932306
    ],
    "val_csi_r2_perm_rf": [
      -0.11688225381310331,
      -0.09688534795353228,
      -0.3481514069491148,
      -0.2412549305526744,
      -0.2100983965623533,
      -0.2361564052959917,
      -0.15987633583142294,
      -0.35850216629535175,
      -0.273245287580182,
      -0.3653855509303446
    ],
    "val_csi_csi_score_linear": [
      0.5,
      0.25,
      0.25,
      0.25,
      0.5,
      0.75,
      0.75,
      0.25,
      0.75,
      0.75
    ],
    "val_csi_structure_preference_linear": [
      83.92510541280126,
      -10.891288757324219,
      -10.635525067647336,
      0.30895932515461766,
      0.31123288472494437,
      0.24238475163777906,
      5.710099538167299,
      -78.94850365320843,
      -1.206620216369629,
      -0.13129822413126568
    ],
    "val_csi_r2_mediated_linear": [
      -1113.2197011311848,
      -5177.1348969141645,
      -978.1055042743683,
      -44.375638802846275,
      -208.95580927530924,
      -32.122792879740395,
      -508.7119862238566,
      -357.9365660349528,
      -34.39649852116903,
      -9.437875072161356
    ],
    "val_csi_r2_direct_linear": [
      -1197.144806543986,
      -5166.24360815684,
      -967.469979206721,
      -44.68459812800089,
      -209.26704216003418,
      -32.365177631378174,
      -514.4220857620239,
      -278.9880623817444,
      -33.1898783047994,
      -9.30657684803009
    ],
    "val_csi_r2_m_only_linear": [
      -0.1490059976155559,
      0.5020069777965546,
      0.6832937598228455,
      0.9391220410664877,
      0.9862796465555826,
      0.9875621398289999,
      0.9955489834149679,
      0.9964771469434103,
      0.9978987574577332,
      0.9975208242734274
    ],
    "val_csi_r2_perm_linear": [
      -1077.2457404666477,
      -5155.165646235148,
      -959.7059799035391,
      -44.1716038915846,
      -209.23854849073624,
      -32.11313819885254,
      -531.6159368620979,
      -267.08662006590106,
      -102.8714190589057,
      -10.813791553179422
    ],
    "val_mbri": [
      0.5143146229961391,
      0.5173755284885498,
      0.5379590232441118,
      0.463709610214044,
      0.45691307115194235,
      0.4976352752692978,
      0.4905913133873647,
      0.4940805427648553,
      0.48754749699581074,
      0.4956642186132882
    ],
    "val_ric_score": [
      0.4587662034090358,
      0.4445628245813904,
      0.442571065380346,
      0.4601585345852861,
      0.45895884334560993,
      0.44789505689179016,
      0.46122760186629463,
      0.44963825250484096,
      0.4493278189205767,
      0.4476812268842842
    ],
    "val_ric_treatment": [
      0.5300378656195227,
      0.5228924813599893,
      0.49357032701956904,
      0.4998003891193783,
      0.5100695297665797,
      0.5056361427928913,
      0.498602323860446,
      0.5034490084000176,
      0.5035291834439387,
      0.49306708618716877
    ],
    "val_ric_mediator": [
      0.4235517660434506,
      0.4339906625268074,
      0.43848947406405,
      0.4684294346160276,
      0.4725971299627707,
      0.44285625912721305,
      0.5040823097654492,
      0.47233097582851163,
      0.46789790046965857,
      0.47327017801211596
    ],
    "val_ric_outcome": [
      0.42270897856413403,
      0.37680532985737447,
      0.395653395057419,
      0.41224578002045237,
      0.3942098703074793,
      0.3951927687552661,
      0.38099817197298863,
      0.37313477328599365,
      0.37655637284813287,
      0.3767064164535678
    ],
    "val_ric_components": [
      3,
      3,
      3,
      3,
      3,
      3,
      3,
      3,
      3,
      3
    ],
    "val_psr": [
      0.2297772672044433,
      0.2297772672044433,
      0.2297772672044433,
      0.2297772672044433,
      0.2297772672044433,
      0.2297772672044433,
      0.2297772672044433,
      0.2297772672044433,
      0.2297772672044433,
      0.2297772672044433
    ],
    "val_psr_interaction": [
      0.09596677298407252,
      0.09596677298407252,
      0.09596677298407252,
      0.09596677298407252,
      0.09596677298407252,
      0.09596677298407252,
      0.09596677298407252,
      0.09596677298407252,
      0.09596677298407252,
      0.09596677298407252
    ],