{
  "train_metrics": {
    "train_total_loss": [
      0.9276213973760605,
      0.4588785151392221,
      0.3553594285622239,
      0.28765808057039977,
      0.22952271584421396,
      0.1969366255030036,
      0.18129003202542662,
      0.16013557897880673,
      0.15555102629587053,
      0.15211316991597415
    ],
    "train_dear_recon_loss": [
      0.9275534957647323,
      0.45860794238746166,
      0.3548633579909801,
      0.2872738541662693,
      0.22919794369488955,
      0.19676022227853537,
      0.18105760250240566,
      0.1598503028228879,
      0.15532320514321327,
      0.15186855562031268
    ],
    "train_dear_disentangle": [
      6.790197860482295e-05,
      0.00027057373838033525,
      0.0004960710913292132,
      0.00038422607503889593,
      0.0003247714143435587,
      0.00017640277121245163,
      0.00023242904928338248,
      0.0002852764407725772,
      0.00022782076106523164,
      0.0002446141549444292
    ]
  },
  "val_metrics": {
    "val_dear_recon_loss": [
      0.17083164934928602,
      0.0665196359444123,
      0.11038958453215085,
      0.05013232119381428,
      0.050562477455689356,
      0.022836860914069872,
      0.02247693045781209,
      0.02360617756270445,
      0.052396675428518884,
      0.04648794849904684
    ],
    "val_dear_disentangle": [
      0.00014098176744972498,
      0.0006991997260439137,
      0.0002814366682566917,
      0.000146548463817453,
      0.0003082049174386506,
      7.49441055981711e-05,
      0.00014364944679702882,
      0.0001676513721367183,
      0.0002436181113388067,
      0.00022886906383344188
    ],
    "val_total_loss": [
      0.170972629235341,
      0.06721883596709141,
      0.1106710210442543,
      0.050278869815743886,
      0.050870682327793196,
      0.022911805301331557,
      0.022620580015847318,
      0.023773828736291483,
      0.05264029308007313,
      0.046716817583029084
    ],
    "val_cip": [
      0.0,
      0.0,
      0.0,
      0.0,
      0.0,
      0.0,
      0.0,
      0.0,
      0.0,
      0.0
    ],
    "val_csi": [
      0.25,
      0.25,
      0.25,
      0.25,
      0.25,
      0.25,
      0.25,
      0.25,
      0.25,
      0.25
    ],
    "val_csi_structure_preference_rf": [
      -0.0790173135350849,
      -0.15554556318425072,
      -0.1205618305818871,
      -0.11749957839390394,
      -0.11144226768473797,
      -0.020438950300829054,
      -0.06768692201110105,
      -0.10309677755631808,
      -0.08330993014370862,
      -0.13650672529917662
    ],
    "val_csi_r2_mediated_rf": [
      -0.012222616511329118,
      -0.19396660180670688,
      -0.12053601354490462,
      -0.23639517323197398,
      -0.14443726007945015,
      -0.065498528525241,
      -0.12629884406623781,
      -0.1596720991141377,
      -0.17689022880203487,
      -0.2691447293608666
    ],
    "val_csi_r2_direct_rf": [
      0.06679469702375578,
      -0.03842103862245616,
      2.581703698247787e-05,
      -0.11889559483807004,
      -0.03299499239471218,
      -0.04505957822441195,
      -0.05861192205513676,
      -0.056575321557819636,
      -0.09358029865832625,
      -0.13263800406168996
    ],
    "val_csi_r2_m_only_rf": [
      0.8283756053066932,
      0.9052163430330905,
      0.8583364458677666,
      0.8130407557872493,
      0.8618712310485197,
      0.7495091259028932,
      0.7903584557320374,
      0.8064150751261018,
      0.8029828269207391,
      0.8299049016039096
    ],
    "val_csi_r2_perm_rf": [
      0.11754841321355929,
      0.018939248308001727,
      0.06145118269947548,
      -0.01656265390868747,
      0.01599001256391143,
      0.01603752493981792,
      0.07002738087568561,
      0.034275426748150456,
      0.013731682429936512,
      0.00143389863014864
    ],
    "val_csi_csi_score_linear": [
      1.0,
      1.0,
      0.5,
      0.75,
      0.75,
      0.75,
      1.0,
      1.0,
      0.5,
      1.0
    ],
    "val_csi_structure_preference_linear": [
      0.025449653466542488,
      -0.11181462804476405,
      -0.16587969660758972,
      -0.09250537057717634,
      -0.029086952408154843,
      -0.07011282444000244,
      -0.056934999922911345,
      -0.011880139509836796,
      -0.47399241477251053,
      -0.05747106671333313
    ],
    "val_csi_r2_mediated_linear": [
      -0.8670253356297811,
      -1.3242517014344533,
      -2.3211806615193686,
      -1.2777607217431068,
      -0.6177728772163391,
      -2.0731570720672607,
      -0.5365021452307701,
      -0.6142913699150085,
      -2.487843982875347,
      -0.6286523044109344
    ],
    "val_csi_r2_direct_linear": [
      -0.8924749890963236,
      -1.2124370733896892,
      -2.155300964911779,
      -1.1852553511659305,
      -0.5886859248081843,
      -2.0030442476272583,
      -0.47956714530785877,
      -0.6024112304051717,
      -2.0138515681028366,
      -0.5711812376976013
    ],
    "val_csi_r2_m_only_linear": [
      0.744239091873169,
      0.8549572030703226,
      0.7749836643536886,
      0.7483400503794352,
      0.7759407758712769,
      0.582724372545878,
      0.6874817411104838,
      0.6782785852750143,
      0.7142392794291178,
      0.7334004441897074
    ],
    "val_csi_r2_perm_linear": [
      -0.9394259055455526,
      -1.6976189497444365,
      -2.9220991134643555,
      -1.3248655580812032,
      -0.6290231098731359,
      -2.206957631640964,
      -0.8388424639900526,
      -0.758915854824914,
      -2.314456407963816,
      -0.7112150655852424
    ],
    "val_mbri": [
      0.4907162868045515,
      0.5873780997680862,
      0.566466477381292,
      0.4958281916837604,
      0.5050332420296366,
      0.47666953294115577,
      0.45599516662712336,
      0.4697604751556077,
      0.46524533297648707,
      0.4823049281397834
    ],
    "val_mac": [
      0.5390069343227216,
      0.5351238799440736,
      0.6075993474405331,
      0.529796050171478,
      0.7069758619167532,
      0.5692473100459562,
      0.6977214283610965,
      0.6986267457355788,
      0.7179924020268847,
      0.66388642619721
    ],
    "val_ric_score": [
      0.4112619194948956,
      0.41072617161149977,
      0.4224944750428639,
      0.4226774543174354,
      0.45217931622963387,
      0.4428044742440618,
      0.45437513308364247,
      0.45592172999640573,
      0.4592465415560545,
      0.454917428824878
    ],
    "val_ric_treatment": [
      0.6256651724560768,
      0.6247931171366338,
      0.6253488560036761,
      0.6300725044930782,
      0.6236079474260413,
      0.6286365441932924,
      0.6262802000180719,
      0.6225357935689743,
      0.6247487044961422,
      0.627130342263791
    ],
    "val_ric_mediator": [
      0.2829726855636238,
      0.28680494553551894,
      0.30470070034178387,
      0.2838668431308722,
      0.3457758020773578,
      0.30831031810948256,
      0.3341223508069472,
      0.3586834662217553,
      0.35612820666541434,
      0.3571734955748759
    ],
    "val_ric_outcome": [
      0.32514790046498626,
      0.32058045216234643,
      0.33743386878313175,
      0.354093015328356,
      0.3871541991855024,
      0.39146656042941036,
      0.4027228484259083,
      0.3865459301984876,
      0.39686271350660707,
      0.380448448635967
    ],
    "val_ric_components": [
      3,
      3,
      3,
      3,
      3,
      3,
      3,
      3,
      3,
      3
    ],
    "val_psr": [
      -0.3556465423751463,
      -0.3556465423751463,
      -0.3556465423751463,
      -0.3556465423751463,
      -0.3556465423751463,
      -0.3556465423751463,
      -0.3556465423751463,
      -0.3556465423751463,
      -0.3556465423751463,
      -0.3556465423751463
    ],
    "val_psr_interaction": [
      -0.1705506703801447,
      -0.1705506703801447,
      -0.1705506703801447,
      -0.1705506703801447,
      -0.1705506703801447,
      -0.1705506703801447,
      -0.1705506703801447,
      -0.1705506703801447,
      -0.1705506703801447,
      -0.1705506703801447
    ],