{
  "scenario": "IM",
  "metrics": {
    "CIP": {
      "cip_score": 1.0,
      "p_value": 0.2710038861994338,
      "correlation": 0.11113113909959793,
      "n_samples": 100
    },
    "CSI": {
      "csi_score": 0.25,
      "csi_score_rf": 0.25,
      "r2_mediated_rf": -0.4060766030993425,
      "r2_direct_rf": -0.17747523554296277,
      "r2_m_only_rf": 0.995776353365604,
      "structure_preference_rf": -0.22860136755637975,
      "r2_perm_rf": -0.19971831620693256,
      "csi_score_linear": 0.5,
      "r2_mediated_linear": -83.24828402201335,
      "r2_direct_linear": -71.4026247660319,
      "r2_m_only_linear": 0.9663471579551697,
      "structure_preference_linear": -11.845659255981445,
      "r2_perm_linear": -67.85648822784424,
      "features_T": 64,
      "features_M": 64,
      "features_Y": 64,
      "n_samples": 100,
      "cv_splits": 3,
      "perm_samples": 3
    },
    "MBRI": {
      "mbri_score": 0.6117015982430587,
      "mi_m_y": 0.5212651989054072,
      "mi_t_y": 0.3308908103082017,
      "boundary_strength": 1.575338954462034
    },
    "MAC": {
      "mac_score": 0.5677271882275428,
      "correlation": 0.5677271882275428,
      "p_value": 0.0,
      "n_pairs": 4950
    },
    "RIC": {
      "treatment": 0.5643505674699212,
      "mi_treatment": 1.1068276487287254,
      "h_treatment": 1.9612413044028907,
      "mediator": 0.4096435820181614,
      "mi_mediator": 0.8592823364467068,
      "h_mediator": 2.097634065489094,
      "outcome": 0.2790591001539458,
      "mi_outcome": 0.5799995075095379,
      "h_outcome": 2.0784110046903477,
      "ric_score": 0.4176844165473428,
      "ric_components": 3
    },
    "PSR": {
      "psr_score": -0.5685821702034756,
      "interaction_information": -0.23419165956792032,
      "mi_t_y": 0.41188709713516225,
      "h_t": 1.9612413044028907,
      "h_m": 2.097634065489094,
      "h_y": 2.0784110046903477
    },
    "MNI": {
      "mni_score": 1.0,
      "mi_total": 0.044733575045669195,
      "mi_conditional": 0.0,
      "mi_joint": 0.6421765652921674,
      "mi_mediator": 1.2396192483502158
    }
  },
  "summary": {
    "main_scores": {
      "CIP": 1.0,
      "CSI": 0.25,
      "MBRI": 0.6117015982430587,
      "MAC": 0.5677271882275428,
      "RIC": 0.4176844165473428,
      "PSR": -0.5685821702034756,
      "MNI": 1.0
    },
    "overall_score": 0.46836157611635265,
    "representation_quality": {
      "z_T": {
        "mean_norm": 4.8592610359191895,
        "std_norm": 2.8053605556488037,
        "mean_activation": 0.0038646243046969175,
        "std_activation": 0.7013548612594604
      },
      "z_M": {
        "mean_norm": 21.502042770385742,
        "std_norm": 29.815845489501953,
        "mean_activation": -0.23909500241279602,
        "std_activation": 4.588818073272705
      },
      "z_Y": {
        "mean_norm": 4.62936544418335,
        "std_norm": 6.6238017082214355,
        "mean_activation": 0.2013782113790512,
        "std_activation": 0.9898734092712402
      }
    }
  },
  "representation_shapes": {
    "z_T": [
      100,
      64
    ],
    "z_M": [
      100,
      64
    ],
    "z_Y": [
      100,
      64
    ],
    "T": [
      100
    ],
    "M": [
      100
    ],
    "Y_star": [
      100
    ],
    "a_M": [
      100
    ],
    "a_Y": [
      100
    ],
    "b_style": [
      100
    ],
    "subject_id": [
      100
    ],
    "scenario": [
      100
    ]
  },
  "n_samples": 100
}