{
  "train_metrics": {
    "train_total_loss": [
      -152757523.82156384,
      -268877082211.584,
      -36695786077552.64
    ],
    "train_mac": [
      -0.6530976371765137,
      -0.5893165485858918,
      -0.5771198538541794
    ],
    "train_align": [
      2.770532944202423,
      3.024730060577393,
      3.1370717868804934
    ],
    "train_ci": [
      -45622489.42156838,
      -80302698370.304,
      -10959545621020.672
    ]
  },
  "val_metrics": {
    "val_total_loss": [
      -478566775.375,
      -557428569856.0,
      -49150185394176.0
    ],
    "val_mac": [
      0.6244547847316392,
      0.6086514373003031,
      0.5841029732057587
    ],
    "val_align": [
      2.742591969668865,
      3.4162780418992043,
      3.1521826945245266
    ],
    "val_ci": [
      -478566775.625,
      -557428569856.0,
      -49150185394176.0
    ],
    "val_cip": [
      1.0,
      1.0,
      1.0
    ],
    "val_csi": [
      1.0,
      1.0,
      1.0
    ],
    "val_csi_structure_preference_rf": [
      -0.18031036285218263,
      -0.15646491240846544,
      -0.14538106246660631
    ],
    "val_csi_r2_mediated_rf": [
      0.06772839806444303,
      0.12103219307140978,
      0.08634694236062189
    ],
    "val_csi_r2_direct_rf": [
      0.24803876091662566,
      0.2774971054798752,
      0.23172800482722822
    ],
    "val_csi_r2_m_only_rf": [
      0.9975115929367872,
      0.999628182618832,
      0.9996596860999564
    ],
    "val_csi_r2_perm_rf": [
      -0.039072403315934805,
      -0.1627385578981336,
      -0.1869366186361219
    ],
    "val_csi_csi_score_linear": [
      1.0,
      1.0,
      1.0
    ],
    "val_csi_structure_preference_linear": [
      -0.0012133320172627582,
      0.0003233154614766809,
      -8.633732795715332e-05
    ],
    "val_csi_r2_mediated_linear": [
      0.35563228527704877,
      0.34153542915980023,
      0.37085769573847455
    ],
    "val_csi_r2_direct_linear": [
      0.3568456172943115,
      0.34121211369832355,
      0.3709440330664317
    ],
    "val_csi_r2_m_only_linear": [
      0.9962058464686075,
      0.9992781082789103,
      0.9993269046147665
    ],
    "val_csi_r2_perm_linear": [
      0.300637349486351,
      0.3044012114405632,
      0.34235614372624296
    ],
    "val_mbri": [
      0.800090073898339,
      0.8029871305242878,
      0.7914943819367635
    ],
    "val_ric_score": [
      0.4428859936476775,
      0.4318872652699309,
      0.4212442886142342
    ],
    "val_ric_treatment": [
      0.5963772339862548,
      0.5897926151781271,
      0.5945215702965154
    ],
    "val_ric_mediator": [
      0.4018921839009156,
      0.39611529327926975,
      0.36330807620222777
    ],
    "val_ric_outcome": [
      0.3303885630558622,
      0.3097538873523959,
      0.3059032193439592
    ],
    "val_ric_components": [
      3,
      3,
      3
    ],
    "val_psr": [
      0.0010317976293507058,
      0.0010317976293507058,
      0.0010317976293507058
    ],
    "val_psr_interaction": [
      0.0003701978443775289,
      0.0003701978443775289,
      0.0003701978443775289
    ],
    "val_mni": [
      1.0,
      1.0,
      1.0
    ],
    "val_mni_conditional": [
      0.0,
      0.0,
      0.0
    ],
    "val_y_gate_mean": [
      0.48573389649391174,
      0.4837908446788788,
      0.4892214238643646
    ],
    "val_y_gate_std": [
      0.21816955506801605,
      0.2802008092403412,
      0.2838347554206848
    ],
    "val_struct_score": [
      0.6954946642724295,
      0.6920796615319819,
      0.6854104916265867
    ]
  },
  "best_metric": -49150185394176.0,
  "total_steps": 750,
  "total_epochs": 3
}